metric,description,group,n,mean,sd,median,q1,q3,min,max
emg_slope_median_all,"EMG indeksi: kanal medyanı, 30-40 Hz log-log eğim (tüm 128 kanal)",sg,45,-1.9462374430050047,0.9276225734266649,-1.8842554420793816,-2.366166597053942,-1.379363827370732,-5.2715702107086475,0.21780636743044202
emg_slope_median_all,"EMG indeksi: kanal medyanı, 30-40 Hz log-log eğim (tüm 128 kanal)",sg2,24,-2.433549055662802,1.0806827649370023,-2.558499924013358,-3.042622256766373,-1.7093784528137137,-5.193128949486628,-0.6588999562684522
emg_slope_median_all,"EMG indeksi: kanal medyanı, 30-40 Hz log-log eğim (tüm 128 kanal)",cg,66,-2.0756739939977797,0.9426899267559353,-2.042720494159947,-2.521656260410197,-1.4050096300566741,-6.022040197032031,-0.2504387959351755
emg_ratio_median_all,"EMG oranı: kanal medyanı, güç 30-40 / 1-40 Hz (tüm kanallar)",sg,45,0.022208055760777126,0.011811248895057217,0.02023207560173175,0.012683185457192537,0.027306133261692123,0.005214331829249405,0.04981415971581797
emg_ratio_median_all,"EMG oranı: kanal medyanı, güç 30-40 / 1-40 Hz (tüm kanallar)",sg2,24,0.022111761503334954,0.010828994223408517,0.02038615313765388,0.013234000291301356,0.030809053888349355,0.008341712220829568,0.04792824853799342
emg_ratio_median_all,"EMG oranı: kanal medyanı, güç 30-40 / 1-40 Hz (tüm kanallar)",cg,66,0.019055653109792608,0.011347478293638235,0.015686297474202124,0.011749252490183014,0.022588550657339605,0.003462974573449899,0.06386273981271806
n_excluded,Dışlanan kanal sayısı (toplam),sg,45,4.5777777777777775,4.4542568449073565,3.0,1.0,7.0,0.0,16.0
n_excluded,Dışlanan kanal sayısı (toplam),sg2,24,10.416666666666666,20.34040029247141,3.5,1.0,8.0,0.0,88.0
n_excluded,Dışlanan kanal sayısı (toplam),cg,66,4.333333333333333,4.452599356066187,3.0,1.0,6.0,0.0,21.0
n_excl_r2,"FOOOF R² < 0,9 nedeniyle",sg,45,2.311111111111111,3.9761917722993454,0.0,0.0,3.0,0.0,14.0
n_excl_r2,"FOOOF R² < 0,9 nedeniyle",sg2,24,7.708333333333333,20.72905787969415,0.0,0.0,4.25,0.0,88.0
n_excl_r2,"FOOOF R² < 0,9 nedeniyle",cg,66,1.8484848484848484,3.9777938386552694,0.0,0.0,1.0,0.0,19.0
n_excl_emg,EMG robust z > 3 nedeniyle,sg,45,2.488888888888889,2.801154163280673,2.0,0.0,3.0,0.0,13.0
n_excl_emg,EMG robust z > 3 nedeniyle,sg2,24,2.9166666666666665,4.241786607455449,1.0,0.0,4.0,0.0,16.0
n_excl_emg,EMG robust z > 3 nedeniyle,cg,66,2.590909090909091,3.142645983279659,1.0,0.0,4.0,0.0,13.0
r2_median_all_ch,FOOOF R² (birincil): kanal medyanı,sg,45,0.9874118566628001,0.005216438967543709,0.9887968358896966,0.9867280766990074,0.9902249707228752,0.9710267894853948,0.993496452288481
r2_median_all_ch,FOOOF R² (birincil): kanal medyanı,sg2,24,0.9755752924402882,0.02881115238583158,0.9854975119321866,0.9827079878652192,0.9896861066680427,0.8729548574395107,0.9948502321721119
r2_median_all_ch,FOOOF R² (birincil): kanal medyanı,cg,66,0.987817550173855,0.006662639701021465,0.9896678014616243,0.9858367505837508,0.9919501656793177,0.9543281627630528,0.9955573504913318
r2_roi_posterior,FOOOF R² (birincil): posterior ROI,sg,45,0.9886287140731878,0.007168638131383685,0.9910059712709228,0.9875615685036794,0.9935016727552899,0.9631226610044036,0.995721885788722
r2_roi_posterior,FOOOF R² (birincil): posterior ROI,sg2,24,0.9823797218939497,0.01117802504529627,0.9831210506535042,0.9762581945551623,0.991552857358133,0.9559597704965225,0.9963022595985624
r2_roi_posterior,FOOOF R² (birincil): posterior ROI,cg,66,0.9871762411452851,0.009873727556736675,0.9899529854482976,0.984435241382261,0.9936551129097861,0.9490616232610264,0.9969278411531772
r2_roi_global,FOOOF R² (birincil): global ROI,sg,45,0.9894082667915166,0.00963390200625021,0.9922228330222318,0.9886268933671126,0.9951063972666014,0.9512437767941079,0.9976136663059352
r2_roi_global,FOOOF R² (birincil): global ROI,sg2,24,0.9790505259727741,0.019898670545471436,0.9870941519255808,0.9692694144056522,0.9918253189922049,0.9057799085440643,0.9959157053035524
r2_roi_global,FOOOF R² (birincil): global ROI,cg,66,0.9880944418533236,0.01160149160485643,0.9921129215882769,0.9875590896222101,0.9947497489237244,0.9376895424340967,0.9977270733155719
ta_slope_global,"Teta/alfa eğimi (log10 oran / dk), global",sg,45,0.01770622147729948,0.032104771298016324,0.01374439515439964,-0.005718617792753345,0.036792636511306306,-0.04745661664741923,0.1127083188179004
ta_slope_global,"Teta/alfa eğimi (log10 oran / dk), global",sg2,24,0.025793275084282807,0.04135644202610979,0.020367794703350026,0.007991961701117163,0.02926679562589788,-0.05378736435977227,0.15932975401160582
ta_slope_global,"Teta/alfa eğimi (log10 oran / dk), global",cg,66,0.037479331226562544,0.04369115324987553,0.026199440352076688,0.005233939806748997,0.05856581827352721,-0.020358974835155905,0.19764466374822623
ta_slope_posterior,"Teta/alfa eğimi (log10 oran / dk), posterior",sg,45,0.018373801773583765,0.03562284157339763,0.009338176631079297,-0.006987989325093951,0.024398996890815237,-0.03595241053775639,0.1254290851224321
ta_slope_posterior,"Teta/alfa eğimi (log10 oran / dk), posterior",sg2,24,0.028424194160996886,0.04996040980566825,0.017421817794392516,0.01006219031869371,0.03217010841998715,-0.08034981830755976,0.1875007875479168
ta_slope_posterior,"Teta/alfa eğimi (log10 oran / dk), posterior",cg,66,0.04250952739866741,0.05054268607175256,0.02947680051833717,0.006796225901976605,0.0704618055229761,-0.02060835196944283,0.23098087744854717
