subject,group,block_marker_s,block_avail_s,seg_start_s,seg_end_s,n_ta_windows,n_excluded,n_excl_r2,n_excl_emg,n_excl_both,emg_slope_median_all,emg_slope_median_kept,emg_ratio_median_all,r2_median_all_ch,r2_min_ch,n_fit_failed_ch,r2_roi_posterior,r2_roi_global,n_ch_used_posterior,ta_slope_global,ta_slope_posterior,ta_slope_frontal,ta_slope_central
sub-1005sg,sg,254.61,480.7,259.62,724.62,15,8,6,2,0,-1.2132671899592133,-1.2279434400278029,0.04981415971581797,0.9883774468427473,0.41223075895229017,0,0.9821079174784072,0.9929925210939481,9,-0.016779724935460868,-0.02379906504324277,-0.024990960441941153,0.003125972537013104
sub-1017sg,sg,252.49,480.5,257.49,722.49,15,16,14,4,2,0.21780636743044202,0.04334288121595674,0.04679454141198651,0.9900941931365141,0.5050785923101521,0,0.9942443873639724,0.9952743619837148,9,-0.006326032484025195,-0.010784160524217778,-0.003433289698222375,-0.015225344937878506
sub-1018sg,sg,250.72,480.8,255.72,720.72,15,16,3,13,0,-1.087335955717843,-1.150230563292918,0.013074713775039545,0.9898822786579009,0.8583010383786761,0,0.9941809851997643,0.9918215919481792,9,0.056647346177790735,0.01776749170727837,0.043307272489096396,0.025439982685202412
sub-1027sg,sg,250.54,480.7,255.54,720.54,15,0,0,0,0,-2.9770996617012777,-2.9770996617012777,0.009794746182590746,0.9887895583172062,0.9477965485310099,0,0.9748733642081872,0.9940572296551539,9,-0.005718617792753345,-0.006987989325093951,0.0018848022020604353,-0.005660962900534082
sub-1028sg,sg,259.25,480.6,264.24,729.24,15,5,0,5,0,-1.7365447203836628,-1.7643985628283738,0.02636744573868887,0.991371271158989,0.9602770194230248,0,0.991977654892559,0.9940074603644966,7,0.05440962470542158,0.089274940277033,0.042680388208264725,0.06142288863720828
sub-1029sg,sg,256.49,481.0,261.48,726.48,15,6,0,6,0,-1.9985290114876078,-2.0217949200714225,0.012683185457192537,0.9880964963884453,0.9354071808055078,0,0.9859056380878138,0.9877772747619187,9,-0.0008180625454228831,-0.0007889136102803117,-0.004778664682601042,0.008694052882218334
sub-1030sg,sg,250.29,480.7,255.29,720.29,15,12,12,0,0,0.0033325102532722186,-0.0578122072241057,0.043449189152869216,0.9710267894853948,0.7065676479493991,0,0.9849622874776376,0.9667855038830386,9,0.049885667242991,0.05957328873599319,0.0434130685035978,0.043072668628511
sub-1031sg,sg,248.88,480.5,253.88,718.88,15,3,0,3,0,-1.1993341184230464,-1.221195447261427,0.022581000992438253,0.992816278144329,0.9575438864912429,0,0.9952565621851992,0.9973654720108179,9,0.016094643671461142,0.019348745787430004,0.015173320757957976,0.010829316304757277
sub-1032sg,sg,250.17,480.7,255.16,720.16,15,10,1,10,1,-1.948779574259229,-1.9811519145204295,0.012338975842223564,0.9932660997509863,0.8972521643006133,0,0.9946947071826477,0.9960896586139014,9,0.1127083188179004,0.1254290851224321,0.1311716936995824,0.10420955148023545
sub-1033sg,sg,262.04,481.0,267.04,732.04,15,1,1,0,0,-1.3635052577329154,-1.3699331676705735,0.007251374501994261,0.9791075622120069,0.8871003304211166,0,0.9907542849797253,0.9909408608254312,9,0.036792636511306306,0.02120605108677051,0.02269582765073626,0.019014214678150423
sub-1035sg,sg,254.38,480.5,259.38,724.38,15,2,0,2,0,-2.2810434563537685,-2.303007244332561,0.038610705381152154,0.9881306353324677,0.9440074637158818,0,0.9933917233884504,0.9941933644849783,9,0.07940353173621686,0.09048981815611011,0.06033491690281395,0.0576440553226182
sub-1037sg,sg,250.3,480.5,255.3,720.3,15,2,0,2,0,-1.4430246157455484,-1.4900172520273731,0.02664706693863892,0.9882065757083174,0.9135602849608626,0,0.9923669189784351,0.9899486374398574,9,-0.02640468702395856,-0.02213989177000827,-0.029614816715731032,-0.01830915443175864
sub-1038sg,sg,248.64,480.5,253.64,718.64,15,2,0,2,0,-2.7870410053117363,-2.792640049572218,0.00814551485930142,0.9890555409734623,0.9503929033381117,0,0.9935016727552899,0.9916191033003818,9,0.01374439515439964,0.022219863632268744,0.021907713060036218,0.0083539868019311
sub-1039sg,sg,248.76,480.5,253.76,718.76,15,5,0,5,0,-1.8683801596613274,-1.8993336955009152,0.012492882602393167,0.9887968358896966,0.9721860796624165,0,0.9913931242143758,0.9931811485679994,9,0.011196698771315596,0.00409977984127895,0.021446292820092406,0.012523859062551526
sub-1040sg,sg,253.82,481.1,258.82,723.82,15,0,0,0,0,-2.654533655880627,-2.654533655880627,0.01692026049210892,0.9838935595072473,0.9476679821046604,0,0.9725141633015836,0.9889299889376996,9,0.0032575209346607376,0.0021367693091149075,0.0026361996008804358,0.011694794398325733
sub-1041sg,sg,262.07,480.8,267.06,732.06,15,0,0,0,0,-1.7861385448433835,-1.7861385448433835,0.013509149127642346,0.9817992039642975,0.9335096200691317,0,0.9883186731827617,0.9512437767941079,9,0.010964227140359235,0.004379306065647991,0.01885417008101154,0.012462274022003646
sub-1042sg,sg,249.98,480.5,254.98,719.98,15,0,0,0,0,-2.3166899889567056,-2.3166899889567056,0.016567039185608378,0.9898362188883518,0.9608557786459659,0,0.9909068567204219,0.9910567149838788,9,0.00040100461821282273,0.0012898236156524277,-0.00740097561360776,0.009782176045369769
sub-1043sg,sg,258.0,480.9,263.0,728.0,15,5,5,0,0,-0.5053957949815295,-0.5450705018787935,0.03457060009734272,0.990590422420386,0.7178942125396599,0,0.993753434909312,0.9951063972666014,9,0.06151086338160043,0.07940861761051361,0.059280674618406554,0.09834948881654446
sub-1044sg,sg,248.84,480.7,253.84,718.84,15,3,0,3,0,-2.1309377794528253,-2.167035699299713,0.014046194305230231,0.9909117733872853,0.9374351137621503,0,0.9947607866994043,0.9922228330222318,9,-0.00653390913479588,-0.010838424419913147,0.0021097439400865853,-0.004044185980844905
sub-1045sg,sg,254.24,480.7,259.24,724.24,15,2,0,2,0,-2.9405837580690406,-2.9463200162479675,0.01841909380775619,0.9878048324699422,0.9429199107833449,0,0.9912497978938976,0.9932792252381129,9,-0.015118613491577714,-0.018891169132675877,-0.003407044800054719,-0.01506395824895926
sub-1046sg,sg,255.73,480.9,260.73,725.73,15,3,0,3,0,-1.8131065204774266,-1.8257507191088622,0.01728534192412539,0.993496452288481,0.9212234843896706,0,0.9897621820591558,0.9972841464348019,9,0.07219723997971846,0.06070647454552915,0.07114521651542657,0.10366345492055623
sub-1047sg,sg,253.35,480.7,258.34,723.34,15,14,13,3,2,-1.3831718194377176,-1.4534266533330928,0.042250303496049614,0.9863010389259916,0.5182089370853136,0,0.9794659207159009,0.9922696227613015,8,0.014397733828863625,0.024398996890815237,0.008378338329961356,0.004099541182171925
sub-1048sg,sg,251.0,480.8,256.0,721.0,15,10,4,8,2,-0.9665895359311891,-0.9687072014488465,0.020683682384573184,0.971402006787355,0.8013951855860948,0,0.9631226610044036,0.9670809017403885,7,-0.04745661664741923,-0.03595241053775639,-0.029992573456304353,-0.038362712083849046
sub-1050sg,sg,250.63,480.8,255.62,720.62,15,0,0,0,0,-1.720837099202086,-1.720837099202086,0.012070751103784121,0.9902249707228752,0.9510202950592676,0,0.9890949346267187,0.9934693856517436,9,-0.013643077903852089,-0.0032362656027324875,-0.023117021705089055,-0.023311208994174156
sub-1051sg,sg,250.71,480.8,255.71,720.71,15,4,2,2,0,-1.379363827370732,-1.439225997807768,0.022696798586131446,0.9837982870359014,0.892199838409524,0,0.9700362245114443,0.9919585120286206,9,0.019467166535682333,0.021722554605613724,0.029900978130933235,0.021851355288981276
sub-1053sg,sg,251.37,480.5,256.38,721.38,15,2,0,2,0,-2.366166597053942,-2.4084456015995626,0.009770390363546835,0.9883688191030613,0.9707437632011443,0,0.9875615685036794,0.985814378472594,9,-0.004732639298243999,-0.008372927531215865,-0.009256526172802133,0.007671853088354334
sub-1054sg,sg,252.19,480.5,257.19,722.19,15,4,0,4,0,-2.1388391765444057,-2.161039224770378,0.016031001425641407,0.9866644548237506,0.9257987609739312,0,0.99125106065823,0.9879588345828119,9,-0.010392523359563154,-0.01574659288623969,-0.0029614113198696886,-0.01707625977861658
sub-1056sg,sg,251.94,480.5,256.94,721.94,15,8,8,0,0,-5.2715702107086475,-5.374149803806759,0.04210375015346769,0.9731888185148503,0.5572330134163801,0,0.9803495471397465,0.967292176655294,9,0.05395382648617326,0.06245770337692908,0.034248322943869626,0.06756858396038787
sub-1057sg,sg,262.91,480.9,267.91,732.91,15,8,1,7,0,-1.3420244740323013,-1.383455538622152,0.020609564524320126,0.9893460096719449,0.8933981631795522,0,0.9927682821745747,0.9957193567679362,9,0.04353958553881268,0.05497227429917558,0.06480615195233072,0.03226673655103524
sub-1058sg,sg,255.88,480.7,260.88,725.88,15,7,7,2,2,-2.0033077081045993,-2.018384342646547,0.037557760445930566,0.9903529945159205,0.21084001373480257,0,0.9855474678314223,0.9833447034325751,7,-0.0004054751296364365,0.005943093365017674,0.0033254417334650246,-0.005965639373168147
sub-1059sg,sg,252.06,480.9,257.06,722.06,15,1,0,1,0,-1.7876367142625045,-1.7903187747827165,0.014036148526503336,0.9932546294660947,0.9050812903194558,0,0.9945895986454514,0.9964946945430279,9,-0.021915348557366446,-0.015437227647372456,-0.0281647597185742,-0.021699626643999655
sub-1061sg,sg,248.78,480.5,253.77,718.77,15,0,0,0,0,-2.1839295013989855,-2.1839295013989855,0.005214331829249405,0.9897011993341531,0.9587522879591072,0,0.995721885788722,0.9871142025416275,9,0.016804624678977507,0.020291152117544252,0.022892634048707103,-0.003506445256356321
sub-1063sg,sg,249.9,480.2,254.91,719.91,15,3,0,3,0,-1.5954187022356483,-1.633816027841983,0.02023207560173175,0.9899509389285674,0.9638208097146392,0,0.9902689201147591,0.9953903942906089,9,0.0018615168482648031,0.003525794026981973,0.002593899747859886,-0.002045670426830571
sub-1064sg,sg,251.0,480.7,256.0,721.0,15,1,1,0,0,-1.3721573335530184,-1.3704168035984916,0.027985838908497408,0.9870815633464997,0.7426622690494014,0,0.9901532067819677,0.9892036150645407,9,0.01920876914042329,0.01228251600999364,0.02133379990531791,0.017228835901934483
sub-1065sg,sg,251.2,480.5,256.2,721.2,15,1,0,1,0,-2.8653083805941666,-2.8676623540044597,0.01166067932438211,0.9898114508310638,0.9632561858968597,0,0.9915836023227205,0.9913196824579047,9,0.02495777274321346,0.02889996402649734,0.04603322736134166,0.025669727990428385
sub-1066sg,sg,254.12,480.5,259.12,724.12,15,8,7,2,1,-2.0372956170213348,-2.0996534522961126,0.04406358979099169,0.9867280766990074,0.6340085102979445,0,0.9919546488358444,0.9886268933671126,9,0.017739735795524906,0.019545932085473016,0.017909606632178863,0.013215732726657086
sub-1067sg,sg,248.86,480.5,253.86,718.86,15,7,7,0,0,-1.3438299503751392,-1.6786214559107868,0.027306133261692123,0.9891917080254786,0.7450021629634248,0,0.9931669907523606,0.9976136663059352,9,-0.013982038261547898,-0.01171924120956184,-0.004148422086637695,-0.02188745237356687
sub-1068sg,sg,248.6,480.5,253.59,718.59,15,0,0,0,0,-2.843107640463675,-2.843107640463675,0.02403827393569788,0.9883974348367055,0.9391623650254939,0,0.9819932191289433,0.9944083576768912,9,0.071326227818737,0.08519473886816316,0.06126531411932491,0.04604838999286261
sub-1069sg,sg,259.05,480.6,264.05,729.05,15,3,0,3,0,-2.925631121671965,-2.9454328591668486,0.020339821656583573,0.990379721010828,0.9579319884554163,0,0.9910059712709228,0.9961573707630491,9,0.018368821883134084,0.009338176631079297,0.02122718763762387,0.027340021297353228
sub-1070sg,sg,249.85,480.5,254.85,719.85,15,13,11,2,0,-1.479401020263247,-1.619138476209674,0.02498264832637783,0.9894959510618915,0.8097504763058384,0,0.9938429809546481,0.9960285088953489,9,0.006503690156985828,0.0017740084179640586,0.01056606479137654,0.007350414031436774
sub-1071sg,sg,251.53,481.1,256.53,721.53,15,3,0,3,0,-1.8985781324755189,-1.9057164730138565,0.030941571848244604,0.9880335048537282,0.9022148200125129,0,0.9891962123460053,0.993793650933877,9,-0.006872409539636808,-0.012964738692852643,-0.009219349281016694,-0.006222342113417726
sub-1072sg,sg,268.83,481.0,273.83,738.83,15,1,0,1,0,-2.4525343854150092,-2.459526445828247,0.022196611376373125,0.9795885121780017,0.9317215492055514,0,0.9884241748971359,0.972431451755279,9,0.04693744201152471,0.0468957076792533,0.05889794304083857,0.045171562948257214
sub-1073sg,sg,248.2,480.9,253.2,718.2,15,3,0,3,0,-1.8842554420793816,-1.9360290971519054,0.01155256554470409,0.9903506619087781,0.9710013056753022,0,0.9938715678671831,0.9956837762940384,9,0.0068969233786538514,-0.0056759791506739345,0.013497479124602592,0.01650741608608374
sub-1074sg,sg,249.04,480.7,254.04,719.04,15,1,1,0,0,-2.740603852332992,-2.747732708979205,0.018350246596802965,0.9857195818438391,0.8657250443058979,0,0.9888072379398972,0.9873446001657767,9,0.030363815524868828,0.02156704120811562,0.014815846805613498,0.023423775116803484
sub-1075sg,sg,256.54,480.8,261.54,726.54,15,3,0,3,0,-3.768994800982005,-3.7839396397238487,0.011324788731552501,0.9908511904752626,0.966791593024302,0,0.9936371253217727,0.9916759968587193,9,0.022338371370542082,0.01401636779343682,0.03358021722596223,0.010975468558574425
sub-1076sg2,sg2,251.32,481.0,256.32,721.32,15,0,0,0,0,-1.8492874796767573,-1.8492874796767573,0.012424308045148259,0.9856003187498223,0.953661136984217,0,0.9821286626739488,0.9903159885384102,9,-0.002211007487022566,-0.008174397029511948,0.00810000914920442,-0.00584641789303809
sub-1077sg2,sg2,251.99,481.0,256.99,721.99,15,0,0,0,0,-0.6588999562684522,-0.6588999562684522,0.014796929656512428,0.9898930976301583,0.9441773284946824,0,0.9947840284923466,0.9912873673772924,9,0.005544690412928464,0.010298709097273148,0.020410950416889385,-0.0021186869863742833
sub-1078sg2,sg2,249.62,480.9,254.62,719.62,15,0,0,0,0,-1.400233369836339,-1.400233369836339,0.008816473616969427,0.9834943917658092,0.9580233746357583,0,0.982968014024821,0.9860256023755564,9,0.027838405255929285,0.040274318260373254,0.026508893498754755,0.010927933057129705
sub-1079sg2,sg2,249.52,480.9,254.52,719.52,15,5,5,2,2,-1.7773601864020987,-1.809799919106076,0.030698084037739222,0.9803487761634488,0.7277796504568574,0,0.9659892883816227,0.9766357949053709,7,0.026015700218767514,0.02602259613187361,0.023162451397454785,0.03344292227506062
sub-1081sg2,sg2,252.2,481.0,257.2,722.2,15,1,0,1,0,-1.91879075939084,-1.9200112841460761,0.02170402463484306,0.9948502321721119,0.9763973487218877,0,0.9963022595985624,0.9942792054135268,9,0.010738377407944736,0.02007952547144661,0.01159275788500933,0.016532741474112916
sub-1083sg2,sg2,249.73,480.9,254.73,719.73,15,18,4,16,2,-4.019070937117955,-4.143051306182944,0.013822959376623072,0.9491694685690679,0.6898859640814327,0,0.96903157991838,0.9669024162196158,6,0.033551966735803664,0.04990030396960693,0.01815068177230882,0.038008455988672106
sub-1087sg2,sg2,249.08,480.9,254.09,719.09,15,12,0,12,0,-3.032889137794397,-3.1542926568999716,0.013503897706685721,0.988383880304876,0.9661983139623782,0,0.9815588709154329,0.9589547428780059,9,0.008807718797180062,1.5289121230558377e-05,0.002019031280857876,0.01885555949222769
sub-1096sg2,sg2,250.94,481.0,255.94,720.94,15,19,14,5,0,-3.787045525023248,-3.9223209084469843,0.017546697594685336,0.9475023815678494,0.803458429217935,0,0.9559597704965225,0.9598962957732204,9,0.023256251758040015,0.014201900080560737,0.04813486659819432,0.018194344632919284
sub-1097sg2,sg2,252.5,481.0,257.5,722.5,15,3,0,3,0,-3.348944866419073,-3.3603477782199644,0.009434809377191935,0.9897234000411319,0.9495688966969809,0,0.9932775867077789,0.9928131879670664,9,0.018527084863647125,0.01683757724052778,0.022768016866899055,0.024753980752626692
sub-1099sg2,sg2,249.9,481.0,254.9,719.9,15,8,0,8,0,-3.0718216136823004,-3.1833052979875704,0.030149112220430596,0.9842003726727134,0.9506531778166988,0,0.9655509149957334,0.9907343568247623,9,0.01712376345886691,0.012921649619090609,0.03193120667717264,0.011406984271996469
sub-1100sg2,sg2,250.03,481.0,255.03,720.03,15,1,0,1,0,-2.6275178932163286,-2.645443391766486,0.013504865632215651,0.9933791678010566,0.9555869954550231,0,0.9940559453830189,0.9838599782485036,9,0.02053515145168521,0.018006058348257255,0.030250049614958564,0.0347968794033717
sub-1103sg2,sg2,250.97,481.0,255.97,720.97,15,5,2,4,1,-1.8952826981618567,-1.9145376658804816,0.037534847294608015,0.9891057048741119,0.8652167157259721,0,0.9881216745822186,0.9917300276704482,9,0.023853376450556258,0.01419084332983827,0.01778174859381657,0.023941789053525113
sub-1104sg2,sg2,251.82,481.0,256.82,721.82,15,4,0,4,0,-2.4894819548103877,-2.497869083002654,0.011325733959256661,0.9912425494126424,0.9697201367886784,0,0.9925242646650767,0.9859437340049888,9,-0.014630229415302839,-0.009412443967677821,-0.01532297366130933,-0.026621556676703483
sub-1105sg2,sg2,269.58,480.9,274.59,739.59,15,88,88,0,0,-3.2125324209582207,-2.960902304380986,0.032262867998401154,0.8729548574395107,0.7746938353845394,0,0.9799222407244782,0.9057799085440643,6,0.020200437955014836,0.029468705139858452,0.011365964222568857,0.020059518575565427
sub-1106sg2,sg2,281.54,480.8,286.54,751.54,15,1,1,0,0,-1.1448699155487612,-1.1938460235134065,0.019068281640464698,0.9852557532206345,0.8992339987795598,0,0.9693004400819963,0.9881627014756053,9,0.03390513202410381,0.026475993092386064,0.04908865135962748,0.032508852185332164
sub-1107sg2,sg2,269.66,480.8,274.66,739.66,15,1,1,0,0,-0.9941447912974375,-0.9994253052355162,0.03540606940002683,0.985309364235684,0.8576065028131756,0,0.9927054368943108,0.9923019712354255,9,0.06658884402920104,0.08717738029419587,0.05939766124145644,0.05846248262995806
sub-1108sg2,sg2,252.61,496.3,257.61,722.61,15,3,0,3,0,-2.7387762203015242,-2.7437651717508817,0.008341712220829568,0.9847429120539677,0.9486124776192308,0,0.9689154220406606,0.9779507947376982,9,0.0029212653725174333,-0.0013289575618255843,0.013567265850373586,-0.0041043255157616945
sub-1109sg2,sg2,265.61,480.9,270.61,735.61,15,6,6,0,0,-1.040163825661201,-1.1086192654560096,0.02578664316990707,0.9896736755436796,0.6684988257672191,0,0.9887170507128584,0.9928542462874075,9,0.009543708495698725,0.01431379858692518,0.022378868025255013,0.012560376768808387
sub-1110sg2,sg2,274.38,481.0,279.38,744.38,15,6,6,0,0,-2.263942358787255,-2.304576008322221,0.03235027705576203,0.9648661073974754,0.8584279298664157,0,0.9832159816295655,0.9700584138009977,9,0.0049772399826992445,0.0093526339829554,0.004133702139605989,0.0013327161939183135
sub-1111sg2,sg2,253.56,480.8,258.56,723.56,15,8,0,8,0,-2.8986946414695347,-2.9336316538050506,0.026390833685137657,0.9879627676672742,0.938849943235998,0,0.983026119677443,0.9618153567126592,7,0.03796223324102902,0.052336242434720015,0.03830120097060129,0.0701777461909713
sub-1112sg2,sg2,264.48,480.9,269.48,734.48,15,0,0,0,0,-5.193128949486628,-5.193128949486628,0.025101167666504273,0.9861305184242992,0.9472989986598177,0,0.9906088947297196,0.9921111929574753,9,0.15932975401160582,0.1875007875479168,0.1524048797227622,0.1283850159887933
sub-1113sg2,sg2,249.38,500.5,254.38,719.38,15,1,1,0,0,-2.7134653427406112,-2.7309643499145064,0.031141963440179762,0.9853947051145509,0.8797986751028928,0,0.9912290549224851,0.9894129931482823,9,-0.05378736435977227,-0.08034981830755976,-0.04192392452615505,-0.03616535521552088
sub-1114sg2,sg2,258.14,480.7,263.14,728.14,15,57,57,0,0,-2.823399239807486,-2.969460408152145,0.04792824853799342,0.9129459491936086,0.6426373432844724,0,0.9785774460462177,0.9614706409466401,9,0.020760774651384876,0.027098863520204842,,0.011385037160720046
sub-1115sg2,sg2,254.69,481.0,259.7,724.7,15,3,0,3,0,-1.5054332520485585,-1.5174188793221688,0.011641468111923084,0.9916766665514318,0.9192925228470823,0,0.9886423771595959,0.9959157053035524,9,0.11768532671028102,0.12497310146125894,0.10707575750924352,0.14568144934233832
sub-2001cg,cg,261.85,480.5,266.85,731.85,15,0,0,0,0,-2.180498190351417,-2.180498190351417,0.01222052630092507,0.9768230338488331,0.9157047258510126,0,0.9775067223666836,0.9686190555968761,9,0.009547914128156034,0.010466216164291256,0.010090672863067859,0.002251930979142908
sub-2002cg,cg,251.66,481.0,256.66,721.66,15,9,9,2,2,-2.6519680666676178,-2.767528341532235,0.026657106247812534,0.9751861182739698,0.8332684848835077,0,0.9889001738602685,0.9763822340660593,9,0.022930847171616822,0.017256175201524084,0.030169910782715234,0.022173367625774716
sub-2003cg,cg,252.12,481.0,257.12,722.12,15,4,0,4,0,-1.3645502560447254,-1.3792795031410983,0.014371080029739396,0.9900959157061862,0.925049327935093,0,0.9793085969535591,0.9832439745762673,9,0.043972098019917735,0.045066440918731,0.04405049066476553,0.04096743870200812
sub-2004cg,cg,249.75,480.8,254.75,719.75,15,1,0,1,0,-3.9763886249996725,-3.981080982156632,0.003462974573449899,0.981409760731045,0.9660638444988825,0,0.9835864482963873,0.9866539276159844,9,-0.0007627302861239645,-0.0020529515271859276,0.007963342643244291,0.0011109940343340392
sub-2005cg,cg,251.48,481.0,256.48,721.48,15,1,1,0,0,-1.0795005463233376,-1.0841884881119297,0.00828047411117651,0.9948438703506297,0.8319751948695151,0,0.9956065973155332,0.9867079605921569,9,-0.003906449140565728,0.0524123139961117,0.0021922378355662127,0.057951911439037974
sub-2006cg,cg,249.1,480.8,254.09,719.09,15,4,0,4,0,-3.6164660397914115,-3.689603974385917,0.011795235571489922,0.9815593945374277,0.9349744929468102,0,0.9816219666271677,0.987658773169323,9,0.061533291297732606,0.06526366797437198,0.05986857852953265,0.06900386398890523
sub-2007cg,cg,248.72,480.9,253.73,718.73,15,0,0,0,0,-2.406015452584238,-2.406015452584238,0.02301151706656487,0.9895347550569102,0.948671253325584,0,0.991582772143276,0.992314893494469,9,0.0526313782549317,0.07485833728962162,0.03025534812679716,0.04500907116134369
sub-2008cg,cg,251.4,481.0,256.41,721.41,15,6,0,6,0,-2.2516839559280193,-2.279242861463864,0.0054037884783961175,0.9922172308286357,0.9840113677334053,0,0.9901265395243383,0.9932293735598896,9,0.0523322870654278,0.03674822815800742,0.06974031446939695,0.04051413009796205
sub-2009cg,cg,248.8,480.9,253.8,718.8,15,1,0,1,0,-2.0173815298353865,-2.0581913338793902,0.011733924796414046,0.988048624558874,0.9599534541563192,0,0.9874266072756022,0.9865087761898917,9,-0.005255037794522815,-0.01107097728436905,-0.001403570305025304,-0.012879175135831858
sub-2010cg,cg,251.98,481.0,256.98,721.98,15,6,0,6,0,-3.670539072632562,-3.717028414486194,0.011242357607724386,0.9851190271280585,0.9225650501918397,0,0.9853770086111224,0.9885296814799855,9,0.03646083232895998,0.02887464075559215,0.0589450788466359,0.018387965695592142
sub-2011cg,cg,248.57,480.8,253.57,718.57,15,1,1,0,0,-2.545650775025221,-2.5474005783107083,0.01115188303673827,0.9930878129862455,0.6972914462280363,0,0.9965948528800509,0.9946312332321569,9,0.037955545471894295,0.07878031332557037,-0.023132659815514277,0.1041370757032268
sub-2012cg,cg,249.02,480.8,254.02,719.02,15,5,0,5,0,-1.6700934890960761,-1.7119151646601583,0.02280914864092759,0.9895896613001072,0.9509618598051089,0,0.9666917444843054,0.9884347348873657,9,0.009935275341793167,0.009299166265974337,0.0052641262125808505,0.02046534217261587
sub-2014cg,cg,251.73,481.0,256.73,721.73,15,13,0,13,0,-1.4357844819304848,-1.5375688580076488,0.013951285928800109,0.9846183174691547,0.9332828662508389,0,0.9904764437588854,0.9667998846756495,9,-0.004809703568299644,-0.01968424472634735,0.004529014506230474,-0.008773699778855108
sub-2015cg,cg,248.58,480.8,253.58,718.58,15,8,5,4,1,-2.0708148143250007,-2.1390613110713703,0.02251685115936792,0.9844167321947687,0.4255027198998951,0,0.9820317971677233,0.9909203275470101,9,0.09804359747040839,0.1144272164911698,0.074705279035486,0.08076575645853631
sub-2016cg,cg,252.82,481.0,257.82,722.82,15,0,0,0,0,-2.9343760740583376,-2.9343760740583376,0.014057016938930635,0.9901003594470947,0.9071373815896199,0,0.99302403128144,0.9929814175408163,9,0.018327357236203764,0.0061921483984807065,0.021544487701204793,0.020445705226160644
sub-2017cg,cg,249.0,481.0,254.0,719.0,15,4,0,4,0,-2.418301700241439,-2.4287749159141336,0.013341068402795187,0.993505284978767,0.9808335239621642,0,0.9912691582581262,0.9962566622529028,9,-0.004415236036893141,0.021476073339722953,0.003944391607720119,-0.02088465509493742
sub-2018cg,cg,254.85,481.0,259.85,724.85,15,5,0,5,0,-2.267897589587329,-2.2864629023208822,0.0222659392684117,0.990249389344934,0.9249704459094629,0,0.9903902597081786,0.9906680504393925,9,-0.014228281990214846,-0.016978684628134625,-0.02029979215531156,-0.016015894323963033
sub-2019cg,cg,248.79,474.2,253.8,718.8,15,9,4,7,2,-1.0338310989309747,-1.0942860232837002,0.022612450489996834,0.9917557935657164,0.8283035622550898,0,0.9906373563371296,0.9960624323242083,9,0.022252349971988543,0.021422681555703916,0.03555146266315267,0.012622580864473883
sub-2020cg,cg,263.4,480.5,268.4,733.4,15,2,0,2,0,-1.9772050085536121,-1.9886790268122025,0.01344586670105698,0.9930123054456704,0.9834976619072637,0,0.9957906867205785,0.9909454025665524,9,0.022969605782695985,0.01953857528880939,0.020708164025157336,0.03237941424037119
sub-2021cg,cg,254.27,498.0,259.27,724.27,15,1,1,0,0,-2.152463847640952,-2.1758338916996074,0.026717817834620138,0.9870774914533021,0.8522166453495169,0,0.9904664756782731,0.9939633885467131,9,0.11860273127878491,0.1475360960251087,0.07480941499497037,0.0892626046946783
sub-2022cg,cg,252.02,481.0,257.02,722.02,15,2,2,0,0,-1.6777489228739015,-1.6991840768219686,0.01716237804329051,0.9955573504913318,0.8967409883362809,0,0.9925029027036005,0.9973965704056068,8,0.024311151441267873,0.0426655485986475,0.00974993674484293,0.023858660665479228
sub-2023cg,cg,256.81,498.4,261.81,726.81,15,1,1,0,0,-1.8299699798351385,-1.8473641506926328,0.01832948115537346,0.9859792696638296,0.8966373218120823,0,0.98476117480714,0.9903123437731182,9,0.13679217914256855,0.14727229912341208,0.15208825920634345,0.11231218428622833
sub-2026cg,cg,276.12,480.5,281.12,746.12,15,10,0,10,0,-3.4333187766460505,-3.465218190546994,0.017908744052940538,0.983913671697815,0.9548825230584626,0,0.9670578347214931,0.9801963369731695,9,0.19764466374822623,0.23098087744854717,0.17905844129902096,0.178408728297435
sub-2028cg,cg,252.5,503.1,257.5,722.5,15,1,0,1,0,-2.128651939293138,-2.128957053667674,0.010537771550489933,0.9929773671264321,0.9602634045914117,0,0.9961271683214301,0.9972199443375697,9,0.02827960618197008,0.039006762677020454,0.023514556112632024,0.029330611881269758
sub-2029cg,cg,256.17,480.9,261.16,726.16,15,7,7,0,0,-0.6042381264617396,-0.6368622469541663,0.032849298444190225,0.9896852857191881,0.5416803787829624,0,0.987789214826118,0.9973631058102308,9,0.02658521218778806,0.02579294756318003,0.019034527160039814,0.03552098040830812
sub-2030cg,cg,265.7,509.7,270.7,735.7,15,0,0,0,0,-2.0508643195515406,-2.0508643195515406,0.010675853001662853,0.9907238811149215,0.9288519683910016,0,0.9788306893259711,0.9929461684910199,9,0.03847432618503827,0.03007896028108219,0.048595568035423926,0.039155911938411635
sub-2031cg,cg,252.81,480.9,257.81,722.81,15,0,0,0,0,-2.5776291577206,-2.5776291577206,0.012560590518594664,0.9896503172040605,0.9617059277087485,0,0.9898060947989863,0.9886997709627957,9,0.021301927327113675,0.01987132081963542,0.016678104609040453,0.0143160962576143
sub-2033cg,cg,249.04,507.4,254.04,719.04,15,8,0,8,0,-2.0351869306457293,-2.0865870343308224,0.014884030889852183,0.9919596193637816,0.9736959674051445,0,0.9826235329643378,0.9896824610254235,9,0.10865960889070542,0.15896677835352757,0.09624090672559736,0.07946445554407666
sub-2034cg,cg,276.67,481.1,281.67,746.67,15,3,3,0,0,-1.015729781285853,-1.0317812322247883,0.013275155112982653,0.9832764658440094,0.8685903401532863,0,0.9882990894257017,0.9947892541542469,9,0.03850272366437468,0.026755722760474,0.06255328971245398,0.024729368106870313
sub-2036cg,cg,255.81,480.5,260.81,725.81,15,18,18,0,0,-0.5815501578191489,-0.7606191779206641,0.06386273981271806,0.9894816141756684,0.24752453178650993,0,0.9951449517234576,0.9960547703101671,9,0.06623146960476176,0.07388303296513161,0.0677058233790025,0.050305896079164726
sub-2037cg,cg,252.59,481.0,257.59,722.59,15,0,0,0,0,-1.3831290040231554,-1.3831290040231554,0.01885158288136746,0.9938016545202604,0.9776382162188565,0,0.9968815852428097,0.9977270733155719,9,0.029686037195712247,0.03309890955544185,0.03973319525048193,0.02153648922284467
sub-2038cg,cg,252.21,480.5,257.2,722.2,15,0,0,0,0,-2.138598228681098,-2.138598228681098,0.019107058826993213,0.9914114911355907,0.921351341320741,0,0.9943735666916782,0.9967078624575596,9,0.01096384139912011,0.01371371291212193,0.024350002608202737,0.029180811991866652
sub-2040cg,cg,256.09,480.5,261.09,726.09,15,3,3,0,0,-1.4644833221138192,-1.4721945858373333,0.016741119961988127,0.9857892442237245,0.896966817175201,0,0.9862190617774907,0.9713149089050235,9,0.030763851688660932,0.039913144734647854,0.05621917563308766,0.03890712192666833
sub-2043cg,cg,249.83,506.0,254.83,719.83,15,0,0,0,0,-1.3369228532797597,-1.3369228532797597,0.01982336999350741,0.9929655611188473,0.9151950938431959,0,0.9900998760976087,0.9928427896978721,9,0.08776055578707946,0.09809943872011974,0.1091093871069028,0.07612059299349672
sub-2044cg,cg,262.81,480.6,267.8,732.8,15,0,0,0,0,-2.101341572163199,-2.101341572163199,0.011683898040228295,0.9915678562790196,0.9556641716482096,0,0.9924206715292001,0.9962096594596876,9,0.04129700435261495,0.03882664187493007,0.04528749758801132,0.025816724514684596
sub-2045cg,cg,248.67,504.8,253.67,718.67,15,4,0,4,0,-2.3980634860901207,-2.4081492132777838,0.00969145214614333,0.9954554841316708,0.9807606673903283,0,0.9956344391860648,0.9976915456377705,9,-0.0011249253625953085,0.002889959822251691,-0.03313152927126475,0.03394371746785471
sub-2046cg,cg,268.06,504.6,273.06,738.06,15,7,0,7,0,-2.0421487137584977,-2.0749042249837237,0.01742080285038087,0.9870720444376795,0.9149934503815216,0,0.9843265969073013,0.9966268579771883,9,0.015872141085841177,0.006685257122023417,0.022463435732320656,0.01976927529977798
sub-2047cg,cg,252.5,506.4,257.5,722.5,15,15,12,3,0,-0.9413065181528893,-1.0424450378193082,0.03594481253701137,0.9863080400584636,0.7847095646029303,0,0.9969278411531772,0.9903966099259014,9,0.09158096758323599,0.07740636218505781,0.05716355814061285,0.06336004147550872
sub-2048cg,cg,261.69,508.9,266.69,731.69,15,1,0,1,0,-1.9209579585592134,-1.9326129536926766,0.01098948682632666,0.9916284074949998,0.9441866649232015,0,0.991411541356172,0.9948822423068487,9,-0.007700488991856325,-0.011106037861076336,-0.014197599365549207,-0.007701697412224596
sub-2050cg,cg,253.25,501.7,258.25,723.25,15,3,1,2,0,-6.022040197032031,-6.047683335809144,0.03021577501002128,0.9745456665934062,0.8964646750671931,0,0.9738747280984573,0.9735076455714613,9,0.011618970298115651,0.011520914141777137,0.022376543505411257,0.017641958528502883
sub-2051cg,cg,256.52,505.6,261.52,726.52,15,7,0,7,0,-2.9374448432322255,-2.949662745353536,0.004292766778796966,0.9922676152709007,0.9700778442295909,0,0.9929141828930387,0.9931552500027513,9,0.08515695581071495,0.09340757820326001,0.10045839858401014,0.04740521458609636
sub-2052cg,cg,255.3,480.6,260.3,725.3,15,2,2,0,0,-2.7602275468724042,-2.7996586715847007,0.008743841931293923,0.9543281627630528,0.8971224119184219,0,0.9490616232610264,0.9537441118221293,9,0.02252112072258583,0.014118489718345272,0.04034682542461851,0.00648787094771613
sub-2054cg,cg,265.73,504.4,270.73,735.73,15,4,0,4,0,-2.544706025347061,-2.6029274755628977,0.006080818376436944,0.9766491875205172,0.9361636054182023,0,0.9649478622586578,0.9550350147218838,9,0.05888984789579742,0.07169362337946084,0.0610412095397701,0.0404573672521439
sub-2055cg,cg,252.04,481.0,257.04,722.04,15,6,6,0,0,-3.374768023714261,-3.3805347963805934,0.04102082378258256,0.9718934892478504,0.8834104258456352,0,0.9883537079218491,0.988106742749238,9,0.047695745056276634,0.061155129169459276,0.05461926587573612,0.03819977511755979
sub-2056cg,cg,263.52,480.5,268.52,733.52,15,2,0,2,0,-3.5622033314996226,-3.592935864337808,0.013180868104800576,0.9891675990529513,0.9706573611644352,0,0.9887054087805145,0.9938773541433411,9,0.08537860831769162,0.0765060390965405,0.08975423116048357,0.10236098089263813
sub-2057cg,cg,252.91,480.5,257.91,722.91,15,0,0,0,0,-2.5617279921475564,-2.5617279921475564,0.014951811185290492,0.9919218046259259,0.9741645172561595,0,0.9948993584515795,0.9934788883586897,9,0.025813668516365317,0.010197772497910415,0.03056193458419031,0.035083616713088295
sub-2059cg,cg,254.03,508.2,259.03,724.03,15,2,1,1,0,-0.8552172720802814,-0.8552172720802814,0.03580279388848799,0.9929163589404764,0.8375032442506419,0,0.9961324974916325,0.9927620216275153,9,0.001374041984712297,-0.0013691595233922176,-0.006038298433500526,0.00481515631392387
sub-2060cg,cg,253.26,507.2,258.27,723.27,15,2,0,2,0,-0.943238078198086,-0.9830490758869666,0.011322918234350377,0.9906099380852618,0.9445548054381891,0,0.9933768901030832,0.9939137131871103,9,-0.01661654211322901,-0.02060835196944283,-0.006173349412600658,-0.01890499159666949
sub-2061cg,cg,262.98,503.2,267.98,732.98,15,21,19,4,2,-0.2504387959351755,-0.3329001567052754,0.0369653264032674,0.989965513319951,0.5199195280399149,0,0.9943214651131018,0.9829877005862534,9,0.04027131324081893,0.08183045780050478,0.03156327885254645,0.007171185475241567
sub-2062cg,cg,252.29,481.0,257.29,722.29,15,6,0,6,0,-2.1735433151647667,-2.207846079986612,0.0065171670782568575,0.9925311193106772,0.9838485227872861,0,0.9955589496008627,0.9917464303638591,9,-0.020358974835155905,0.0006762844280309235,-0.013688680518028132,-0.006048346425063732
sub-2063cg,cg,254.71,508.6,259.7,724.7,15,3,0,3,0,-1.549975676454078,-1.5618000052068208,0.02042209897884626,0.9837259832775881,0.9483872900447753,0,0.9869059186184846,0.9906331952558664,9,0.004164764069760732,-0.003122006297846963,0.006397336350716853,0.008445768556551814
sub-2064cg,cg,252.08,480.8,257.08,722.08,15,4,0,4,0,-1.1734063136173005,-1.2091937537427693,0.009457483553839406,0.9886080362199815,0.9429155633864622,0,0.9506189644212331,0.9630752921267781,9,-0.010784327366384256,-0.008786092027278631,-0.011062424059373887,-0.006538345324232842
sub-2065cg,cg,255.06,485.3,260.05,725.05,15,1,1,0,0,-1.8049616246608533,-1.8308561633413318,0.03327329750700194,0.9896949942670684,0.8272522083562784,0,0.9937117887076333,0.9951698423900224,9,0.018588319267293863,0.04587538805342561,-0.0040434568788305794,-0.017297054832811545
sub-2066cg,cg,251.83,481.1,256.83,721.83,15,1,0,1,0,-1.3077259954965048,-1.3103983177610634,0.039374711833902246,0.9886287006504572,0.9258532290301924,0,0.9934850855162445,0.9919109496820849,9,-0.009838787368254956,-0.01964992583525548,-0.012387573024221908,-0.008583687004248575
sub-2067cg,cg,257.44,480.5,262.45,727.45,15,3,0,3,0,-3.244332004455448,-3.252322347373886,0.018568239705379012,0.9912817995143941,0.9790780287418549,0,0.9883320730296974,0.9935701638914646,9,0.020406192458143933,0.01979504056120818,0.018239531341097792,0.030131602026315995
sub-2068cg,cg,252.59,510.5,257.59,722.59,15,2,2,0,0,-1.394751346098737,-1.394751346098737,0.03165291875721985,0.9909063125503332,0.8796378354347447,0,0.9928759269434217,0.9933452748692864,9,-0.0020278621338929983,-0.007431873670011648,0.002054871369914206,0.007623550787393072
sub-2070cg,cg,253.93,507.2,258.94,723.94,15,3,0,3,0,-2.721443833418209,-2.7403934419328815,0.015884203894732156,0.9814328062428395,0.922237001587452,0,0.9820822064614687,0.9376895424340967,9,-0.0011993234810397638,-0.009378849413807162,0.002583664949737484,0.005129513796771747
sub-2071cg,cg,250.88,508.2,255.88,720.88,15,5,0,5,0,-2.0115499289222303,-2.0403837289750024,0.015488391053672092,0.9862970226501306,0.9514599212184698,0,0.9871434234858238,0.9875258617731724,8,0.05759372940671661,0.06676635195352185,0.06247013964203283,0.033852280537037045
sub-2072cg,cg,248.15,509.0,253.15,718.15,15,1,0,1,0,-2.0432922745613964,-2.0501912342861224,0.013114346143563917,0.9922253373570207,0.9410924690726259,0,0.9867118808432941,0.9944906051644745,9,0.06131156443648672,0.050601091374359426,0.06996477343837242,0.08046440305267369
sub-2074cg,cg,248.72,506.5,253.72,718.72,15,7,6,1,0,-2.4525069655996052,-2.4905318624651653,0.028477157294435278,0.9892949642196768,0.7442580785890331,0,0.9764475237910256,0.9937702567789326,8,0.1656272188319438,0.16740032601829558,0.16176690785350076,0.17148729571189247
sub-2075cg,cg,256.85,507.9,261.85,726.85,15,6,0,6,0,-1.6351171636862085,-1.706325415912958,0.011954834944331446,0.9927323610345744,0.9103372141779673,0,0.9955903974163902,0.9971197326903939,9,0.08077139973031504,0.09529555118398889,0.08829937337204327,0.061322695793609945
sub-2077cg,cg,277.27,480.5,282.27,747.27,15,5,0,5,0,-1.9390547791016535,-2.0270145012274003,0.01917804648210375,0.9889816589622467,0.9387402497013898,0,0.9950117045428634,0.995047730031336,9,0.06492799893178874,0.054053611229687736,0.07682645286195426,0.07831903250782245
sub-2079cg,cg,265.7,502.8,270.7,735.7,15,8,8,0,0,-0.9186519683300356,-0.9622838173888822,0.0218490244551432,0.9833854098869441,0.8362595090623713,0,0.9879442598990609,0.9839139131612766,9,0.0027464731832178837,0.005929271978239897,0.0066950936884018495,-0.003511585477345841
sub-2080cg,cg,252.21,480.9,257.21,722.21,15,13,0,13,0,-2.240290343494794,-2.2896689007124267,0.013283132162377764,0.9913213598296626,0.9767365948991178,0,0.9892620991585275,0.9906740337543019,9,0.008441467017713792,0.007129132241836167,0.01491167315954134,0.003125592640333085
sub-2081cg,cg,259.09,503.4,264.09,729.09,15,9,9,0,0,-1.1697345837450412,-1.2480132274184403,0.05389093663448222,0.9860875607505883,0.7524799363541506,0,0.9815713105403416,0.988402023833514,9,0.03557100944356932,0.0550815957389538,0.037336080034432645,0.004016848564125162
sub-2082cg,cg,254.89,480.6,259.89,724.89,15,0,0,0,0,-2.0188830174854724,-2.0188830174854724,0.019361431240316373,0.9931020443223242,0.9251153598987348,0,0.9941366054311347,0.9950074110676947,9,0.07559174451553602,0.09230834564134725,0.07824206055691349,0.05817953938472606
