excel_subject,bids_id,label,in_participants,in_dataset_dirs
cg_rs_2001,sub-2001cg,0,True,True
cg_rs_2002,sub-2002cg,0,True,True
cg_rs_2003,sub-2003cg,0,True,True
cg_rs_2004,sub-2004cg,0,True,True
cg_rs_2005,sub-2005cg,0,True,True
cg_rs_2006,sub-2006cg,0,True,True
cg_rs_2007,sub-2007cg,0,True,True
cg_rs_2008,sub-2008cg,0,True,True
cg_rs_2009,sub-2009cg,0,True,True
cg_rs_2011,sub-2011cg,0,True,True
cg_rs_2012,sub-2012cg,0,True,True
cg_rs_2013,sub-2013cg,0,False,False
cg_rs_2014,sub-2014cg,0,True,True
cg_rs_2015,sub-2015cg,0,True,True
cg_rs_2018,sub-2018cg,0,True,True
cg_rs_2019,sub-2019cg,0,True,True
cg_rs_2020,sub-2020cg,0,True,True
cg_rs_2024,sub-2024cg,0,False,False
cg_rs_2025,sub-2025cg,0,False,False
cg_rs_2026,sub-2026cg,0,True,True
cg_rs_2027,sub-2027cg,0,False,False
cg_rs_2028,sub-2028cg,0,True,True
cg_rs_2029,sub-2029cg,0,True,True
cg_rs_2030,sub-2030cg,0,True,True
cg_rs_2033,sub-2033cg,0,True,True
cg_rs_2034,sub-2034cg,0,True,True
cg_rs_2035,sub-2035cg,0,False,False
cg_rs_2036,sub-2036cg,0,True,True
cg_rs_2037,sub-2037cg,0,True,True
cg_rs_2038,sub-2038cg,0,True,True
cg_rs_2039,sub-2039cg,0,False,False
cg_rs_2040,sub-2040cg,0,True,True
cg_rs_2041,sub-2041cg,0,False,False
cg_rs_2043,sub-2043cg,0,True,True
cg_rs_2044,sub-2044cg,0,True,True
cg_rs_2045,sub-2045cg,0,True,True
cg_rs_2046,sub-2046cg,0,True,True
cg_rs_2047,sub-2047cg,0,True,True
cg_rs_2048,sub-2048cg,0,True,True
cg_rs_2050,sub-2050cg,0,True,True
cg_rs_2052,sub-2052cg,0,True,True
cg_rs_2054,sub-2054cg,0,True,True
cg_rs_2055,sub-2055cg,0,True,True
cg_rs_2056,sub-2056cg,0,True,True
cg_rs_2057,sub-2057cg,0,True,True
cg_rs_2058,sub-2058cg,0,False,False
cg_rs_2059,sub-2059cg,0,True,True
cg_rs_2060,sub-2060cg,0,True,True
cg_rs_2061,sub-2061cg,0,True,True
cg_rs_2063,sub-2063cg,0,True,True
cg_rs_2064,sub-2064cg,0,True,True
cg_rs_2065,sub-2065cg,0,True,True
cg_rs_2066,sub-2066cg,0,True,True
cg_rs_2068,sub-2068cg,0,True,True
cg_rs_2069,sub-2069cg,0,False,False
cg_rs_2070,sub-2070cg,0,True,True
cg_rs_2071,sub-2071cg,0,True,True
cg_rs_2072,sub-2072cg,0,True,True
cg_rs_2073,sub-2073cg,0,False,False
cg_rs_2074,sub-2074cg,0,True,True
cg_rs_2075,sub-2075cg,0,True,True
cg_rs_2076,sub-2076cg,0,False,False
cg_rs_2079,sub-2079cg,0,True,True
cg_rs_2080,sub-2080cg,0,True,True
cg_rs_2081,sub-2081cg,0,True,True
cg_rs_2082,sub-2082cg,0,True,True
sg_rs_1005,sub-1005sg,1,True,True
sg_rs_1011,sub-1011sg,1,False,False
sg_rs_1017,sub-1017sg,1,True,True
sg_rs_1018,sub-1018sg,1,True,True
sg_rs_1027,sub-1027sg,1,True,True
sg_rs_1028,sub-1028sg,1,True,True
sg_rs_1029,sub-1029sg,1,True,True
sg_rs_1030,sub-1030sg,1,True,True
sg_rs_1031,sub-1031sg,1,True,True
sg_rs_1032,sub-1032sg,1,True,True
sg_rs_1033,sub-1033sg,1,True,True
sg_rs_1035,sub-1035sg,1,True,True
sg_rs_1037,sub-1037sg,1,True,True
sg_rs_1038,sub-1038sg,1,True,True
sg_rs_1039,sub-1039sg,1,True,True
sg_rs_1040,sub-1040sg,1,True,True
sg_rs_1041,sub-1041sg,1,True,True
sg_rs_1042,sub-1042sg,1,True,True
sg_rs_1043,sub-1043sg,1,True,True
sg_rs_1044,sub-1044sg,1,True,True
sg_rs_1045,sub-1045sg,1,True,True
sg_rs_1046,sub-1046sg,1,True,True
sg_rs_1047,sub-1047sg,1,True,True
sg_rs_1048,sub-1048sg,1,True,True
sg_rs_1050,sub-1050sg,1,True,True
sg_rs_1051,sub-1051sg,1,True,True
sg_rs_1053,sub-1053sg,1,True,True
sg_rs_1054,sub-1054sg,1,True,True
sg_rs_1056,sub-1056sg,1,True,True
sg_rs_1057,sub-1057sg,1,True,True
sg_rs_1058,sub-1058sg,1,True,True
sg_rs_1059,sub-1059sg,1,True,True
sg_rs_1061,sub-1061sg,1,True,True
sg_rs_1063,sub-1063sg,1,True,True
sg_rs_1064,sub-1064sg,1,True,True
sg_rs_1065,sub-1065sg,1,True,True
sg_rs_1066,sub-1066sg,1,True,True
sg_rs_1067,sub-1067sg,1,True,True
sg_rs_1068,sub-1068sg,1,True,True
sg_rs_1069,sub-1069sg,1,True,True
sg_rs_1070,sub-1070sg,1,True,True
sg_rs_1071,sub-1071sg,1,True,True
sg_rs_1072,sub-1072sg,1,True,True
sg_rs_1073,sub-1073sg,1,True,True
sg_rs_1074,sub-1074sg,1,True,True
sg_rs_1075,sub-1075sg,1,True,True
