subject,group,offender,p_mean,p_sd
sub-1005sg,sg,1,0.45641899203938036,0.10051889670054498
sub-1017sg,sg,1,0.6080983532692956,0.08788025358128145
sub-1018sg,sg,1,0.665671231269952,0.2587457086010421
sub-1027sg,sg,1,0.504724537861532,0.10996318112869329
sub-1028sg,sg,1,0.547600371777244,0.08331909223099736
sub-1029sg,sg,1,0.38799508146943845,0.08552687018966122
sub-1030sg,sg,1,0.5961756848404851,0.13233150402030364
sub-1031sg,sg,1,0.6352534088728256,0.07357635803870484
sub-1032sg,sg,1,0.5888171547769183,0.059142809066874254
sub-1033sg,sg,1,0.01640673511425519,0.07151496379071605
sub-1035sg,sg,1,0.6030018508756921,0.10271836530763283
sub-1037sg,sg,1,0.49591679310158776,0.0737708845239379
sub-1038sg,sg,1,0.4265782372498233,0.07199676534557448
sub-1039sg,sg,1,0.6407051409592807,0.10541415452607997
sub-1040sg,sg,1,0.43802395795011473,0.0725385417334047
sub-1041sg,sg,1,0.46236966672117674,0.07741370546011744
sub-1042sg,sg,1,0.49951174030001183,0.07563623689645842
sub-1043sg,sg,1,0.6235911263204925,0.14902710657313925
sub-1044sg,sg,1,0.36978961673783634,0.07961307340624904
sub-1045sg,sg,1,0.5648466143297652,0.07270626086305437
sub-1046sg,sg,1,0.291105776470176,0.1697938204560226
sub-1047sg,sg,1,0.26371275921508164,0.15271099304345048
sub-1048sg,sg,1,0.5856112370751866,0.2629717720186346
sub-1050sg,sg,1,0.5362906543063863,0.05741746087278849
sub-1051sg,sg,1,0.6394798895346577,0.10415492454978398
sub-1053sg,sg,1,0.5815154987040042,0.0740824434730671
sub-1054sg,sg,1,0.5811055985673976,0.05094058603151836
sub-1056sg,sg,1,0.38890243003409725,0.07253094599905102
sub-1057sg,sg,1,0.6328525451987577,0.0958077802766141
sub-1058sg,sg,1,0.6705923683850789,0.14025317371941176
sub-1059sg,sg,1,0.7496214315491725,0.24208194249889997
sub-1061sg,sg,1,0.43723032053601346,0.058058897976976116
sub-1063sg,sg,1,0.5381509943799496,0.08723381265562435
sub-1064sg,sg,1,0.5099546081456499,0.0997056502752416
sub-1065sg,sg,1,0.4524304563859549,0.03848822141678751
sub-1066sg,sg,1,0.4384850877313732,0.05638650662826212
sub-1067sg,sg,1,0.4864280152792788,0.06449989336727989
sub-1068sg,sg,1,0.43822390304242376,0.0584417102537832
sub-1069sg,sg,1,0.47583936771254365,0.07836742791105494
sub-1070sg,sg,1,0.3599283658039197,0.08310437629627726
sub-1071sg,sg,1,0.46448802352018104,0.06463768684385289
sub-1072sg,sg,1,0.45773325535590875,0.10378114182381389
sub-1073sg,sg,1,0.4527383815739179,0.05949642223336834
sub-1074sg,sg,1,0.4210323055058301,0.08701645239176742
sub-1075sg,sg,1,0.41404899896931885,0.0652192852442427
sub-1076sg2,sg2,1,0.3946700425538919,0.06187531465604913
sub-1077sg2,sg2,1,0.42078643745667177,0.08876963748238205
sub-1078sg2,sg2,1,0.39905479407500805,0.07565895470507994
sub-1079sg2,sg2,1,0.5747430126069529,0.07448395799804118
sub-1081sg2,sg2,1,0.23983758500807983,0.14696613544453946
sub-1083sg2,sg2,1,0.26706453381260203,0.15219139202824186
sub-1087sg2,sg2,1,0.4163299029766866,0.1799795211550516
sub-1096sg2,sg2,1,0.5199541782357116,0.1134009329311835
sub-1097sg2,sg2,1,0.5619820192810021,0.04961825643645081
sub-1099sg2,sg2,1,0.44162652922089596,0.1310855801763785
sub-1100sg2,sg2,1,0.4424808634455443,0.06476803682457419
sub-1103sg2,sg2,1,0.8240611235979051,0.11017796360624979
sub-1104sg2,sg2,1,0.6098591305702463,0.15121812055946335
sub-1105sg2,sg2,1,0.5584214632859463,0.12831086009074058
sub-1106sg2,sg2,1,0.4350549131602344,0.04830548063623849
sub-1107sg2,sg2,1,0.6646398944968875,0.08420235185189738
sub-1108sg2,sg2,1,0.24000298770350775,0.11731997873990692
sub-1109sg2,sg2,1,0.28092531619984384,0.09278585087180163
sub-1110sg2,sg2,1,0.7220801040147238,0.09443769148681395
sub-1111sg2,sg2,1,0.45591274870403353,0.17114855787870378
sub-1112sg2,sg2,1,0.46618850734146794,0.0745950745270909
sub-1113sg2,sg2,1,0.8453611790060045,0.1326044276893093
sub-1114sg2,sg2,1,0.6401510102538674,0.1609103003157168
sub-1115sg2,sg2,1,0.6423366585816239,0.10262512057254752
sub-2001cg,cg,0,0.30387534156251783,0.10940860400018472
sub-2002cg,cg,0,0.4749885163683474,0.06093919547649196
sub-2003cg,cg,0,0.4080249792843339,0.06956028237451947
sub-2004cg,cg,0,0.5964430447077159,0.13816602801317104
sub-2005cg,cg,0,0.4942961560558169,0.25453284598045867
sub-2006cg,cg,0,0.3078288414787191,0.07987535774874799
sub-2007cg,cg,0,0.4398204674743468,0.05824543206384538
sub-2008cg,cg,0,0.5865768033316859,0.11044324892166582
sub-2009cg,cg,0,0.35891283496164095,0.0950686782827853
sub-2010cg,cg,0,0.26983348969148063,0.14244598696591595
sub-2011cg,cg,0,0.34834436988062834,0.13950448927369324
sub-2012cg,cg,0,0.41945714747215873,0.05652731254763345
sub-2014cg,cg,0,0.6355451854484395,0.06812606234856251
sub-2015cg,cg,0,0.4661676599519362,0.054962310514494316
sub-2016cg,cg,0,0.5319125869803967,0.0503984940489991
sub-2017cg,cg,0,0.6281097830169486,0.06799822338440786
sub-2018cg,cg,0,0.36996679597983007,0.10654295441686468
sub-2019cg,cg,0,0.5294727397096674,0.11413163530743498
sub-2020cg,cg,0,0.38142991942522003,0.13083811897479414
sub-2021cg,cg,0,0.7617426687599759,0.1257387389069369
sub-2022cg,cg,0,0.3986704649685382,0.09462795510591786
sub-2023cg,cg,0,0.4993426435611362,0.0949713046650442
sub-2026cg,cg,0,0.43241217974051516,0.08325224852028992
sub-2028cg,cg,0,0.44241406321398796,0.14994829520123767
sub-2029cg,cg,0,0.6237813538942871,0.07747088609939169
sub-2030cg,cg,0,0.663625196576524,0.09672320296147674
sub-2031cg,cg,0,0.5794695376813747,0.10009168995195872
sub-2033cg,cg,0,0.4481233699136233,0.05844557733033438
sub-2034cg,cg,0,0.3528232605300379,0.09322727203335186
sub-2036cg,cg,0,0.5841304614878647,0.08873254031024733
sub-2037cg,cg,0,0.3674985504331654,0.13874299216385821
sub-2038cg,cg,0,0.4820226061730396,0.034202124929460356
sub-2040cg,cg,0,0.6607798713307029,0.18652629438447862
sub-2043cg,cg,0,0.5724936192387404,0.10571946923457645
sub-2044cg,cg,0,0.4727624596508478,0.08722397682069771
sub-2045cg,cg,0,0.49587946979228503,0.14824128996938135
sub-2046cg,cg,0,0.41947827655887765,0.09003144518147181
sub-2047cg,cg,0,0.3151741203845949,0.17877458257622245
sub-2048cg,cg,0,0.5343300463473645,0.05355335421556081
sub-2050cg,cg,0,0.5188978718291383,0.1032399679584029
sub-2051cg,cg,0,0.39474016799327594,0.20187384593294352
sub-2052cg,cg,0,0.4107302205113149,0.0643821737630687
sub-2054cg,cg,0,0.44498851260444106,0.06963347226535979
sub-2055cg,cg,0,0.6178465430186545,0.06511910865828176
sub-2056cg,cg,0,0.626134063956408,0.08493933349552867
sub-2057cg,cg,0,0.5443843511754468,0.04737447134165756
sub-2059cg,cg,0,0.4179396042814142,0.150126364663715
sub-2060cg,cg,0,0.49605587691111264,0.07885976098961872
sub-2061cg,cg,0,0.4433970517917989,0.06280562977822314
sub-2062cg,cg,0,0.6719416031116223,0.16905390364092374
sub-2063cg,cg,0,0.7429449003062871,0.10601412382772253
sub-2064cg,cg,0,0.40754011774056054,0.06216844238537287
sub-2065cg,cg,0,0.6900905567561272,0.11239345491652752
sub-2066cg,cg,0,0.4508283287620231,0.08793811314761155
sub-2067cg,cg,0,0.4769554380888407,0.0919168294918488
sub-2068cg,cg,0,0.6312323538315519,0.11566781551147642
sub-2070cg,cg,0,0.3980498457900503,0.0835494789635466
sub-2071cg,cg,0,0.35059246157877094,0.10937452660061926
sub-2072cg,cg,0,0.8002120606520263,0.14219307280686044
sub-2074cg,cg,0,0.4127982067144654,0.10018484844540036
sub-2075cg,cg,0,0.5436618159252877,0.0659792377847372
sub-2077cg,cg,0,0.3888589561639358,0.0983753728901225
sub-2079cg,cg,0,0.49908507589553414,0.1278595463272694
sub-2080cg,cg,0,0.5647136625381272,0.07827115288024926
sub-2081cg,cg,0,0.5002665959493255,0.0975025249757437
sub-2082cg,cg,0,0.39655947765241406,0.10644500324017707
