band,channel,block,mean_sg,mean_cg,hedges_g,rank_biserial
delta,A1,A,0.36942386234140356,0.3566769899109401,0.09231083226338321,-0.011717171717171682
delta,A2,A,0.39970754735217423,0.3439744022136332,0.34348936657829954,0.10949494949494953
delta,A3,A,0.3587747077730413,0.32060076776237645,0.2787025217047186,0.10464646464646465
delta,A4,A,0.36205409604457767,0.30294250583380594,0.3781050330613208,0.14343434343434347
delta,A5,A,0.29413400709809595,0.26859470137453667,0.19081786728018804,0.07232323232323234
delta,A6,A,0.2961762570231089,0.2748819726653514,0.16578050052086762,0.06505050505050503
delta,A7,A,0.2758021855268748,0.26563300268098844,0.08126921018838917,-0.014949494949494935
delta,A8,A,0.26167154786039115,0.26078001255580363,0.00572970144443163,0.004444444444444473
delta,A9,A,0.25191635298076476,0.26012533541524113,-0.051409271187225894,-0.0698989898989899
delta,A10,A,0.24242866836627386,0.2590670744213346,-0.126494738847927,-0.13777777777777778
delta,A11,A,0.2670532298418815,0.28925400039983445,-0.15553560650372106,-0.07474747474747478
delta,A12,A,0.30762602777746906,0.3314343587490641,-0.16469721833915954,-0.14343434343434347
delta,A13,A,0.3061893899764356,0.3169862307998605,-0.0716548294497529,-0.16121212121212125
delta,A14,A,0.2648279447957569,0.30036264813509944,-0.2649234704693715,-0.20161616161616158
delta,A15,A,0.24911669632072833,0.2587408224560196,-0.06716170147658707,-0.1070707070707071
delta,A16,A,0.26375016532040235,0.25779573972462905,0.03798157759212367,-0.030303030303030276
delta,A17,A,0.2777451279736154,0.26504303006832836,0.08082010845493284,0.06747474747474747
delta,A18,A,0.3111008852058882,0.27177063664297,0.24613766850249943,0.12161616161616151
delta,A19,A,0.3089140205311835,0.2842602693423942,0.16348331187567688,0.02868686868686865
delta,A20,A,0.2896224762552748,0.27654329047204,0.08893470219291331,0.04565656565656573
delta,A21,A,0.27906578982396185,0.261006236017755,0.11847662431473427,0.042424242424242475
delta,A22,A,0.2520725878354851,0.26861601160786375,-0.11990800337523926,-0.082020202020202
delta,A23,A,0.26897796067704294,0.274147997608524,-0.037613133791559145,-0.10383838383838384
delta,A24,A,0.27157924934058114,0.31791959614674825,-0.31612392148526336,-0.16121212121212125
delta,A25,A,0.30809981396026714,0.3312264495236898,-0.15972095234909825,-0.1450505050505051
delta,A26,A,0.283342831089773,0.3137805147289195,-0.24550790645995127,-0.18060606060606066
delta,A27,A,0.2644661386781552,0.2882579689987446,-0.17642418856373177,-0.1587878787878788
delta,A28,A,0.24627917701284832,0.2626373306609284,-0.1200272688929982,-0.15555555555555556
delta,A29,A,0.26661916868056673,0.23380685521715572,0.2320636629150851,0.07151515151515153
delta,A30,A,0.26538782838718467,0.2372637531811834,0.2072085418293109,0.07474747474747478
delta,A31,A,0.3045510356018107,0.26582942065453535,0.24030422698448273,0.08606060606060617
delta,A32,A,0.3158099964630807,0.2720689518316513,0.3003619395184495,0.13696969696969696
delta,B1,B,0.34771810385887697,0.3483056594791939,-0.004451302999099407,-0.09333333333333338
delta,B2,B,0.3532371265261354,0.32496427264080774,0.19487532561289383,-0.004444444444444473
delta,B3,B,0.3082630316413616,0.2887593552578371,0.13352083273236753,-0.024646464646464694
delta,B4,B,0.30477789275597394,0.2759534819816437,0.18551881405343904,0.01333333333333342
delta,B5,B,0.27822757919595953,0.2593535199999033,0.12860765315674846,0.03353535353535353
delta,B6,B,0.25479566487337046,0.250335449579439,0.027699222979623746,-0.054545454545454564
delta,B7,B,0.23314165564520495,0.2514125984221442,-0.1541755612966586,-0.13454545454545452
delta,B8,B,0.24496854677884303,0.2801924902965646,-0.29454938174905243,-0.22262626262626262
delta,B9,B,0.2819403660538917,0.3284479576151614,-0.35854548523391744,-0.2412121212121212
delta,B10,B,0.2858601328214265,0.30155287674749565,-0.1263143400123653,-0.12404040404040406
delta,B11,B,0.27531777870340957,0.2797438445886335,-0.03511370350321199,-0.14424242424242428
delta,B12,B,0.2701019321671697,0.2881341456338067,-0.12290533789582583,-0.06585858585858584
delta,B13,B,0.27739726548149274,0.2793083083076587,-0.013959876839027923,-0.040000000000000036
delta,B14,B,0.33767053300642674,0.3283614554775785,0.07679824082496181,0.019797979797979703
delta,B15,B,0.3248107748672539,0.33842930468897786,-0.10167099192460419,-0.08444444444444443
delta,B16,B,0.3368083337450576,0.32596746072124655,0.08457625438295845,-0.002020202020202033
delta,B17,B,0.3124736865220788,0.31956615020406404,-0.05250760894475942,-0.07393939393939397
delta,B18,B,0.3001594520639171,0.31223845797600225,-0.08818304608497354,-0.15313131313131312
delta,B19,B,0.34932144857578323,0.2982218846127652,0.35761130325438256,0.09090909090909083
delta,B20,B,0.3502567472551136,0.3431499687679381,0.05309830757087195,-0.04565656565656562
delta,B21,B,0.36288273660585835,0.33955823196383705,0.15770424699050914,0.04323232323232329
delta,B22,B,0.3224136874054465,0.3170155875788873,0.03754022027109295,-0.08363636363636362
delta,B23,B,0.3305457370829186,0.31183705619682744,0.15038572690696358,0.02141414141414133
delta,B24,B,0.35628352906844574,0.35111600163772355,0.03737275928179094,-0.03434343434343434
delta,B25,B,0.3893058601107586,0.351567786413269,0.2930018842588911,0.12484848484848476
delta,B26,B,0.3842219713031055,0.3730834811224376,0.083445460975679,-0.014141414141414121
delta,B27,B,0.4213347088505012,0.3998488565842431,0.1522264521067997,0.08363636363636373
delta,B28,B,0.3919933455288964,0.3780224930880685,0.11261557256929529,0.019797979797979703
delta,B29,B,0.35774455761879675,0.34054917715280963,0.1288728406449632,0.019797979797979703
delta,B30,B,0.3368380506511621,0.3205213193660022,0.11419022911908547,0.009292929292929353
delta,B31,B,0.37251542961206274,0.34329274170317264,0.18831057899595854,0.037575757575757596
delta,B32,B,0.34400455718747514,0.3447709330344643,-0.00523488791166726,-0.06909090909090909
delta,C1,C,0.3505050706235949,0.3616722459113386,-0.08003427976874278,-0.17818181818181822
delta,C2,C,0.35694310204431995,0.3655483656483177,-0.06112975060492002,-0.12080808080808081
delta,C3,C,0.3557004599507295,0.3663921505677095,-0.07158107835176836,-0.047272727272727244
delta,C4,C,0.34709386749459153,0.3551244867533008,-0.054559846469930416,-0.054545454545454564
delta,C5,C,0.3677677366612647,0.36105136016508704,0.05157583294547328,-0.018989898989899
delta,C6,C,0.4034929610552127,0.388032298249963,0.1153189640014474,0.03838383838383841
delta,C7,C,0.43264029225141554,0.4058890299474263,0.19698835726746192,0.05616161616161608
delta,C8,C,0.4163442072538208,0.41732098258393724,-0.006859501034338663,-0.02141414141414144
delta,C9,C,0.39805780447793004,0.39071231573203835,0.052552090090299014,-0.024646464646464694
delta,C10,C,0.38366872705962296,0.3653700076710132,0.1406979410226324,0.04808080808080817
delta,C11,C,0.3685318783678639,0.3497596561994074,0.1330789857120057,0.012525252525252606
delta,C12,C,0.35208964523883585,0.3397252337841477,0.09322681490790577,0.011717171717171793
delta,C13,C,0.37081038978051817,0.37601512328648534,-0.034425367657737904,-0.05616161616161619
delta,C14,C,0.4037422136256098,0.3706813646427145,0.21256735099198326,0.029494949494949463
delta,C15,C,0.4014176147845858,0.37673629201837633,0.1639693035005682,0.04646464646464654
delta,C16,C,0.42169569523620604,0.37958308564241644,0.28337558492586584,0.12808080808080802
delta,C17,C,0.41667869738534835,0.3791501276988477,0.2624222334560805,0.12323232323232314
delta,C18,C,0.3666757805057243,0.3584572602737721,0.06013181431006074,-0.009292929292929242
delta,C19,C,0.3746872599278096,0.36340505966125464,0.08421807062072656,0.002020202020202033
delta,C20,C,0.3632388457844556,0.3605371928051708,0.018833968053050647,-0.03676767676767678
delta,C21,C,0.3512164912177471,0.35568000145762196,-0.036012946550239254,-0.047272727272727244
delta,C22,C,0.34762296916526864,0.3593794526367809,-0.09199472974408719,-0.09979797979797977
delta,C23,C,0.33329913732294797,0.3553865043398884,-0.17721800769194695,-0.15393939393939393
delta,C24,C,0.3834640096320138,0.3654164458070044,0.11251612524325,0.035151515151515156
delta,C25,C,0.34502970236289193,0.34799398450796887,-0.022126912771473956,-0.0698989898989899
delta,C26,C,0.4046379081095506,0.36815115135031123,0.21359752554076913,0.03919191919191922
delta,C27,C,0.4018858941960544,0.36001022830514867,0.28073951986587997,0.09333333333333327
delta,C28,C,0.41225166346300346,0.36798891839056586,0.2974038735217668,0.1264646464646464
delta,C29,C,0.4490017381221308,0.3755474739685448,0.461875445401887,0.2153535353535354
delta,C30,C,0.47394349072420117,0.4030607670189952,0.4932004090782664,0.22666666666666657
delta,C31,C,0.4365894560099172,0.38974107334697433,0.3325105483964152,0.14909090909090916
delta,C32,C,0.44991951496421945,0.36207081783055756,0.5272684500952036,0.1959595959595959
delta,D1,D,0.3541095870824213,0.3487108089082894,0.0419569480301329,-0.02868686868686865
delta,D2,D,0.36939919683145406,0.3591566340321834,0.07119164815951297,-0.014141414141414121
delta,D3,D,0.41212456894356536,0.34683321289248653,0.41194452745760374,0.16040404040404033
delta,D4,D,0.3681118730546499,0.3576477615666447,0.07169819571328748,-0.007676767676767726
delta,D5,D,0.3904854068105099,0.3554692933924481,0.27569902847536937,0.09252525252525245
delta,D6,D,0.44262491498187,0.3869284997502836,0.3945098270043208,0.14828282828282835
delta,D7,D,0.45471861526595536,0.4095397396063208,0.3585005390566136,0.15232323232323242
delta,D8,D,0.450456387556958,0.40507455067298737,0.299873908017443,0.18545454545454554
delta,D9,D,0.40056583507443383,0.36362433716391857,0.2796442516899635,0.1200000000000001
delta,D10,D,0.35631465377337007,0.334701682715277,0.18547080171640706,0.007676767676767726
delta,D11,D,0.3459961825636358,0.30676327355190297,0.28368114051764576,0.07070707070707072
delta,D12,D,0.37942726349549494,0.3272423204946979,0.31588659817904513,0.14020202020202022
delta,D13,D,0.37683244265724986,0.33063559945081883,0.33281083663158145,0.14909090909090916
delta,D14,D,0.32641163180539684,0.3399839194049141,-0.10250759863710329,-0.1329292929292929
delta,D15,D,0.3527838559474531,0.3496814672785286,0.022716823769529583,-0.09010101010101013
delta,D16,D,0.34611430038150826,0.32753724708701143,0.12850358530778191,0.030303030303030276
delta,D17,D,0.3235813564826789,0.30535122925134517,0.13251461606588585,-0.010909090909090868
delta,D18,D,0.3501263443468028,0.31872991838431786,0.1980596869055032,0.037575757575757596
delta,D19,D,0.32513837915853,0.3021315631763681,0.16061296973058345,-0.027878787878787836
delta,D20,D,0.3055462408529716,0.29536328902379355,0.08710008936681898,-0.05373737373737375
delta,D21,D,0.35458104407042124,0.32483870223828243,0.23998057702977785,0.03353535353535353
delta,D22,D,0.37871718571038565,0.3498946946745006,0.2281059223724905,0.10464646464646465
delta,D23,D,0.37503116883619625,0.35720571802337014,0.15990124216555773,0.002020202020202033
delta,D24,D,0.34352922771044836,0.3356336131957606,0.06402289060552681,-0.00848484848484854
delta,D25,D,0.3482094127003803,0.3204139083761709,0.2275674803037766,0.12404040404040395
delta,D26,D,0.33727884681254044,0.32465434784628555,0.08894298967965204,0.014141414141414232
delta,D27,D,0.3034968236659196,0.2996678287293879,0.028201400301912552,-0.011717171717171682
delta,D28,D,0.2844983898756097,0.3001885462817451,-0.12187870662171321,-0.12969696969696964
delta,D29,D,0.28809677139064915,0.27250898285536224,0.12005925140122647,0.023030303030302957
delta,D30,D,0.28220742733139476,0.273268164877472,0.06937849245875188,0.03353535353535353
delta,D31,D,0.27903697754236767,0.29511695556116624,-0.11590932994322735,-0.07878787878787874
delta,D32,D,0.28740691263638535,0.3195541322566511,-0.2331570703759392,-0.14262626262626266
theta,A1,A,0.18691144927658027,0.18730977231574247,-0.005953701218753676,0.08848484848484839
theta,A2,A,0.16760589560811026,0.18327067993657306,-0.21633089414420284,-0.044848484848484804
theta,A3,A,0.1659370360671586,0.17307657787152164,-0.10248959360667854,0.020606060606060517
theta,A4,A,0.1468391319582843,0.15860944019476544,-0.1836793231256126,-0.04888888888888887
theta,A5,A,0.13670128033202802,0.14188838485337513,-0.09285325155422419,-0.010909090909090868
theta,A6,A,0.1426529619528886,0.15313380525541828,-0.18454053589218247,-0.03919191919191922
theta,A7,A,0.1388941649163409,0.15079832543523689,-0.20810086962635674,-0.05373737373737375
theta,A8,A,0.12209835331468012,0.1292345082100595,-0.13570706229589916,-0.04404040404040399
theta,A9,A,0.12056871104866322,0.1265859997460289,-0.11105117152097138,-0.007676767676767726
theta,A10,A,0.126949981551407,0.1389556105184806,-0.20533494653375822,-0.09090909090909094
theta,A11,A,0.14501357338065954,0.14410453428568987,0.01532075841740804,0.049696969696969795
theta,A12,A,0.1573309811891364,0.16197920409506664,-0.07998599184770014,-0.006868686868686913
theta,A13,A,0.14244619588949467,0.152905061679117,-0.1832206095697662,-0.09898989898989896
theta,A14,A,0.12921968021939031,0.1425084985667233,-0.24538082214606996,-0.12
theta,A15,A,0.1191466266453205,0.12911570043029438,-0.18769791194484794,-0.06828282828282828
theta,A16,A,0.114149747192944,0.1198808144605044,-0.11443428753165101,-0.02141414141414144
theta,A17,A,0.11965590859466364,0.12263873001450795,-0.05927088733189388,0.0036363636363636598
theta,A18,A,0.12633748358923522,0.13065114656039292,-0.08672400595340933,-0.013333333333333308
theta,A19,A,0.1346254250778058,0.14120544882273234,-0.11961868885570462,-0.030303030303030276
theta,A20,A,0.1291991902014951,0.13325545484259296,-0.0760934686829029,0.00040404040404040664
theta,A21,A,0.12252888287302101,0.12870071078770814,-0.11127944043117992,-0.00040404040404040664
theta,A22,A,0.12190386781955602,0.1319164961341005,-0.17412603712584054,-0.03838383838383841
theta,A23,A,0.12829655285845165,0.14240418244540842,-0.24397489175000367,-0.08363636363636362
theta,A24,A,0.13987477439005103,0.14694831752419407,-0.12409673317542247,-0.01656565656565656
theta,A25,A,0.15189479494882924,0.1566481530366055,-0.08515211810848312,-0.0036363636363636598
theta,A26,A,0.1495585203029348,0.1559118214684779,-0.11319612129041888,0.004444444444444473
theta,A27,A,0.132569886026555,0.14756259585939707,-0.2670361546078983,-0.082020202020202
theta,A28,A,0.11736072666906898,0.13273502700300474,-0.2816547728661828,-0.08606060606060606
theta,A29,A,0.11277264594396222,0.12384651144526516,-0.20271675484675888,-0.04161616161616166
theta,A30,A,0.11810183228590011,0.12318671269115541,-0.09446799317393578,0.017373737373737264
theta,A31,A,0.12433663849486513,0.12864353055763206,-0.08342144445892506,-0.0036363636363636598
theta,A32,A,0.13904172817200072,0.14065791541393136,-0.02973366575399349,0.03111111111111109
theta,B1,B,0.18683453137534337,0.18467682789020937,0.03302384058398378,0.10464646464646465
theta,B2,B,0.1681877346293909,0.17023182062577372,-0.031049920181113234,0.06181818181818177
theta,B3,B,0.14236013725034166,0.1453144373729091,-0.05663917942253831,0.01575757575757586
theta,B4,B,0.13755853427211148,0.13781644043298222,-0.004959795446817665,0.042424242424242475
theta,B5,B,0.12324544302950208,0.1272388636649161,-0.07572027500458596,0.02868686868686865
theta,B6,B,0.11674478994404439,0.12417784303455587,-0.1310429132031269,0.00848484848484854
theta,B7,B,0.1270580949396346,0.13401069569311058,-0.11539666995457115,0.005252525252525286
theta,B8,B,0.1416189622523151,0.14933308933289616,-0.12027098004358625,-0.011717171717171682
theta,B9,B,0.16017492616913892,0.1629778152874537,-0.04593382930262181,0.02383838383838377
theta,B10,B,0.1695972143106788,0.16998659640412145,-0.006033328023836228,0.04888888888888898
theta,B11,B,0.1560415581892224,0.16099712658365514,-0.07931347612212718,0.016565656565656672
theta,B12,B,0.1520767252167548,0.14790562125099993,0.069254089588985,0.11030303030303035
theta,B13,B,0.1486036433294362,0.1469466708368971,0.02956996705599281,0.07313131313131316
theta,B14,B,0.17884820727628797,0.1834401495358755,-0.07868692038453078,0.0319191919191919
theta,B15,B,0.1789239051480403,0.17800634134164878,0.01601739404999768,0.09252525252525245
theta,B16,B,0.1683537308511366,0.1749015835171819,-0.11449326944563934,-0.0036363636363636598
theta,B17,B,0.15781742385988198,0.16071609982977417,-0.05305954305118984,0.027070707070707023
theta,B18,B,0.15677645712340577,0.15642996396331152,0.006359676555564778,0.05373737373737364
theta,B19,B,0.15646620502764183,0.16124024176981627,-0.07955721848490224,0.02141414141414133
theta,B20,B,0.17793708417560114,0.1796107002114042,-0.02665865275675996,0.05373737373737364
theta,B21,B,0.16434016417610978,0.1631885380274487,0.019235511319801536,0.07474747474747478
theta,B22,B,0.14949020725541556,0.157143396997514,-0.1548914457714635,-0.07393939393939397
theta,B23,B,0.151499808512577,0.16186934956237992,-0.1986230355355674,-0.09333333333333338
theta,B24,B,0.1585499719233814,0.16755849512496682,-0.16688799927354978,-0.06424242424242421
theta,B25,B,0.16562450601879672,0.1755013973720588,-0.17976026769230327,-0.05777777777777782
theta,B26,B,0.17065509421061753,0.17831277292356373,-0.13977576496604663,0.00040404040404040664
theta,B27,B,0.15215368548574063,0.1616827292983537,-0.1939279294458518,-0.052121212121212124
theta,B28,B,0.14937751281792017,0.15575278746893567,-0.1397424395698757,-0.030303030303030276
theta,B29,B,0.14361558599169844,0.15343904088907084,-0.20692174222410753,-0.0828282828282828
theta,B30,B,0.14776293614529282,0.15407610266588795,-0.12156773263198672,-0.029494949494949463
theta,B31,B,0.15276426315477165,0.16042341036525795,-0.13718162436318432,-0.04404040404040399
theta,B32,B,0.17467050903455741,0.1770725608324122,-0.04014702652811556,0.024646464646464583
theta,C1,C,0.1914287888799993,0.1945608588550432,-0.047175027392452704,0.060202020202020146
theta,C2,C,0.18774806424627416,0.18740613949448892,0.005390238452340184,0.06505050505050503
theta,C3,C,0.16986330849424253,0.17416259831418537,-0.07035275125980162,0.011717171717171793
theta,C4,C,0.16528981697175762,0.17016688286286533,-0.08111063373888995,0.00040404040404040664
theta,C5,C,0.14671882330113026,0.1576356539811758,-0.22624299862642977,-0.06909090909090909
theta,C6,C,0.14179823314700768,0.1494291632713952,-0.16699132465455732,-0.04080808080808085
theta,C7,C,0.13862983632402306,0.14843556344692968,-0.2220456624678085,-0.0828282828282828
theta,C8,C,0.13260352660406452,0.1475716237697789,-0.32509204229054656,-0.11030303030303035
theta,C9,C,0.1356393979751224,0.15553476709181016,-0.3934534559143722,-0.12161616161616162
theta,C10,C,0.14818477104228742,0.16835201211537934,-0.3587373767013611,-0.13696969696969696
theta,C11,C,0.18587261324130305,0.18971240660109043,-0.058852643997666834,0.007676767676767726
theta,C12,C,0.18283204314758195,0.1961735523831317,-0.18939664810235254,-0.04888888888888887
theta,C13,C,0.17089641565096197,0.18963909532593076,-0.26210324938299434,-0.09171717171717175
theta,C14,C,0.15321639463595213,0.18579686464393708,-0.47320061180166223,-0.21131313131313134
theta,C15,C,0.14221932686641248,0.17179448687769946,-0.46666966999230963,-0.1652525252525252
theta,C16,C,0.13150267745207037,0.15899933112719902,-0.4830684665172398,-0.18626262626262624
theta,C17,C,0.1342732137250972,0.1711083809329056,-0.571634535766501,-0.24525252525252528
theta,C18,C,0.1536280362203139,0.18414963565098771,-0.4115079316656104,-0.1466666666666666
theta,C19,C,0.16304535693956165,0.1955580232335238,-0.40568291391359856,-0.15070707070707068
theta,C20,C,0.1777092365691649,0.20114818140409144,-0.28419716277465135,-0.09333333333333338
theta,C21,C,0.18929772209619714,0.20407788959649384,-0.19463645372649657,-0.049696969696969684
theta,C22,C,0.19315835467101283,0.2015091178756631,-0.11925705732287625,-0.027878787878787836
theta,C23,C,0.19843687770944238,0.19780009396285755,0.009516998198399015,0.05858585858585852
theta,C24,C,0.1780727064148631,0.18745736208034175,-0.13955796962321437,-0.06101010101010096
theta,C25,C,0.18280682209645163,0.19263308615226682,-0.13677636103992544,-0.027070707070707023
theta,C26,C,0.16857036987975307,0.18497618025142568,-0.21949657269981657,-0.047272727272727244
theta,C27,C,0.15407318608075796,0.181480844116892,-0.37982745963883235,-0.16686868686868683
theta,C28,C,0.13886313047512963,0.1661029169822874,-0.4368413129514526,-0.19111111111111112
theta,C29,C,0.12486679785361979,0.15736225157076042,-0.5509517255251865,-0.2549494949494949
theta,C30,C,0.1261671042955069,0.14486444702216833,-0.3955992789617025,-0.1466666666666666
theta,C31,C,0.1328049625218894,0.15005800330126992,-0.33892912925101437,-0.12727272727272732
theta,C32,C,0.13957340228659795,0.16114122939637263,-0.36077158048749725,-0.1652525252525252
theta,D1,D,0.19269282950757377,0.19395542726675294,-0.01954151608735738,0.06828282828282828
theta,D2,D,0.18159726334216802,0.18668766652669164,-0.08327341192215225,0.02141414141414133
theta,D3,D,0.15761205462951852,0.17059424384979902,-0.23344723320941546,-0.06828282828282828
theta,D4,D,0.1627347699302288,0.1664879719657958,-0.06565797387602992,0.016565656565656672
theta,D5,D,0.15236623690213,0.15310945954734875,-0.015506593250540912,0.029494949494949463
theta,D6,D,0.13978507410895363,0.1489132822023771,-0.19112614996730387,-0.049696969696969684
theta,D7,D,0.14312886191082594,0.14978368635330125,-0.15145750278396405,-0.02626262626262621
theta,D8,D,0.15347590933162897,0.15459139920458304,-0.021968833784087215,-0.00040404040404040664
theta,D9,D,0.15308741605129447,0.15130833104964836,0.03761783746386695,0.0634343434343434
theta,D10,D,0.14951183678018667,0.15699252448757794,-0.15901248009555954,-0.029494949494949463
theta,D11,D,0.14884986548202303,0.1538857250530128,-0.10332927940046752,-0.011717171717171682
theta,D12,D,0.15196569273058907,0.1578460804026758,-0.11442966342905557,-0.0060606060606061
theta,D13,D,0.1664640995685461,0.1756367864752367,-0.16845391246853494,-0.010909090909090868
theta,D14,D,0.1736103848204752,0.17774458216377706,-0.07001018072250663,0.03676767676767678
theta,D15,D,0.18038722941637622,0.18434026293693503,-0.06117181445888836,0.03676767676767678
theta,D16,D,0.16659750395802633,0.17283517765191425,-0.09692750638921961,0.014949494949495046
theta,D17,D,0.15571304564467625,0.16806507620306824,-0.21482345189328858,-0.06181818181818177
theta,D18,D,0.1508053108976088,0.1667913335890126,-0.28436063772629255,-0.0949494949494949
theta,D19,D,0.14543954732959377,0.16346753544965806,-0.3482250298923553,-0.13777777777777778
theta,D20,D,0.14886967713932914,0.16309165029316006,-0.28715869773698655,-0.10626262626262628
theta,D21,D,0.15558911377696535,0.17308531416293152,-0.33181543962114457,-0.1450505050505051
theta,D22,D,0.1656748469897108,0.17088636961835812,-0.09818498328094569,-0.010909090909090868
theta,D23,D,0.17213948504981566,0.1795034745156197,-0.14046357650076052,-0.011717171717171682
theta,D24,D,0.17816469226364384,0.18690738813224947,-0.1545694072316999,-0.030303030303030276
theta,D25,D,0.17076061634947706,0.18392826398991635,-0.23889169770372987,-0.06828282828282828
theta,D26,D,0.16139759139417884,0.1780162307920723,-0.2999009486098074,-0.14424242424242428
theta,D27,D,0.15183123773076243,0.16677443192495836,-0.2603530225001378,-0.10060606060606059
theta,D28,D,0.148698820558453,0.16427786543685707,-0.2904681876261832,-0.12969696969696964
theta,D29,D,0.1454255669695062,0.16032593956777583,-0.2552393163606009,-0.06666666666666665
theta,D30,D,0.15179334512013684,0.16123099349927453,-0.15781042450358485,-0.006868686868686913
theta,D31,D,0.1598610128121582,0.16578515011695272,-0.09510481692191945,0.011717171717171793
theta,D32,D,0.16777801726456007,0.17355549526974023,-0.08820950049137923,-0.017373737373737375
alpha,A1,A,0.34008405384305723,0.3519223105874426,-0.07419256192856158,-0.06747474747474747
alpha,A2,A,0.33396459012446295,0.36955832995738946,-0.20907167745170183,-0.14181818181818184
alpha,A3,A,0.3735252284368243,0.4026462008034374,-0.1794197262946274,-0.11676767676767674
alpha,A4,A,0.39434530276632845,0.4359823187548126,-0.23111683463315533,-0.11272727272727268
alpha,A5,A,0.4595920616558564,0.47731405571690055,-0.10016980298938799,-0.0319191919191919
alpha,A6,A,0.42901550174182834,0.44080759481299636,-0.069088808378364,-0.042424242424242475
alpha,A7,A,0.45458072837407043,0.453902644073394,0.003964828414962848,-0.00040404040404040664
alpha,A8,A,0.5024392817055916,0.49457147541851176,0.04036679706214784,0.04161616161616166
alpha,A9,A,0.5135541539756459,0.4989498176615635,0.07537664016223726,0.05050505050505061
alpha,A10,A,0.5088305223291785,0.48120930485504815,0.14856693004743332,0.10060606060606059
alpha,A11,A,0.46563087254459534,0.44236237226686287,0.13042086724211369,0.04080808080808085
alpha,A12,A,0.4055903299253062,0.3766971649972015,0.17079851755285763,0.0892929292929292
alpha,A13,A,0.4065353936609419,0.3930290485046588,0.07594905822177944,0.03919191919191922
alpha,A14,A,0.4696362887654863,0.4238024426264715,0.2637027079016227,0.15232323232323242
alpha,A15,A,0.508097326139283,0.4878592517174904,0.10640966021860303,0.07878787878787885
alpha,A16,A,0.5134529359382708,0.508493522597485,0.025446342160342427,0.04161616161616166
alpha,A17,A,0.4938067076889522,0.5044598941374883,-0.05539777612617389,-0.029494949494949463
alpha,A18,A,0.4546443015870833,0.4879981427178137,-0.17546043720554327,-0.08040404040404037
alpha,A19,A,0.45678505717283485,0.47265711558019363,-0.08592205073894224,-0.010101010101010055
alpha,A20,A,0.47970679072465866,0.48819871031373224,-0.0460467937608389,-0.0060606060606061
alpha,A21,A,0.49335936763170485,0.5066054648843971,-0.06959973925162892,-0.007676767676767726
alpha,A22,A,0.5173093616450452,0.48894302206345536,0.15301387106661146,0.10303030303030303
alpha,A23,A,0.4847200292821421,0.4654885914090141,0.10551853711035235,0.09090909090909083
alpha,A24,A,0.46071342864259834,0.41337350367206904,0.26689463621463966,0.1450505050505051
alpha,A25,A,0.40842240898346227,0.3822172130172012,0.15688776227754578,0.10464646464646465
alpha,A26,A,0.4260525829244138,0.39929912269811785,0.16520706691186926,0.08606060606060617
alpha,A27,A,0.46611654222775467,0.43731071944922506,0.1636224009671952,0.12565656565656558
alpha,A28,A,0.520122232870789,0.48602372291378276,0.1945169463399913,0.1515151515151516
alpha,A29,A,0.5153446363288416,0.5353516711186305,-0.10815755570152698,-0.04323232323232318
alpha,A30,A,0.5099636702014708,0.5337375087077812,-0.12737011095566442,-0.04161616161616166
alpha,A31,A,0.46673191991462143,0.5021536676897128,-0.18175265262128432,-0.07232323232323234
alpha,A32,A,0.4369882663795951,0.4828592691527471,-0.25382359195639304,-0.12161616161616162
alpha,B1,B,0.36110837918260175,0.357923228146042,0.020153805688940356,-0.0036363636363636598
alpha,B2,B,0.37377478030610684,0.39168291425411556,-0.10949668312811775,-0.042424242424242475
alpha,B3,B,0.4205426497100826,0.4392850563165815,-0.11145300739696773,-0.030303030303030276
alpha,B4,B,0.4323002201325641,0.46381617312017026,-0.17922206076558886,-0.06424242424242421
alpha,B5,B,0.4878902584479491,0.50123544230941,-0.07252814023227336,-0.013333333333333308
alpha,B6,B,0.521372130480615,0.518384527738941,0.01574621350597214,0.04808080808080817
alpha,B7,B,0.5297734810251545,0.5002198736925634,0.17570637236603934,0.11757575757575767
alpha,B8,B,0.497373794324374,0.45135466159632326,0.2746297725279724,0.1652525252525252
alpha,B9,B,0.43475730168850735,0.3870342663429548,0.2905395368720453,0.1717171717171717
alpha,B10,B,0.42539498294839817,0.39854579057382156,0.17697804973512682,0.1272727272727272
alpha,B11,B,0.4471781718808794,0.4319533900850113,0.0966466911345241,0.09414141414141408
alpha,B12,B,0.4466337380439355,0.44038818649757044,0.03597714210454815,0.024646464646464583
alpha,B13,B,0.44266124331331186,0.443392457483989,-0.004383335834260758,0.010101010101010166
alpha,B14,B,0.3365990583306347,0.329041095312473,0.059097295877827936,0.03676767676767678
alpha,B15,B,0.3458745138324965,0.329351385054176,0.12468722509032858,0.0634343434343434
alpha,B16,B,0.33865971951402635,0.34147378632088743,-0.021544468606263224,-0.023030303030303068
alpha,B17,B,0.37392930938009955,0.36888403469384506,0.03670077057088738,0.022222222222222143
alpha,B18,B,0.3990397087178274,0.38575920686391596,0.08821957248373025,0.06424242424242421
alpha,B19,B,0.37333275514628383,0.41170349793957045,-0.24388827468715887,-0.10868686868686872
alpha,B20,B,0.3603691885898709,0.35865889620662095,0.011216458222224317,-0.006868686868686913
alpha,B21,B,0.34146251493253515,0.36424621980230154,-0.14728245134776038,-0.10868686868686872
alpha,B22,B,0.37384086888179757,0.3710775759546389,0.01849251670802034,0.029494949494949463
alpha,B23,B,0.346417625806105,0.35806298640298895,-0.08719193341118883,-0.06666666666666665
alpha,B24,B,0.3178900677907646,0.31824341706412046,-0.0026138022388655616,-0.027878787878787836
alpha,B25,B,0.2871591161346103,0.3016040083980431,-0.11886472965559759,-0.07878787878787874
alpha,B26,B,0.2849734086760145,0.28046020204628863,0.03689455081946961,0.00040404040404040664
alpha,B27,B,0.2954121703792924,0.29465283539670883,0.00551049758738497,0.020606060606060517
alpha,B28,B,0.3113703256398532,0.3115966478434787,-0.0016322786959438347,0.024646464646464583
alpha,B29,B,0.3405680522415424,0.3414155087903703,-0.0055394587763166235,-0.011717171717171682
alpha,B30,B,0.35041127936766886,0.3593270047062277,-0.05679600350170474,-0.022222222222222254
alpha,B31,B,0.3362422623548947,0.3469512828058186,-0.06727722336515324,-0.05131313131313131
alpha,B32,B,0.3592876589265955,0.3518697324537422,0.04531432113308159,0.025454545454545396
alpha,C1,C,0.3556589033540832,0.3367220920315221,0.11825023186407849,0.07717171717171722
alpha,C2,C,0.3464114553373883,0.33706578530768994,0.05869654444053763,0.03595959595959597
alpha,C3,C,0.3511270044126907,0.3282129390001183,0.13896394813776114,0.08282828282828292
alpha,C4,C,0.35967582231643874,0.3353769382276868,0.146761210395034,0.09575757575757571
alpha,C5,C,0.34440118624768357,0.31951350079651814,0.16033606266469946,0.08767676767676758
alpha,C6,C,0.3276277397144451,0.31321751816079785,0.09693949332332778,0.07797979797979804
alpha,C7,C,0.3110697657908429,0.29878104601057615,0.0842146344516738,0.07070707070707072
alpha,C8,C,0.3402101096715907,0.31466208594320194,0.16249819286745498,0.10303030303030303
alpha,C9,C,0.35710379245315726,0.3257841498565165,0.19543265893114883,0.10787878787878791
alpha,C10,C,0.35289669141186664,0.3332727807232017,0.12078170346499577,0.06666666666666665
alpha,C11,C,0.33740460115316007,0.3484784698708263,-0.06783706845580159,-0.024646464646464694
alpha,C12,C,0.35704822039418477,0.3472777322783253,0.05971462733381311,0.035151515151515156
alpha,C13,C,0.3536557041420835,0.3193237164404237,0.20672671280075153,0.12161616161616151
alpha,C14,C,0.3458691541805758,0.32821914641468736,0.10378152397360295,0.05373737373737364
alpha,C15,C,0.35694419812723693,0.3378787414535339,0.11235811302761081,0.07151515151515153
alpha,C16,C,0.3445083360827992,0.34976528830179193,-0.031232522884510533,-0.014141414141414121
alpha,C17,C,0.3554249907639392,0.3489071041241008,0.03920267144704098,0.022222222222222143
alpha,C18,C,0.38222803948289763,0.35425458959705425,0.1662077627867697,0.08606060606060617
alpha,C19,C,0.36715636227653636,0.3337912652801362,0.20880142235377364,0.12808080808080802
alpha,C20,C,0.36024891864318564,0.3321145752742933,0.17323724469797738,0.11272727272727279
alpha,C21,C,0.3571781985635348,0.3322692422045049,0.1598814978204768,0.08686868686868676
alpha,C22,C,0.35388457266288514,0.3329668273537023,0.1324443249791131,0.07636363636363641
alpha,C23,C,0.36299577354485485,0.3397904313159978,0.1479021608421153,0.07959595959595966
alpha,C24,C,0.3332142011843234,0.33514889042533796,-0.011532534884467696,-0.010909090909090868
alpha,C25,C,0.3617591005881329,0.3426915368810623,0.11689499703608168,0.07717171717171722
alpha,C26,C,0.3256225942470856,0.3320895829451604,-0.03699808591094882,-0.025454545454545507
alpha,C27,C,0.33928411571075723,0.3437678215186584,-0.02757079265903516,-0.023030303030303068
alpha,C28,C,0.3471101968733746,0.35319047481805316,-0.03638712001837078,-0.007676767676767726
alpha,C29,C,0.3285690270532349,0.35568444341289657,-0.15831316484394195,-0.09898989898989896
alpha,C30,C,0.29556946198346573,0.32962742875765855,-0.22417367856406475,-0.10545454545454547
alpha,C31,C,0.3223256547393206,0.3325785253774798,-0.06586856304946295,-0.03111111111111109
alpha,C32,C,0.30916784464312314,0.3461912945410572,-0.21702551130359815,-0.13535353535353534
alpha,D1,D,0.34487540842222525,0.349495757332274,-0.02925001793500327,-0.018181818181818188
alpha,D2,D,0.34020415560702694,0.3402889970128009,-0.0005313341572073882,-0.00121212121212122
alpha,D3,D,0.3072554916630328,0.3468794856106083,-0.2387456664557316,-0.15070707070707068
alpha,D4,D,0.3353329173166278,0.33674197682222246,-0.008892799549626147,-0.006868686868686913
alpha,D5,D,0.3194778339697538,0.33833472741860704,-0.126406914618497,-0.07232323232323234
alpha,D6,D,0.2904409511908641,0.31936475292183264,-0.19271183086616625,-0.09898989898989896
alpha,D7,D,0.28334429184388016,0.30756223718037445,-0.17004811828086894,-0.09090909090909094
alpha,D8,D,0.2649162235990859,0.29490327565609037,-0.22272162432964024,-0.10383838383838384
alpha,D9,D,0.2908542792189195,0.3253469293084251,-0.2605629578009576,-0.10545454545454547
alpha,D10,D,0.33169345684291407,0.35098919746861107,-0.14013731669803844,-0.05131313131313131
alpha,D11,D,0.3355804237467753,0.368618024417926,-0.2186078404362047,-0.11595959595959593
alpha,D12,D,0.3259706531637842,0.360377365183999,-0.2109507636881987,-0.11757575757575756
alpha,D13,D,0.3320548489973556,0.36412241940500806,-0.2007959460002462,-0.1385858585858586
alpha,D14,D,0.3752539275662517,0.36145260484760877,0.08864494457307864,0.04808080808080817
alpha,D15,D,0.358684200912753,0.35789462377461007,0.004961959383716085,0.007676767676767726
alpha,D16,D,0.37402353292854384,0.387238851258666,-0.08007666063905274,-0.07070707070707072
alpha,D17,D,0.3942601700477206,0.39890395400911066,-0.02881581438890525,-0.002020202020202033
alpha,D18,D,0.36805620592748006,0.37796403795655115,-0.06082972333004559,-0.025454545454545507
alpha,D19,D,0.37291007056022824,0.3800124789870244,-0.04621957945110569,-0.01656565656565656
alpha,D20,D,0.36838550836959916,0.36918185956115146,-0.005753386220260765,0.0319191919191919
alpha,D21,D,0.3171283664128923,0.33396864522993075,-0.13197485434705522,-0.06424242424242421
alpha,D22,D,0.28997006177300394,0.31653534051009424,-0.22154376996873257,-0.14262626262626266
alpha,D23,D,0.2853512661558048,0.3003817276577168,-0.1317499577534118,-0.07232323232323234
alpha,D24,D,0.33197685740032234,0.32273925867988124,0.07034783025767175,0.02141414141414133
alpha,D25,D,0.33408764645286076,0.34221331230900287,-0.06180496912721074,-0.05131313131313131
alpha,D26,D,0.3454793726008403,0.34186798970231497,0.02606555013379612,0.02141414141414133
alpha,D27,D,0.386172238277425,0.38057930319133343,0.03844456039986677,0.014949494949495046
alpha,D28,D,0.4164348993658541,0.3906256012208157,0.16769107398382552,0.10303030303030303
alpha,D29,D,0.4302029465397505,0.43470367426929823,-0.0267741989471757,-0.009292929292929242
alpha,D30,D,0.4344707203668523,0.43482501148245234,-0.0021265622735823736,-0.0028282828282828465
alpha,D31,D,0.43367013182176944,0.41020835363295527,0.14074266245733463,0.07151515151515153
alpha,D32,D,0.41383987399615063,0.3763994997726183,0.23156423050875022,0.1191919191919193
beta,A1,A,0.10358063453895898,0.10409092718587495,-0.012648432883265963,0.02868686868686865
beta,A2,A,0.09872196691525251,0.10319658789240448,-0.10577466939543441,-0.002020202020202033
beta,A3,A,0.10176302772297571,0.10367645356266462,-0.04705855141266485,0.018181818181818077
beta,A4,A,0.09676146923080949,0.10246573521661607,-0.14061814175981696,-0.0505050505050505
beta,A5,A,0.10957265091401987,0.11220285805518762,-0.05216439655529746,-0.06101010101010096
beta,A6,A,0.1321552792821741,0.13117662726623386,0.018254503206827886,-0.0060606060606061
beta,A7,A,0.13072292118271397,0.1296660278103807,0.019239119311095777,0.00848484848484854
beta,A8,A,0.11379081711933714,0.11541400381562489,-0.029200623768628194,-0.056969696969697003
beta,A9,A,0.11396078199492625,0.1143388471771666,-0.006400341513759902,-0.08767676767676769
beta,A10,A,0.1217908277531406,0.12076801020513657,0.015867650648356404,-0.11515151515151512
beta,A11,A,0.12230232423286373,0.1242790930476128,-0.032656254516278876,-0.07878787878787874
beta,A12,A,0.12945266110808834,0.12988927215866786,-0.007553657668936655,-0.06505050505050503
beta,A13,A,0.14482902047312798,0.13707965901636376,0.10443325589059312,-0.04080808080808085
beta,A14,A,0.1363160862193664,0.13332641067170578,0.040691656481134396,-0.08929292929292931
beta,A15,A,0.1236393508946682,0.12428422539619566,-0.009248850878640587,-0.10303030303030303
beta,A16,A,0.10864715154838292,0.11382992321738138,-0.09359323619516659,-0.10545454545454547
beta,A17,A,0.10879225574276861,0.1078583457796753,0.018612801743933264,0.00848484848484854
beta,A18,A,0.10791732961779339,0.10958007407882323,-0.03194016672617649,-0.018181818181818188
beta,A19,A,0.09967549721817567,0.10187716625467988,-0.051329296483697176,-0.0060606060606061
beta,A20,A,0.10147154281857133,0.10200254437163489,-0.012092893694994163,0.009292929292929353
beta,A21,A,0.10504595967131232,0.1036875883101398,0.029662952088748716,0.044848484848484915
beta,A22,A,0.1087141826999138,0.11052447019458056,-0.037018263475076106,-0.0028282828282828465
beta,A23,A,0.11800545718236331,0.11795922853705358,0.0008832543872014333,-0.02383838383838388
beta,A24,A,0.12783254762676946,0.12175858265698866,0.1080004280607164,0.04888888888888898
beta,A25,A,0.1315829821074412,0.1299081844225035,0.027648384667962645,0.00121212121212122
beta,A26,A,0.14104606568287859,0.13100854110448462,0.1403485722531733,0.042424242424242475
beta,A27,A,0.13684743306753505,0.12686871569263347,0.13700798678762457,0.00121212121212122
beta,A28,A,0.11623786344729357,0.11860391942228414,-0.03921600512656838,-0.04888888888888887
beta,A29,A,0.10526354904662916,0.10699496221894857,-0.03432412875033891,-0.019797979797979814
beta,A30,A,0.1065466691254443,0.10581202541987988,0.014409100384444859,0.02383838383838377
beta,A31,A,0.10438040598870292,0.10337338109811997,0.02028569483887442,0.020606060606060517
beta,A32,A,0.10816000898532309,0.10441386360167043,0.08309334523844811,0.08606060606060617
beta,B1,B,0.10433898558317778,0.10909428448455512,-0.11205972350456522,-0.05535353535353538
beta,B2,B,0.10480035853836714,0.11312099247930311,-0.1968757570196507,-0.08929292929292931
beta,B3,B,0.1288341813982143,0.12664115105267265,0.042384492182802706,0.02868686868686865
beta,B4,B,0.1253633528393505,0.12241390446520378,0.05571127151179161,0.025454545454545396
beta,B5,B,0.11063671932658935,0.11217217402577068,-0.028009440769034496,-0.040000000000000036
beta,B6,B,0.10708741470197018,0.10710217964706437,-0.0002719674505433493,-0.0036363636363636598
beta,B7,B,0.11002676839000602,0.11435683219218201,-0.07415814104720587,-0.06909090909090909
beta,B8,B,0.11603869664446778,0.11911975877421593,-0.04855601005727886,-0.037575757575757596
beta,B9,B,0.12312740608846212,0.12153996075443003,0.025687208268058946,-0.013333333333333308
beta,B10,B,0.11914766991949628,0.12991473627456138,-0.18340019701645396,-0.06909090909090909
beta,B11,B,0.12146249122648878,0.12730563874270004,-0.10142811710691138,-0.04565656565656562
beta,B12,B,0.1311876045721401,0.12357204661762289,0.1319584678266199,0.08606060606060617
beta,B13,B,0.13133784787575892,0.13035256337145515,0.01850628013957805,0.032727272727272716
beta,B14,B,0.14688220138665065,0.15915729967407308,-0.18691014826833866,-0.009292929292929242
beta,B15,B,0.15039080615220923,0.15421296891519728,-0.06312270897665927,0.005252525252525286
beta,B16,B,0.1561782158897793,0.15765716944068406,-0.026781974950814417,0.018181818181818077
beta,B17,B,0.15577958023793967,0.15083371527231673,0.09312804532301769,0.06585858585858584
beta,B18,B,0.14402438209484988,0.14557237119677008,-0.03130066565015106,-0.03434343434343434
beta,B19,B,0.12087959125029114,0.12883437567784806,-0.1708357362588106,-0.0505050505050505
beta,B20,B,0.11143697997941455,0.11858043481403674,-0.1648582321836481,-0.10303030303030303
beta,B21,B,0.13131458428549678,0.13300701020641265,-0.03369748904946256,-0.05292929292929294
beta,B22,B,0.15425523645734013,0.1547634394689597,-0.008925810665655075,-0.027070707070707023
beta,B23,B,0.17153682859839933,0.16823060783780358,0.054696336883089364,0.04323232323232329
beta,B24,B,0.1672764312174081,0.16308208617318923,0.06203909678764375,0.004444444444444473
beta,B25,B,0.15791051773583442,0.1713268078166291,-0.2093675971498142,-0.05939393939393944
beta,B26,B,0.1601495258102624,0.16814354390770977,-0.11381781298525015,-0.04888888888888887
beta,B27,B,0.13109943528446583,0.14381557872069442,-0.2415205359549106,-0.12
beta,B28,B,0.14725881601333032,0.15462807159951716,-0.12702313484331354,-0.0828282828282828
beta,B29,B,0.1580718041479623,0.16459627316774905,-0.09875212134670436,-0.05858585858585863
beta,B30,B,0.16498773383587612,0.16607557326188216,-0.01521109033917485,-0.0319191919191919
beta,B31,B,0.13847804487827087,0.1493325651257508,-0.18215831092661808,-0.09171717171717175
beta,B32,B,0.12203727485137218,0.12628677367938135,-0.08161793596806813,-0.024646464646464694
beta,C1,C,0.10240723714232261,0.1070448032020958,-0.10732048646544681,-0.042424242424242475
beta,C2,C,0.10889737837201749,0.10997970954950351,-0.02475274318273176,0.02383838383838377
beta,C3,C,0.12330922714233726,0.13123231211798708,-0.153562065716871,-0.044848484848484804
beta,C4,C,0.12794049321721213,0.13933169215614713,-0.20445693836531498,-0.03919191919191922
beta,C5,C,0.14111225378992145,0.16179948505721894,-0.35509850171433827,-0.16848484848484846
beta,C6,C,0.12708106608333478,0.14932102031784403,-0.4162007253514757,-0.17575757575757578
beta,C7,C,0.11766010563371838,0.14689436059506794,-0.5084704431435851,-0.23959595959595958
beta,C8,C,0.11084215647052399,0.12044530770308194,-0.2150232276817103,-0.0949494949494949
beta,C9,C,0.10919900509379019,0.1279687673196351,-0.380554613942314,-0.17010101010101009
beta,C10,C,0.11524981048622313,0.1330051994904057,-0.35156972523439556,-0.1385858585858586
beta,C11,C,0.10819090723767322,0.11204946732867588,-0.08600046446541937,-0.037575757575757596
beta,C12,C,0.10803009121939738,0.11682348155439529,-0.18511484992727845,-0.05858585858585863
beta,C13,C,0.10463749042643619,0.11502206494716016,-0.22003257765408282,-0.07959595959595955
beta,C14,C,0.09717223755786246,0.11530262429866114,-0.3707664497251229,-0.16202020202020206
beta,C15,C,0.09941886022176469,0.11359047965039024,-0.30225534605337373,-0.1450505050505051
beta,C16,C,0.10229329122892437,0.11165229492859234,-0.192953432014659,-0.07474747474747478
beta,C17,C,0.09362309812561515,0.10083438724414581,-0.18882239110201654,-0.08525252525252525
beta,C18,C,0.09746814379106418,0.1031385144781859,-0.13605860112043971,-0.06101010101010096
beta,C19,C,0.09511102085609238,0.1072456518250852,-0.2611628174255085,-0.09414141414141419
beta,C20,C,0.09880299900319378,0.10620005051644446,-0.16576261225070443,-0.06181818181818177
beta,C21,C,0.10230758812252093,0.10797286674137932,-0.1312008232349253,-0.030303030303030276
beta,C22,C,0.10533410350083336,0.10614460213385374,-0.01976642581981428,0.019797979797979703
beta,C23,C,0.10526821142275507,0.10702297038125623,-0.04170133362808842,-0.0036363636363636598
beta,C24,C,0.10524908276879943,0.11197730168731578,-0.14535402401265624,-0.04646464646464643
beta,C25,C,0.11040437495252359,0.116681392458702,-0.13316287610622232,-0.04404040404040399
beta,C26,C,0.10116912776361077,0.11478308545310247,-0.27339855660677737,-0.11353535353535349
beta,C27,C,0.10475680401243036,0.11474110605930082,-0.20374337756325103,-0.0634343434343434
beta,C28,C,0.10177500918849249,0.11271768980909348,-0.23200018136147518,-0.07959595959595955
beta,C29,C,0.09756243697101466,0.11140583104779828,-0.30612894013753633,-0.1337373737373737
beta,C30,C,0.10431994299682644,0.12244735720117784,-0.37693681145279573,-0.1644444444444444
beta,C31,C,0.10827992672887282,0.12762239797427616,-0.36514733070059147,-0.13050505050505046
beta,C32,C,0.10133923810605945,0.13059665823201275,-0.5825823021841858,-0.28727272727272724
beta,D1,D,0.1083221749877797,0.10783800649268376,0.011249907435218528,0.024646464646464583
beta,D2,D,0.10879938421935083,0.11386670242832413,-0.11498110282940714,-0.015757575757575748
beta,D3,D,0.12300788476388348,0.1356930576471063,-0.2381560926806066,-0.10383838383838384
beta,D4,D,0.1338204396984934,0.13912228964533702,-0.0921416524121545,-0.00848484848484854
beta,D5,D,0.13767052231760632,0.15308651964159595,-0.2666387281265197,-0.09575757575757571
beta,D6,D,0.12714905971831242,0.1447934651255068,-0.3100094621552979,-0.15474747474747474
beta,D7,D,0.11880823097933844,0.13311433686000362,-0.29065563214642137,-0.12808080808080813
beta,D8,D,0.1311514795123272,0.14543077446633915,-0.20766117499151254,-0.11353535353535349
beta,D9,D,0.15549246965535235,0.15972040247800798,-0.053093821892220755,-0.0319191919191919
beta,D10,D,0.16248005260352907,0.15731659532853398,0.07514428137440286,0.019797979797979703
beta,D11,D,0.16957352820756594,0.17073297697715814,-0.014704213262869734,0.01090909090909098
beta,D12,D,0.14263639061013175,0.15453423391862708,-0.17170430485892893,-0.040000000000000036
beta,D13,D,0.12464860877684847,0.12960519466893633,-0.1009684851005989,-0.024646464646464694
beta,D14,D,0.12472405580787634,0.12081889358370011,0.08771960894263311,0.08121212121212129
beta,D15,D,0.10814471372341768,0.10808364600992618,0.0015313929862123177,0.03838383838383841
beta,D16,D,0.1132646627319215,0.11238872400240836,0.020158449827967693,0.042424242424242475
beta,D17,D,0.12644542782492413,0.1276797405364759,-0.026602007254186228,0.0060606060606061
beta,D18,D,0.13101213882810828,0.13651471007011837,-0.10909895078911942,-0.07474747474747478
beta,D19,D,0.15651200295164797,0.15438842238694941,0.036293300144538,0.05616161616161608
beta,D20,D,0.17719857363810015,0.1723632011218949,0.06598575654978925,0.057777777777777706
beta,D21,D,0.172701475739721,0.16810733836885522,0.05331610031527892,0.03353535353535353
beta,D22,D,0.16563790552689964,0.16268359519704714,0.04093364783307942,0.060202020202020146
beta,D23,D,0.16747807995818317,0.16290907980329344,0.0610677756057972,0.03111111111111109
beta,D24,D,0.1463292226255854,0.15471973999210875,-0.14351764278492585,-0.03595959595959597
beta,D25,D,0.1469423244972819,0.15344451532490994,-0.10767162578653769,-0.08767676767676769
beta,D26,D,0.15584418919244056,0.15546143165932733,0.006167384794450545,-0.005252525252525286
beta,D27,D,0.1584997003258929,0.15297843615432027,0.09589804193903777,0.06424242424242421
beta,D28,D,0.15036789020008332,0.144907987060582,0.10026677630327388,0.06424242424242421
beta,D29,D,0.13627471510009406,0.13246140330756365,0.06826980336905182,0.027878787878787836
beta,D30,D,0.13152850718161607,0.13067583014080097,0.014934920181755578,-0.030303030303030276
beta,D31,D,0.12743187782370474,0.12888954068892589,-0.024782147740388158,-0.08040404040404037
beta,D32,D,0.1309751961029038,0.13049087270099025,0.007136601291986369,-0.06020202020202026
