Analysis,Data,Comparison,AUC,AUC_rep_range,AUC_meanscore,CI95,null_mean,p,BA,GD,Sen,Spe,F1,sg2_offender_rate,AUC_excl_atypical
07 A,"log10 absolute band power, all epochs",sg vs cg (n = 45 / 55),0.7542626262626262,0.708–0.801,0.7709090909090909,0.672–0.860,0.4793430303030302,0.0049751243781094,0.667020202020202,0.5728942926156824,0.5722222222222222,0.7618181818181818,0.6139249438079954,,
07 B,"relative band power, all epochs",sg vs cg (n = 45 / 55),0.734,0.674–0.794,0.8004040404040403,0.706–0.886,0.4786226262626263,0.0049751243781094,0.6490909090909092,0.6105910357013667,0.4899999999999999,0.8081818181818182,0.5667518454956786,,
07a closed,"B, eyes-closed epochs (2 × 50 s)",sg vs cg (n = 45 / 55),0.6446262626262627,0.578–0.735,0.7094949494949495,0.604–0.809,0.4773353535353536,0.0149253731343283,0.6006565656565657,0.6642740396946502,0.4722222222222222,0.7290909090909091,0.5220016604036716,,
07a open,"B, eyes-open epochs (2 × 50 s)",sg vs cg (n = 45 / 55),0.708969696969697,0.635–0.763,0.7668686868686868,0.669–0.859,0.4852476767676767,0.0049751243781094,0.6501010101010101,0.592130670848775,0.5811111111111111,0.719090909090909,0.6030198255431825,,
07b,"B, eyes closed, C block removed",sg vs cg (n = 45 / 55),0.582060606060606,0.508–0.666,0.6092929292929292,0.495–0.725,0.4786561616161616,0.0497512437810945,0.5593434343434345,0.718054101055918,0.4077777777777778,0.7109090909090908,0.4609256142652057,,
07e,"B, long eyes-closed block (4 × 116.25 s)",sg vs cg (n = 45 / 55),0.7455151515151516,0.647–0.801,0.7806060606060606,0.685–0.867,0.4782860606060606,0.0049751243781094,0.6579797979797979,0.5962542072828262,0.5077777777777778,0.8081818181818182,0.5827805908849008,,
07c,"B, eyes-closed epochs","held-out cg vs sg2 (n = 55 / 24), within fold",0.5687367424242424,0.526–0.622,,0.439–0.688,0.5079611994949496,0.263681592039801,,,,,,0.4366666666666667,0.5433202479338842
07d A all,"A, all epochs","held-out cg vs sg2 (n = 55 / 24), within fold",0.5486104797979798,0.520–0.594,,0.439–0.662,0.503149797979798,0.2238805970149253,,,,,,0.1929166666666666,0.5663856749311295
07d B all,"B, all epochs","held-out cg vs sg2 (n = 55 / 24), within fold",0.5893295454545455,0.551–0.637,,0.475–0.702,0.510373244949495,0.1940298507462686,,,,,,0.3304166666666667,0.5645668044077135
07d B open,"B, eyes-open epochs","held-out cg vs sg2 (n = 55 / 24), within fold",0.5526218434343434,0.491–0.592,,0.446–0.660,0.508193547979798,0.2885572139303483,,,,,,0.3508333333333333,0.5344607438016529
07f,"B, long eyes-closed block","held-out cg vs sg2 (n = 55 / 24), within fold",0.5817228535353535,0.526–0.631,,0.463–0.704,0.5043356313131313,0.1044776119402985,,,,,,0.2975,0.5611411845730027
