subject,group,epoch,start_s,end_s,corr_all_ch,max_abs_diff_uv,offset_from_marker_s
sub-1005sg,sg,1,18.703,68.703,1.0,0.0,4.998
sub-1005sg,sg,2,78.359,128.359,1.0,0.0,4.995
sub-1005sg,sg,3,139.43,189.43,1.0,0.0,4.997
sub-1005sg,sg,4,199.094,249.094,1.0,0.0,4.995
sub-1009sg,sg,1,21.758,71.758,1.0,0.0,4.999
sub-1009sg,sg,2,82.266,132.266,1.0,0.0,4.999
sub-1013sg,sg,1,26.828,76.828,1.0,0.0,4.994
sub-1013sg,sg,2,88.312,138.312,1.0,0.0,4.997
sub-1017sg,sg,1,17.461,67.461,1.0,0.0,4.993
sub-1017sg,sg,2,76.953,126.953,1.0,0.0,4.999
sub-1017sg,sg,3,137.672,187.672,1.0,0.0,4.996
sub-1017sg,sg,4,197.156,247.156,1.0,0.0,4.994
sub-1018sg,sg,1,14.852,64.852,1.0,0.0,4.999
sub-1018sg,sg,2,74.484,124.484,1.0,0.0,4.997
sub-1018sg,sg,3,135.477,185.477,1.0,0.0,4.993
sub-1018sg,sg,4,195.219,245.219,1.0,0.0,5.0
sub-1020sg,sg,1,22.445,72.445,1.0,0.0,4.997
sub-1020sg,sg,2,82.453,132.453,1.0,0.0,4.995
sub-1021sg,sg,1,23.094,73.094,1.0,0.0,5.0
sub-1021sg,sg,2,83.156,133.156,1.0,0.0,4.999
sub-1027sg,sg,1,14.758,64.758,1.0,0.0,4.998
sub-1027sg,sg,2,74.453,124.453,1.0,0.0,5.0
sub-1027sg,sg,3,135.375,185.375,1.0,0.0,4.996
sub-1027sg,sg,4,194.992,244.992,1.0,0.0,4.998
sub-1028sg,sg,1,23.836,73.836,1.0,0.0,4.997
sub-1028sg,sg,2,83.438,133.438,1.0,0.0,4.996
sub-1028sg,sg,3,144.43,194.43,1.0,0.0,4.996
sub-1028sg,sg,4,203.922,253.922,1.0,0.0,4.994
sub-1029sg,sg,1,20.297,70.297,1.0,0.0,4.997
sub-1029sg,sg,2,80.016,130.016,1.0,0.0,4.996
sub-1029sg,sg,3,141.195,191.195,1.0,0.0,4.994
sub-1029sg,sg,4,200.961,250.961,1.0,0.0,4.999
sub-1030sg,sg,1,14.461,64.461,1.0,0.0,4.994
sub-1030sg,sg,2,74.055,124.055,1.0,0.0,5.0
sub-1030sg,sg,3,135.125,185.125,1.0,0.0,4.999
sub-1030sg,sg,4,194.773,244.773,1.0,0.0,4.998
sub-1031sg,sg,1,13.75,63.75,1.0,0.0,5.0
sub-1031sg,sg,2,73.25,123.25,1.0,0.0,4.995
sub-1031sg,sg,3,133.969,183.969,1.0,0.0,4.998
sub-1031sg,sg,4,193.477,243.477,1.0,0.0,4.998
sub-1032sg,sg,1,14.219,64.219,1.0,0.0,4.997
sub-1032sg,sg,2,73.961,123.961,1.0,0.0,4.997
sub-1032sg,sg,3,134.914,184.914,1.0,0.0,4.994
sub-1032sg,sg,4,194.648,244.648,1.0,0.0,5.0
sub-1033sg,sg,1,25.797,75.797,1.0,0.0,4.999
sub-1033sg,sg,2,85.469,135.469,1.0,0.0,4.995
sub-1033sg,sg,3,146.734,196.734,1.0,0.0,4.997
sub-1033sg,sg,4,206.469,256.469,1.0,0.0,4.998
sub-1035sg,sg,1,18.766,68.766,1.0,0.0,4.993
sub-1035sg,sg,2,78.414,128.414,1.0,0.0,5.0
sub-1035sg,sg,3,139.359,189.359,1.0,0.0,4.993
sub-1035sg,sg,4,198.938,248.938,1.0,0.0,4.998
sub-1037sg,sg,1,15.359,65.359,1.0,0.0,4.993
sub-1037sg,sg,2,74.859,124.859,1.0,0.0,4.996
sub-1037sg,sg,3,135.477,185.477,1.0,0.0,5.0
sub-1037sg,sg,4,194.977,244.977,1.0,0.0,4.997
sub-1038sg,sg,1,13.719,63.719,1.0,0.0,4.999
sub-1038sg,sg,2,73.227,123.227,1.0,0.0,4.993
sub-1038sg,sg,3,133.812,183.812,1.0,0.0,4.998
sub-1038sg,sg,4,193.312,243.312,1.0,0.0,4.994
sub-1039sg,sg,1,13.859,63.859,1.0,0.0,4.996
sub-1039sg,sg,2,73.344,123.344,1.0,0.0,4.997
sub-1039sg,sg,3,133.938,183.938,1.0,0.0,4.995
sub-1039sg,sg,4,193.422,243.422,1.0,0.0,4.994
sub-1040sg,sg,1,17.5,67.5,1.0,0.0,4.994
sub-1040sg,sg,2,77.203,127.203,1.0,0.0,5.0
sub-1040sg,sg,3,138.641,188.641,1.0,0.0,4.999
sub-1040sg,sg,4,198.344,248.344,1.0,0.0,5.0
sub-1041sg,sg,1,25.023,75.023,1.0,0.0,4.996
sub-1041sg,sg,2,84.82,134.82,1.0,0.0,4.997
sub-1041sg,sg,3,146.242,196.242,1.0,0.0,4.999
sub-1041sg,sg,4,205.961,255.961,1.0,0.0,5.0
sub-1042sg,sg,1,15.07,65.07,1.0,0.0,4.995
sub-1042sg,sg,2,74.562,124.562,1.0,0.0,4.996
sub-1042sg,sg,3,135.156,185.156,1.0,0.0,4.997
sub-1042sg,sg,4,194.656,244.656,1.0,0.0,4.995
sub-1043sg,sg,1,21.828,71.828,1.0,0.0,4.997
sub-1043sg,sg,2,81.508,131.508,1.0,0.0,4.997
sub-1043sg,sg,3,142.664,192.664,1.0,0.0,4.996
sub-1043sg,sg,4,202.492,252.492,1.0,0.0,4.995
sub-1044sg,sg,1,13.883,63.883,1.0,0.0,4.993
sub-1044sg,sg,2,73.383,123.383,1.0,0.0,4.993
sub-1044sg,sg,3,134.008,184.008,1.0,0.0,4.994
sub-1044sg,sg,4,193.508,243.508,1.0,0.0,4.996
sub-1045sg,sg,1,18.68,68.68,1.0,0.0,4.999
sub-1045sg,sg,2,77.938,127.938,1.0,0.0,4.998
sub-1045sg,sg,3,139.18,189.18,1.0,0.0,4.993
sub-1045sg,sg,4,198.422,248.422,1.0,0.0,4.995
sub-1046sg,sg,1,19.742,69.742,1.0,0.0,4.996
sub-1046sg,sg,2,79.352,129.352,1.0,0.0,4.998
sub-1046sg,sg,3,140.547,190.547,1.0,0.0,4.994
sub-1046sg,sg,4,200.211,250.211,1.0,0.0,5.0
sub-1047sg,sg,1,16.953,66.953,1.0,0.0,4.997
sub-1047sg,sg,2,76.727,126.727,1.0,0.0,4.994
sub-1047sg,sg,3,138.148,188.148,1.0,0.0,4.996
sub-1047sg,sg,4,197.789,247.789,1.0,0.0,4.995
sub-1048sg,sg,1,15.039,65.039,1.0,0.0,4.993
sub-1048sg,sg,2,74.781,124.781,1.0,0.0,5.0
sub-1048sg,sg,3,135.781,185.781,1.0,0.0,4.999
sub-1048sg,sg,4,195.484,245.484,1.0,0.0,4.999
sub-1050sg,sg,1,14.75,64.75,1.0,0.0,5.0
sub-1050sg,sg,2,74.391,124.391,1.0,0.0,4.998
sub-1050sg,sg,3,135.367,185.367,1.0,0.0,4.998
sub-1050sg,sg,4,195.062,245.062,1.0,0.0,4.995
sub-1051sg,sg,1,15.0,65.0,1.0,0.0,4.999
sub-1051sg,sg,2,74.664,124.664,1.0,0.0,4.999
sub-1051sg,sg,3,135.602,185.602,1.0,0.0,4.999
sub-1051sg,sg,4,195.211,245.211,1.0,0.0,4.995
sub-1053sg,sg,1,16.414,66.414,1.0,0.0,4.999
sub-1053sg,sg,2,75.914,125.914,1.0,0.0,5.0
sub-1053sg,sg,3,136.531,186.531,1.0,0.0,4.998
sub-1053sg,sg,4,196.055,246.055,1.0,0.0,4.993
sub-1054sg,sg,1,17.109,67.109,1.0,0.0,4.999
sub-1054sg,sg,2,76.617,126.617,1.0,0.0,4.995
sub-1054sg,sg,3,137.336,187.336,1.0,0.0,4.995
sub-1054sg,sg,4,196.852,246.852,1.0,0.0,4.999
sub-1056sg,sg,1,17.062,67.062,1.0,0.0,4.994
sub-1056sg,sg,2,76.562,126.562,1.0,0.0,4.993
sub-1056sg,sg,3,137.133,187.133,1.0,0.0,4.996
sub-1056sg,sg,4,196.617,246.617,1.0,0.0,4.994
sub-1057sg,sg,1,27.031,77.031,1.0,0.0,4.996
sub-1057sg,sg,2,86.672,136.672,1.0,0.0,4.997
sub-1057sg,sg,3,147.789,197.789,1.0,0.0,5.0
sub-1057sg,sg,4,207.406,257.406,1.0,0.0,4.994
sub-1058sg,sg,1,19.742,69.742,1.0,0.0,4.993
sub-1058sg,sg,2,79.336,129.336,1.0,0.0,4.998
sub-1058sg,sg,3,140.555,190.555,1.0,0.0,4.999
sub-1058sg,sg,4,200.266,250.266,1.0,0.0,4.996
sub-1059sg,sg,1,16.055,66.055,1.0,0.0,4.997
sub-1059sg,sg,2,75.734,125.734,1.0,0.0,4.993
sub-1059sg,sg,3,136.773,186.773,1.0,0.0,4.993
sub-1059sg,sg,4,196.539,246.539,1.0,0.0,4.997
sub-1061sg,sg,1,13.75,63.75,1.0,0.0,4.999
sub-1061sg,sg,2,73.266,123.266,1.0,0.0,4.996
sub-1061sg,sg,3,133.852,183.852,1.0,0.0,4.998
sub-1061sg,sg,4,193.367,243.367,1.0,0.0,4.995
sub-1063sg,sg,1,15.594,65.594,1.0,0.0,4.994
sub-1063sg,sg,2,74.766,124.766,1.0,0.0,4.994
sub-1063sg,sg,3,135.43,185.43,1.0,0.0,4.995
sub-1063sg,sg,4,194.602,244.602,1.0,0.0,4.999
sub-1064sg,sg,1,15.297,65.297,1.0,0.0,4.997
sub-1064sg,sg,2,74.938,124.938,1.0,0.0,4.998
sub-1064sg,sg,3,135.891,185.891,1.0,0.0,4.995
sub-1064sg,sg,4,195.492,245.492,1.0,0.0,4.994
sub-1065sg,sg,1,16.18,66.18,1.0,0.0,4.999
sub-1065sg,sg,2,75.68,125.68,1.0,0.0,4.994
sub-1065sg,sg,3,136.352,186.352,1.0,0.0,4.994
sub-1065sg,sg,4,195.867,245.867,1.0,0.0,4.999
sub-1066sg,sg,1,19.164,69.164,1.0,0.0,4.998
sub-1066sg,sg,2,78.633,128.633,1.0,0.0,4.998
sub-1066sg,sg,3,139.297,189.297,1.0,0.0,4.994
sub-1066sg,sg,4,198.789,248.789,1.0,0.0,5.0
sub-1067sg,sg,1,13.938,63.938,1.0,0.0,5.0
sub-1067sg,sg,2,73.43,123.43,1.0,0.0,4.999
sub-1067sg,sg,3,134.016,184.016,1.0,0.0,4.994
sub-1067sg,sg,4,193.539,243.539,1.0,0.0,4.996
sub-1068sg,sg,1,13.359,63.359,1.0,0.0,5.0
sub-1068sg,sg,2,72.867,122.867,1.0,0.0,4.997
sub-1068sg,sg,3,133.781,183.781,1.0,0.0,4.994
sub-1068sg,sg,4,193.281,243.281,1.0,0.0,4.994
sub-1069sg,sg,1,23.234,73.234,1.0,0.0,4.995
sub-1069sg,sg,2,83.086,133.086,1.0,0.0,4.997
sub-1069sg,sg,3,144.156,194.156,1.0,0.0,4.997
sub-1069sg,sg,4,203.742,253.742,1.0,0.0,4.994
sub-1070sg,sg,1,14.828,64.828,1.0,0.0,4.999
sub-1070sg,sg,2,74.414,124.414,1.0,0.0,4.995
sub-1070sg,sg,3,135.047,185.047,1.0,0.0,4.996
sub-1070sg,sg,4,194.539,244.539,1.0,0.0,4.995
sub-1071sg,sg,1,15.523,65.523,1.0,0.0,4.995
sub-1071sg,sg,2,75.188,125.188,1.0,0.0,4.999
sub-1071sg,sg,3,136.242,186.242,1.0,0.0,4.993
sub-1071sg,sg,4,195.977,245.977,1.0,0.0,5.0
sub-1072sg,sg,1,33.266,83.266,1.0,0.0,4.997
sub-1072sg,sg,2,92.984,142.984,1.0,0.0,4.995
sub-1072sg,sg,3,153.836,203.836,1.0,0.0,4.993
sub-1072sg,sg,4,213.484,263.484,1.0,0.0,5.0
sub-1073sg,sg,1,13.297,63.297,1.0,0.0,4.997
sub-1073sg,sg,2,72.773,122.773,1.0,0.0,4.993
sub-1073sg,sg,3,133.391,183.391,1.0,0.0,4.996
sub-1073sg,sg,4,192.875,242.875,1.0,0.0,5.0
sub-1074sg,sg,1,14.055,64.055,1.0,0.0,5.0
sub-1074sg,sg,2,73.547,123.547,1.0,0.0,4.993
sub-1074sg,sg,3,134.211,184.211,1.0,0.0,4.999
sub-1074sg,sg,4,193.703,243.703,1.0,0.0,4.993
sub-1075sg,sg,1,20.562,70.562,1.0,0.0,4.998
sub-1075sg,sg,2,80.266,130.266,1.0,0.0,4.999
sub-1075sg,sg,3,141.43,191.43,1.0,0.0,5.0
sub-1075sg,sg,4,201.031,251.031,1.0,0.0,4.998
sub-1076sg2,sg2,1,15.0,65.0,1.0,0.0,4.995
sub-1076sg2,sg2,2,74.953,124.953,1.0,0.0,4.993
sub-1076sg2,sg2,3,135.852,185.852,1.0,0.0,4.999
sub-1076sg2,sg2,4,195.82,245.82,1.0,0.0,4.998
sub-1077sg2,sg2,1,15.695,65.695,1.0,0.0,4.997
sub-1077sg2,sg2,2,75.672,125.672,1.0,0.0,4.998
sub-1077sg2,sg2,3,136.57,186.57,1.0,0.0,4.996
sub-1077sg2,sg2,4,196.523,246.523,1.0,0.0,4.997
sub-1078sg2,sg2,1,14.047,64.047,1.0,0.0,5.0
sub-1078sg2,sg2,2,73.977,123.977,1.0,0.0,4.997
sub-1078sg2,sg2,3,134.477,184.477,1.0,0.0,4.994
sub-1078sg2,sg2,4,194.375,244.375,1.0,0.0,4.993
sub-1079sg2,sg2,1,13.953,63.953,1.0,0.0,4.994
sub-1079sg2,sg2,2,73.859,123.859,1.0,0.0,4.999
sub-1079sg2,sg2,3,134.344,184.344,1.0,0.0,4.993
sub-1079sg2,sg2,4,194.266,244.266,1.0,0.0,4.997
sub-1081sg2,sg2,1,15.719,65.719,1.0,0.0,5.0
sub-1081sg2,sg2,2,75.711,125.711,1.0,0.0,4.999
sub-1081sg2,sg2,3,136.695,186.695,1.0,0.0,4.996
sub-1081sg2,sg2,4,196.711,246.711,1.0,0.0,4.993
sub-1083sg2,sg2,1,14.094,64.094,1.0,0.0,4.993
sub-1083sg2,sg2,2,74.008,124.008,1.0,0.0,4.995
sub-1083sg2,sg2,3,134.5,184.5,1.0,0.0,4.997
sub-1083sg2,sg2,4,194.414,244.414,1.0,0.0,4.994
sub-1087sg2,sg2,1,13.453,63.453,1.0,0.0,4.994
sub-1087sg2,sg2,2,73.352,123.352,1.0,0.0,4.996
sub-1087sg2,sg2,3,133.867,183.867,1.0,0.0,4.999
sub-1087sg2,sg2,4,193.805,243.805,1.0,0.0,4.999
sub-1096sg2,sg2,1,14.523,64.523,1.0,0.0,4.994
sub-1096sg2,sg2,2,74.539,124.539,1.0,0.0,4.995
sub-1096sg2,sg2,3,135.398,185.398,1.0,0.0,4.995
sub-1096sg2,sg2,4,195.414,245.414,1.0,0.0,4.994
sub-1097sg2,sg2,1,15.844,65.844,1.0,0.0,4.999
sub-1097sg2,sg2,2,75.867,125.867,1.0,0.0,4.998
sub-1097sg2,sg2,3,136.945,186.945,1.0,0.0,4.997
sub-1097sg2,sg2,4,196.984,246.984,1.0,0.0,4.996
sub-1099sg2,sg2,1,14.188,64.188,1.0,0.0,4.993
sub-1099sg2,sg2,2,74.133,124.133,1.0,0.0,4.997
sub-1099sg2,sg2,3,134.633,184.633,1.0,0.0,4.997
sub-1099sg2,sg2,4,194.602,244.602,1.0,0.0,4.993
sub-1100sg2,sg2,1,14.398,64.398,1.0,0.0,5.0
sub-1100sg2,sg2,2,74.336,124.336,1.0,0.0,4.995
sub-1100sg2,sg2,3,134.805,184.805,1.0,0.0,4.994
sub-1100sg2,sg2,4,194.766,244.766,1.0,0.0,4.999
sub-1103sg2,sg2,1,14.539,64.539,1.0,0.0,4.998
sub-1103sg2,sg2,2,74.547,124.547,1.0,0.0,4.997
sub-1103sg2,sg2,3,135.422,185.422,1.0,0.0,4.996
sub-1103sg2,sg2,4,195.469,245.469,1.0,0.0,4.994
sub-1104sg2,sg2,1,15.43,65.43,1.0,0.0,4.995
sub-1104sg2,sg2,2,75.422,125.422,1.0,0.0,4.999
sub-1104sg2,sg2,3,136.305,186.305,1.0,0.0,4.995
sub-1104sg2,sg2,4,196.32,246.32,1.0,0.0,4.997
sub-1105sg2,sg2,1,31.875,81.875,1.0,0.0,4.997
sub-1105sg2,sg2,2,92.227,142.227,1.0,0.0,4.999
sub-1105sg2,sg2,3,154.078,204.078,1.0,0.0,4.998
sub-1105sg2,sg2,4,213.945,263.945,1.0,0.0,4.994
sub-1106sg2,sg2,1,44.047,94.047,1.0,0.0,4.995
sub-1106sg2,sg2,2,103.93,153.93,1.0,0.0,4.998
sub-1106sg2,sg2,3,166.031,216.031,1.0,0.0,4.998
sub-1106sg2,sg2,4,225.812,275.812,1.0,0.0,4.996
sub-1107sg2,sg2,1,32.68,82.68,1.0,0.0,4.994
sub-1107sg2,sg2,2,92.562,142.562,1.0,0.0,4.998
sub-1107sg2,sg2,3,154.039,204.039,1.0,0.0,4.995
sub-1107sg2,sg2,4,213.992,263.992,1.0,0.0,4.993
sub-1108sg2,sg2,1,17.445,67.445,1.0,0.0,4.998
sub-1108sg2,sg2,2,76.961,126.961,1.0,0.0,5.0
sub-1108sg2,sg2,3,137.625,187.625,1.0,0.0,4.999
sub-1108sg2,sg2,4,197.25,247.25,1.0,0.0,4.993
sub-1109sg2,sg2,1,28.711,78.711,1.0,0.0,4.997
sub-1109sg2,sg2,2,88.562,138.562,1.0,0.0,5.0
sub-1109sg2,sg2,3,150.062,200.062,1.0,0.0,4.999
sub-1109sg2,sg2,4,209.984,259.984,1.0,0.0,4.999
sub-1110sg2,sg2,1,36.875,86.875,1.0,0.0,4.995
sub-1110sg2,sg2,2,96.938,146.938,1.0,0.0,5.0
sub-1110sg2,sg2,3,158.922,208.922,1.0,0.0,4.994
sub-1110sg2,sg2,4,218.758,268.758,1.0,0.0,4.994
sub-1111sg2,sg2,1,17.211,67.211,1.0,0.0,5.0
sub-1111sg2,sg2,2,76.945,126.945,1.0,0.0,4.998
sub-1111sg2,sg2,3,138.164,188.164,1.0,0.0,4.995
sub-1111sg2,sg2,4,197.906,247.906,1.0,0.0,4.995
sub-1112sg2,sg2,1,27.906,77.906,1.0,0.0,5.0
sub-1112sg2,sg2,2,87.797,137.797,1.0,0.0,4.995
sub-1112sg2,sg2,3,149.141,199.141,1.0,0.0,4.994
sub-1112sg2,sg2,4,208.906,258.906,1.0,0.0,4.996
sub-1113sg2,sg2,1,14.461,64.461,1.0,0.0,5.0
sub-1113sg2,sg2,2,73.961,123.961,1.0,0.0,4.996
sub-1113sg2,sg2,3,134.547,184.547,1.0,0.0,5.0
sub-1113sg2,sg2,4,194.047,244.047,1.0,0.0,4.997
sub-1114sg2,sg2,1,22.43,72.43,1.0,0.0,4.999
sub-1114sg2,sg2,2,82.172,132.172,1.0,0.0,4.998
sub-1114sg2,sg2,3,143.211,193.211,1.0,0.0,4.994
sub-1114sg2,sg2,4,202.805,252.805,1.0,0.0,4.997
sub-1115sg2,sg2,1,18.391,68.391,1.0,0.0,5.0
sub-1115sg2,sg2,2,78.133,128.133,1.0,0.0,4.999
sub-1115sg2,sg2,3,139.336,189.336,1.0,0.0,4.998
sub-1115sg2,sg2,4,199.016,249.016,1.0,0.0,4.999
sub-2001cg,cg,1,26.227,76.227,1.0,0.0,4.994
sub-2001cg,cg,2,85.992,135.992,1.0,0.0,4.997
sub-2001cg,cg,3,146.836,196.836,1.0,0.0,4.997
sub-2001cg,cg,4,206.5,256.5,1.0,0.0,4.994
sub-2002cg,cg,1,15.266,65.266,1.0,0.0,4.994
sub-2002cg,cg,2,75.273,125.273,1.0,0.0,5.0
sub-2002cg,cg,3,136.164,186.164,1.0,0.0,4.997
sub-2002cg,cg,4,196.188,246.188,1.0,0.0,4.993
sub-2003cg,cg,1,15.852,65.852,1.0,0.0,4.997
sub-2003cg,cg,2,75.875,125.875,1.0,0.0,4.994
sub-2003cg,cg,3,136.664,186.664,1.0,0.0,4.996
sub-2003cg,cg,4,196.672,246.672,1.0,0.0,4.994
sub-2004cg,cg,1,14.188,64.188,1.0,0.0,4.993
sub-2004cg,cg,2,74.172,124.172,1.0,0.0,4.996
sub-2004cg,cg,3,134.562,184.562,1.0,0.0,5.0
sub-2004cg,cg,4,194.531,244.531,1.0,0.0,4.998
sub-2005cg,cg,1,15.383,65.383,1.0,0.0,4.998
sub-2005cg,cg,2,75.328,125.328,1.0,0.0,5.0
sub-2005cg,cg,3,136.031,186.031,1.0,0.0,4.993
sub-2005cg,cg,4,196.055,246.055,1.0,0.0,5.0
sub-2006cg,cg,1,13.57,63.57,1.0,0.0,4.998
sub-2006cg,cg,2,73.508,123.508,1.0,0.0,4.993
sub-2006cg,cg,3,133.969,183.969,1.0,0.0,4.998
sub-2006cg,cg,4,193.859,243.859,1.0,0.0,5.0
sub-2007cg,cg,1,13.336,63.336,1.0,0.0,5.0
sub-2007cg,cg,2,73.18,123.18,1.0,0.0,4.996
sub-2007cg,cg,3,133.602,183.602,1.0,0.0,4.998
sub-2007cg,cg,4,193.469,243.469,1.0,0.0,4.994
sub-2008cg,cg,1,15.062,65.062,1.0,0.0,4.995
sub-2008cg,cg,2,75.102,125.102,1.0,0.0,4.994
sub-2008cg,cg,3,135.945,185.945,1.0,0.0,4.993
sub-2008cg,cg,4,195.961,245.961,1.0,0.0,4.993
sub-2009cg,cg,1,13.32,63.32,1.0,0.0,5.0
sub-2009cg,cg,2,73.25,123.25,1.0,0.0,4.996
sub-2009cg,cg,3,133.641,183.641,1.0,0.0,4.993
sub-2009cg,cg,4,193.578,243.578,1.0,0.0,5.0
sub-2010cg,cg,1,15.812,65.812,1.0,0.0,5.0
sub-2010cg,cg,2,75.828,125.828,1.0,0.0,4.998
sub-2010cg,cg,3,136.555,186.555,1.0,0.0,4.994
sub-2010cg,cg,4,196.531,246.531,1.0,0.0,4.993
sub-2011cg,cg,1,13.367,63.367,1.0,0.0,5.0
sub-2011cg,cg,2,73.203,123.203,1.0,0.0,5.0
sub-2011cg,cg,3,133.516,183.516,1.0,0.0,4.994
sub-2011cg,cg,4,193.344,243.344,1.0,0.0,4.993
sub-2012cg,cg,1,13.719,63.719,1.0,0.0,4.994
sub-2012cg,cg,2,73.586,123.586,1.0,0.0,4.994
sub-2012cg,cg,3,133.922,183.922,1.0,0.0,4.994
sub-2012cg,cg,4,193.805,243.805,1.0,0.0,4.999
sub-2014cg,cg,1,15.57,65.57,1.0,0.0,4.998
sub-2014cg,cg,2,75.547,125.547,1.0,0.0,4.994
sub-2014cg,cg,3,136.266,186.266,1.0,0.0,4.995
sub-2014cg,cg,4,196.266,246.266,1.0,0.0,4.996
sub-2015cg,cg,1,13.258,63.258,1.0,0.0,4.994
sub-2015cg,cg,2,73.133,123.133,1.0,0.0,4.998
sub-2015cg,cg,3,133.461,183.461,1.0,0.0,4.994
sub-2015cg,cg,4,193.375,243.375,1.0,0.0,4.999
sub-2016cg,cg,1,16.156,66.156,1.0,0.0,4.994
sub-2016cg,cg,2,76.109,126.109,1.0,0.0,4.998
sub-2016cg,cg,3,137.156,187.156,1.0,0.0,4.993
sub-2016cg,cg,4,197.195,247.195,1.0,0.0,4.997
sub-2017cg,cg,1,13.391,63.391,1.0,0.0,4.996
sub-2017cg,cg,2,73.367,123.367,1.0,0.0,4.996
sub-2017cg,cg,3,133.789,183.789,1.0,0.0,4.995
sub-2017cg,cg,4,193.773,243.773,1.0,0.0,4.997
sub-2018cg,cg,1,18.234,68.234,1.0,0.0,5.0
sub-2018cg,cg,2,78.234,128.234,1.0,0.0,4.996
sub-2018cg,cg,3,139.227,189.227,1.0,0.0,4.998
sub-2018cg,cg,4,199.242,249.242,1.0,0.0,4.998
sub-2019cg,cg,1,13.227,63.227,1.0,0.0,5.0
sub-2019cg,cg,2,73.125,123.125,1.0,0.0,4.998
sub-2019cg,cg,3,133.617,183.617,1.0,0.0,4.997
sub-2019cg,cg,4,193.477,243.477,1.0,0.0,4.999
sub-2020cg,cg,1,28.023,78.023,1.0,0.0,4.993
sub-2020cg,cg,2,87.625,137.625,1.0,0.0,4.998
sub-2020cg,cg,3,148.492,198.492,1.0,0.0,5.0
sub-2020cg,cg,4,208.023,258.023,1.0,0.0,4.999
sub-2021cg,cg,1,18.055,68.055,1.0,0.0,4.996
sub-2021cg,cg,2,77.711,127.711,1.0,0.0,4.993
sub-2021cg,cg,3,139.281,189.281,1.0,0.0,4.998
sub-2021cg,cg,4,198.922,248.922,1.0,0.0,4.998
sub-2022cg,cg,1,15.555,65.555,1.0,0.0,4.997
sub-2022cg,cg,2,75.484,125.484,1.0,0.0,4.999
sub-2022cg,cg,3,136.5,186.5,1.0,0.0,5.0
sub-2022cg,cg,4,196.5,246.5,1.0,0.0,4.993
sub-2023cg,cg,1,21.062,71.062,1.0,0.0,4.997
sub-2023cg,cg,2,80.898,130.898,1.0,0.0,4.993
sub-2023cg,cg,3,141.82,191.82,1.0,0.0,4.995
sub-2023cg,cg,4,201.438,251.438,1.0,0.0,4.995
sub-2026cg,cg,1,39.688,89.688,1.0,0.0,4.996
sub-2026cg,cg,2,100.031,150.031,1.0,0.0,4.998
sub-2026cg,cg,3,161.227,211.227,1.0,0.0,4.995
sub-2026cg,cg,4,220.766,270.766,1.0,0.0,4.997
sub-2028cg,cg,1,17.523,67.523,1.0,0.0,4.994
sub-2028cg,cg,2,77.023,127.023,1.0,0.0,4.993
sub-2028cg,cg,3,137.617,187.617,1.0,0.0,4.996
sub-2028cg,cg,4,197.109,247.109,1.0,0.0,4.996
sub-2029cg,cg,1,19.461,69.461,1.0,0.0,4.995
sub-2029cg,cg,2,79.492,129.492,1.0,0.0,4.994
sub-2029cg,cg,3,140.797,190.797,1.0,0.0,4.995
sub-2029cg,cg,4,200.562,250.562,1.0,0.0,4.999
sub-2030cg,cg,1,29.047,79.047,1.0,0.0,4.999
sub-2030cg,cg,2,89.75,139.75,1.0,0.0,4.994
sub-2030cg,cg,3,150.57,200.57,1.0,0.0,4.998
sub-2030cg,cg,4,210.344,260.344,1.0,0.0,4.996
sub-2031cg,cg,1,17.617,67.617,1.0,0.0,4.993
sub-2031cg,cg,2,77.117,127.117,1.0,0.0,4.999
sub-2031cg,cg,3,137.93,187.93,1.0,0.0,4.999
sub-2031cg,cg,4,197.5,247.5,1.0,0.0,4.995
sub-2033cg,cg,1,14.094,64.094,1.0,0.0,4.994
sub-2033cg,cg,2,73.586,123.586,1.0,0.0,4.995
sub-2033cg,cg,3,134.195,184.195,1.0,0.0,4.993
sub-2033cg,cg,4,193.695,243.695,1.0,0.0,4.993
sub-2034cg,cg,1,39.086,89.086,1.0,0.0,4.996
sub-2034cg,cg,2,99.414,149.414,1.0,0.0,4.999
sub-2034cg,cg,3,160.953,210.953,1.0,0.0,4.995
sub-2034cg,cg,4,221.031,271.031,1.0,0.0,4.993
sub-2036cg,cg,1,20.312,70.312,1.0,0.0,4.994
sub-2036cg,cg,2,79.938,129.938,1.0,0.0,4.997
sub-2036cg,cg,3,140.695,190.695,1.0,0.0,4.998
sub-2036cg,cg,4,200.484,250.484,1.0,0.0,4.993
sub-2037cg,cg,1,16.297,66.297,1.0,0.0,4.997
sub-2037cg,cg,2,75.953,125.953,1.0,0.0,4.996
sub-2037cg,cg,3,137.25,187.25,1.0,0.0,4.999
sub-2037cg,cg,4,196.977,246.977,1.0,0.0,5.0
sub-2038cg,cg,1,17.164,67.164,1.0,0.0,4.999
sub-2038cg,cg,2,76.688,126.688,1.0,0.0,4.995
sub-2038cg,cg,3,137.281,187.281,1.0,0.0,4.996
sub-2038cg,cg,4,196.883,246.883,1.0,0.0,4.993
sub-2040cg,cg,1,20.727,70.727,1.0,0.0,4.998
sub-2040cg,cg,2,80.328,130.328,1.0,0.0,4.993
sub-2040cg,cg,3,141.211,191.211,1.0,0.0,4.996
sub-2040cg,cg,4,200.719,250.719,1.0,0.0,4.993
sub-2043cg,cg,1,14.891,64.891,1.0,0.0,4.998
sub-2043cg,cg,2,74.414,124.414,1.0,0.0,4.996
sub-2043cg,cg,3,135.016,185.016,1.0,0.0,4.996
sub-2043cg,cg,4,194.523,244.523,1.0,0.0,4.999
sub-2044cg,cg,1,26.523,76.523,1.0,0.0,4.994
sub-2044cg,cg,2,86.055,136.055,1.0,0.0,4.999
sub-2044cg,cg,3,147.891,197.891,1.0,0.0,4.998
sub-2044cg,cg,4,207.438,257.438,1.0,0.0,4.998
sub-2045cg,cg,1,13.672,63.672,1.0,0.0,4.999
sub-2045cg,cg,2,73.18,123.18,1.0,0.0,5.0
sub-2045cg,cg,3,133.797,183.797,1.0,0.0,4.996
sub-2045cg,cg,4,193.312,243.312,1.0,0.0,5.0
sub-2046cg,cg,1,32.602,82.602,1.0,0.0,4.994
sub-2046cg,cg,2,92.148,142.148,1.0,0.0,4.999
sub-2046cg,cg,3,153.102,203.102,1.0,0.0,4.993
sub-2046cg,cg,4,212.727,262.727,1.0,0.0,4.995
sub-2047cg,cg,1,17.547,67.547,1.0,0.0,4.997
sub-2047cg,cg,2,77.078,127.078,1.0,0.0,4.994
sub-2047cg,cg,3,137.664,187.664,1.0,0.0,4.994
sub-2047cg,cg,4,197.164,247.164,1.0,0.0,4.999
sub-2048cg,cg,1,25.766,75.766,1.0,0.0,4.995
sub-2048cg,cg,2,85.516,135.516,1.0,0.0,4.998
sub-2048cg,cg,3,146.828,196.828,1.0,0.0,4.999
sub-2048cg,cg,4,206.344,256.344,1.0,0.0,4.996
sub-2050cg,cg,1,17.195,67.195,1.0,0.0,4.994
sub-2050cg,cg,2,76.688,126.688,1.0,0.0,4.993
sub-2050cg,cg,3,138.422,188.422,1.0,0.0,4.993
sub-2050cg,cg,4,197.922,247.922,1.0,0.0,4.994
sub-2051cg,cg,1,21.023,71.023,1.0,0.0,4.994
sub-2051cg,cg,2,80.727,130.727,1.0,0.0,4.993
sub-2051cg,cg,3,141.539,191.539,1.0,0.0,4.993
sub-2051cg,cg,4,201.172,251.172,1.0,0.0,4.993
sub-2052cg,cg,1,19.953,69.953,1.0,0.0,4.997
sub-2052cg,cg,2,79.477,129.477,1.0,0.0,4.995
sub-2052cg,cg,3,140.172,190.172,1.0,0.0,4.993
sub-2052cg,cg,4,199.984,249.984,1.0,0.0,5.0
sub-2054cg,cg,1,29.594,79.594,1.0,0.0,5.0
sub-2054cg,cg,2,89.938,139.938,1.0,0.0,4.999
sub-2054cg,cg,3,150.875,200.875,1.0,0.0,5.0
sub-2054cg,cg,4,210.383,260.383,1.0,0.0,4.998
sub-2055cg,cg,1,15.812,65.812,1.0,0.0,4.999
sub-2055cg,cg,2,75.531,125.531,1.0,0.0,4.995
sub-2055cg,cg,3,136.688,186.688,1.0,0.0,4.998
sub-2055cg,cg,4,196.375,246.375,1.0,0.0,5.0
sub-2056cg,cg,1,28.273,78.273,1.0,0.0,4.996
sub-2056cg,cg,2,87.828,137.828,1.0,0.0,4.993
sub-2056cg,cg,3,148.625,198.625,1.0,0.0,4.995
sub-2056cg,cg,4,208.195,258.195,1.0,0.0,4.995
sub-2057cg,cg,1,17.742,67.742,1.0,0.0,4.993
sub-2057cg,cg,2,77.352,127.352,1.0,0.0,4.997
sub-2057cg,cg,3,138.078,188.078,1.0,0.0,4.997
sub-2057cg,cg,4,197.57,247.57,1.0,0.0,4.995
sub-2059cg,cg,1,18.82,68.82,1.0,0.0,4.993
sub-2059cg,cg,2,78.383,128.383,1.0,0.0,4.999
sub-2059cg,cg,3,139.055,189.055,1.0,0.0,4.994
sub-2059cg,cg,4,198.719,248.719,1.0,0.0,4.993
sub-2060cg,cg,1,18.062,68.062,1.0,0.0,4.994
sub-2060cg,cg,2,77.68,127.68,1.0,0.0,4.998
sub-2060cg,cg,3,138.305,188.305,1.0,0.0,4.999
sub-2060cg,cg,4,197.906,247.906,1.0,0.0,4.996
sub-2061cg,cg,1,26.617,76.617,1.0,0.0,4.996
sub-2061cg,cg,2,87.078,137.078,1.0,0.0,4.998
sub-2061cg,cg,3,148.086,198.086,1.0,0.0,4.996
sub-2061cg,cg,4,207.625,257.625,1.0,0.0,4.994
sub-2062cg,cg,1,15.984,65.984,1.0,0.0,4.996
sub-2062cg,cg,2,75.703,125.703,1.0,0.0,4.996
sub-2062cg,cg,3,136.961,186.961,1.0,0.0,4.997
sub-2062cg,cg,4,196.664,246.664,1.0,0.0,4.996
sub-2063cg,cg,1,19.461,69.461,1.0,0.0,4.993
sub-2063cg,cg,2,79.023,129.023,1.0,0.0,4.994
sub-2063cg,cg,3,139.727,189.727,1.0,0.0,4.996
sub-2063cg,cg,4,199.352,249.352,1.0,0.0,5.0
sub-2064cg,cg,1,15.852,65.852,1.0,0.0,4.997
sub-2064cg,cg,2,75.594,125.594,1.0,0.0,4.996
sub-2064cg,cg,3,136.703,186.703,1.0,0.0,4.995
sub-2064cg,cg,4,196.445,246.445,1.0,0.0,4.996
sub-2065cg,cg,1,18.781,68.781,1.0,0.0,4.994
sub-2065cg,cg,2,78.391,128.391,1.0,0.0,5.0
sub-2065cg,cg,3,139.188,189.188,1.0,0.0,4.998
sub-2065cg,cg,4,198.852,248.852,1.0,0.0,4.994
sub-2066cg,cg,1,15.688,65.688,1.0,0.0,4.994
sub-2066cg,cg,2,75.555,125.555,1.0,0.0,4.994
sub-2066cg,cg,3,136.484,186.484,1.0,0.0,4.996
sub-2066cg,cg,4,196.266,246.266,1.0,0.0,4.996
sub-2067cg,cg,1,21.977,71.977,1.0,0.0,4.997
sub-2067cg,cg,2,81.742,131.742,1.0,0.0,4.993
sub-2067cg,cg,3,142.477,192.477,1.0,0.0,4.995
sub-2067cg,cg,4,202.109,252.109,1.0,0.0,4.998
sub-2068cg,cg,1,17.164,67.164,1.0,0.0,4.997
sub-2068cg,cg,2,76.82,126.82,1.0,0.0,5.0
sub-2068cg,cg,3,137.727,187.727,1.0,0.0,4.995
sub-2068cg,cg,4,197.234,247.234,1.0,0.0,4.994
sub-2070cg,cg,1,18.125,68.125,1.0,0.0,4.994
sub-2070cg,cg,2,77.766,127.766,1.0,0.0,4.994
sub-2070cg,cg,3,139.039,189.039,1.0,0.0,4.996
sub-2070cg,cg,4,198.586,248.586,1.0,0.0,5.0
sub-2071cg,cg,1,15.844,65.844,1.0,0.0,4.997
sub-2071cg,cg,2,75.344,125.344,1.0,0.0,4.996
sub-2071cg,cg,3,136.047,186.047,1.0,0.0,4.994
sub-2071cg,cg,4,195.547,245.547,1.0,0.0,4.995
sub-2072cg,cg,1,13.242,63.242,1.0,0.0,5.0
sub-2072cg,cg,2,72.742,122.742,1.0,0.0,4.997
sub-2072cg,cg,3,133.32,183.32,1.0,0.0,4.994
sub-2072cg,cg,4,192.828,242.828,1.0,0.0,4.999
sub-2074cg,cg,1,13.766,63.766,1.0,0.0,5.0
sub-2074cg,cg,2,73.281,123.281,1.0,0.0,4.997
sub-2074cg,cg,3,133.852,183.852,1.0,0.0,4.998
sub-2074cg,cg,4,193.383,243.383,1.0,0.0,5.0
sub-2075cg,cg,1,21.07,71.07,1.0,0.0,4.995
sub-2075cg,cg,2,80.727,130.727,1.0,0.0,4.999
sub-2075cg,cg,3,141.805,191.805,1.0,0.0,4.999
sub-2075cg,cg,4,201.516,251.516,1.0,0.0,5.0
sub-2077cg,cg,1,41.219,91.219,1.0,0.0,4.999
sub-2077cg,cg,2,100.938,150.938,1.0,0.0,4.998
sub-2077cg,cg,3,162.133,212.133,1.0,0.0,4.999
sub-2077cg,cg,4,221.93,271.93,1.0,0.0,4.993
sub-2079cg,cg,1,29.266,79.266,1.0,0.0,4.999
sub-2079cg,cg,2,89.516,139.516,1.0,0.0,4.998
sub-2079cg,cg,3,150.477,200.477,1.0,0.0,4.999
sub-2079cg,cg,4,210.336,260.336,1.0,0.0,4.994
sub-2080cg,cg,1,15.844,65.844,1.0,0.0,4.993
sub-2080cg,cg,2,75.703,125.703,1.0,0.0,4.994
sub-2080cg,cg,3,136.938,186.938,1.0,0.0,4.998
sub-2080cg,cg,4,196.555,246.555,1.0,0.0,4.996
sub-2081cg,cg,1,22.906,72.906,1.0,0.0,4.996
sub-2081cg,cg,2,82.789,132.789,1.0,0.0,4.994
sub-2081cg,cg,3,144.25,194.25,1.0,0.0,4.999
sub-2081cg,cg,4,203.742,253.742,1.0,0.0,4.995
sub-2082cg,cg,1,19.75,69.75,1.0,0.0,4.993
sub-2082cg,cg,2,79.266,129.266,1.0,0.0,5.0
sub-2082cg,cg,3,140.008,190.008,1.0,0.0,4.995
sub-2082cg,cg,4,199.539,249.539,1.0,0.0,4.994
