analysis,feature,coef_mean,coef_sd,frac_positive,n_folds
a_sg_vs_sg2,global_rel_delta,-0.40338519252557703,0.508715368430809,0.0,100
a_sg_vs_sg2,posterior_rel_delta,-0.48340928420530155,0.6100967725233364,0.04,100
a_sg_vs_sg2,global_rel_theta,-0.5278294366604619,1.0057468383429253,0.52,100
a_sg_vs_sg2,posterior_rel_theta,1.3376719136178041,1.420563370016951,1.0,100
a_sg_vs_sg2,global_rel_alpha,0.31987749644891983,0.5703074197272324,0.66,100
a_sg_vs_sg2,posterior_rel_alpha,-0.09228294318256454,0.39454624461522203,0.33,100
a_sg_vs_sg2,global_rel_beta,0.6914031457299715,0.7691837806372044,1.0,100
a_sg_vs_sg2,posterior_rel_beta,0.1715752865140166,0.6224773066592088,0.86,100
a_sg_vs_sg2,global_ap_exponent,-0.35506017970245396,0.7185036443011754,0.12,100
a_sg_vs_sg2,posterior_ap_exponent,0.13337391146707828,0.547280062987034,0.66,100
a_sg_vs_sg2,global_ap_offset,0.6896781596479084,1.5853716935457531,0.75,100
a_sg_vs_sg2,posterior_ap_offset,-0.21538924784421404,1.6809185891347354,0.52,100
a_sg_vs_sg2,global_iaf_fooof,-0.6345545701697956,0.6642717497890711,0.02,100
a_sg_vs_sg2,posterior_iaf_fooof,0.8063102335611095,0.8657100066928539,0.86,100
b_sg_vs_cg,global_rel_delta,0.6792534784174269,0.4597333068795922,1.0,100
b_sg_vs_cg,posterior_rel_delta,-0.40831961697460917,0.4654109868121378,0.23,100
b_sg_vs_cg,global_rel_theta,-0.07123246540899021,0.4128011686147542,0.32,100
b_sg_vs_cg,posterior_rel_theta,-0.6505848056245236,0.5380586863407529,0.06,100
b_sg_vs_cg,global_rel_alpha,-0.42294344822621627,0.37361730010522876,0.07,100
b_sg_vs_cg,posterior_rel_alpha,0.3045689852805691,0.2937374908718792,0.84,100
b_sg_vs_cg,global_rel_beta,-0.8462218613023996,0.7913599448933474,0.02,100
b_sg_vs_cg,posterior_rel_beta,0.9533753759556789,0.822464551371299,0.9,100
b_sg_vs_cg,global_ap_exponent,1.4518064976816496,1.1703265978882738,0.98,100
b_sg_vs_cg,posterior_ap_exponent,-0.7611931795368276,0.6763901586119662,0.08,100
b_sg_vs_cg,global_ap_offset,-2.748995767162246,1.9715436098995451,0.08,100
b_sg_vs_cg,posterior_ap_offset,2.2399992240701034,1.946455860351563,0.9,100
b_sg_vs_cg,global_iaf_fooof,-0.1734015815929791,0.4115454105411908,0.21,100
b_sg_vs_cg,posterior_iaf_fooof,-0.5321800083279621,0.4779253345888523,0.07,100
