rep,fold,n_cg_heldout,transfer_auc,frac_sg2_offender,best_C
0,0,14,0.47619047619047616,0.2916666666666667,316.22776601683796
0,1,13,0.5192307692307693,0.2916666666666667,316.22776601683796
0,2,13,0.40064102564102566,0.4166666666666667,316.22776601683796
0,3,13,0.6089743589743589,0.375,100.0
0,4,13,0.29166666666666663,0.4583333333333333,100.0
1,0,14,0.3928571428571429,0.3333333333333333,100.0
1,1,13,0.4423076923076923,0.375,10.0
1,2,13,0.36538461538461536,0.20833333333333334,10.0
1,3,13,0.5192307692307692,0.4166666666666667,1.0
1,4,13,0.3942307692307693,0.3333333333333333,316.22776601683796
2,0,14,0.6101190476190477,0.375,316.22776601683796
2,1,13,0.3846153846153846,0.25,100.0
2,2,13,0.3301282051282051,0.20833333333333334,100.0
2,3,13,0.33974358974358976,0.375,100.0
2,4,13,0.4198717948717948,0.4583333333333333,100.0
3,0,14,0.3958333333333333,0.2916666666666667,316.22776601683796
3,1,13,0.40705128205128205,0.4166666666666667,10.0
3,2,13,0.4423076923076923,0.25,100.0
3,3,13,0.41025641025641024,0.4166666666666667,10.0
3,4,13,0.3685897435897436,0.2916666666666667,10.0
4,0,14,0.5059523809523809,0.25,0.1
4,1,13,0.4262820512820513,0.5416666666666666,0.03162277660168379
4,2,13,0.41025641025641024,0.2916666666666667,1000.0
4,3,13,0.3557692307692307,0.375,31.622776601683793
4,4,13,0.4230769230769231,0.3333333333333333,0.0031622776601683794
5,0,14,0.38095238095238093,0.4583333333333333,316.22776601683796
5,1,13,0.39102564102564097,0.4166666666666667,1000.0
5,2,13,0.5641025641025641,0.3333333333333333,316.22776601683796
5,3,13,0.38782051282051283,0.375,1000.0
5,4,13,0.45833333333333337,0.375,0.31622776601683794
6,0,14,0.40476190476190477,0.5,316.22776601683796
6,1,13,0.41025641025641024,0.375,100.0
6,2,13,0.42628205128205127,0.4166666666666667,0.1
6,3,13,0.41987179487179493,0.2916666666666667,31.622776601683793
6,4,13,0.592948717948718,0.2916666666666667,100.0
7,0,14,0.32142857142857145,0.4583333333333333,10.0
7,1,13,0.467948717948718,0.2916666666666667,100.0
7,2,13,0.5096153846153846,0.375,316.22776601683796
7,3,13,0.4807692307692307,0.2916666666666667,1000.0
7,4,13,0.4871794871794871,0.3333333333333333,0.1
8,0,14,0.4375,0.4166666666666667,1000.0
8,1,13,0.3717948717948718,0.25,316.22776601683796
8,2,13,0.47435897435897434,0.5416666666666666,1.0
8,3,13,0.40384615384615385,0.4166666666666667,31.622776601683793
8,4,13,0.4294871794871795,0.25,1000.0
9,0,14,0.375,0.2916666666666667,0.1
9,1,13,0.40064102564102566,0.4583333333333333,316.22776601683796
9,2,13,0.4166666666666667,0.4166666666666667,1000.0
9,3,13,0.40705128205128205,0.4166666666666667,0.03162277660168379
9,4,13,0.5288461538461537,0.25,1000.0
10,0,14,0.5,0.4583333333333333,3.1622776601683795
10,1,13,0.3557692307692307,0.2916666666666667,316.22776601683796
10,2,13,0.592948717948718,0.4583333333333333,31.622776601683793
10,3,13,0.36217948717948717,0.25,100.0
10,4,13,0.4551282051282051,0.4166666666666667,0.01
11,0,14,0.20833333333333337,0.20833333333333334,0.03162277660168379
11,1,13,0.48717948717948717,0.4583333333333333,0.1
11,2,13,0.5320512820512819,0.375,316.22776601683796
11,3,13,0.3173076923076923,0.4166666666666667,0.01
11,4,13,0.47115384615384615,0.4166666666666667,0.03162277660168379
12,0,14,0.5535714285714285,0.4583333333333333,316.22776601683796
12,1,13,0.39743589743589747,0.5,0.1
12,2,13,0.5512820512820512,0.4583333333333333,0.03162277660168379
12,3,13,0.2948717948717949,0.4166666666666667,3.1622776601683795
12,4,13,0.44551282051282043,0.3333333333333333,316.22776601683796
13,0,14,0.4613095238095238,0.4166666666666667,100.0
13,1,13,0.4423076923076923,0.3333333333333333,31.622776601683793
13,2,13,0.27564102564102566,0.375,316.22776601683796
13,3,13,0.451923076923077,0.3333333333333333,316.22776601683796
13,4,13,0.5608974358974359,0.4166666666666667,0.03162277660168379
14,0,14,0.6101190476190477,0.4583333333333333,100.0
14,1,13,0.3589743589743589,0.375,100.0
14,2,13,0.41025641025641024,0.4583333333333333,316.22776601683796
14,3,13,0.375,0.4166666666666667,316.22776601683796
14,4,13,0.3301282051282051,0.375,0.03162277660168379
15,0,14,0.44345238095238093,0.375,316.22776601683796
15,1,13,0.32692307692307687,0.375,100.0
15,2,13,0.532051282051282,0.4166666666666667,316.22776601683796
15,3,13,0.4935897435897436,0.3333333333333333,100.0
15,4,13,0.5833333333333333,0.375,316.22776601683796
16,0,14,0.4375,0.5,100.0
16,1,13,0.46474358974358976,0.4166666666666667,31.622776601683793
16,2,13,0.48717948717948717,0.3333333333333333,1000.0
16,3,13,0.4615384615384615,0.3333333333333333,10.0
16,4,13,0.4198717948717949,0.25,31.622776601683793
17,0,14,0.31250000000000006,0.3333333333333333,0.01
17,1,13,0.5128205128205128,0.375,3.1622776601683795
17,2,13,0.35256410256410253,0.4166666666666667,1000.0
17,3,13,0.34935897435897434,0.25,0.03162277660168379
17,4,13,0.5032051282051282,0.4583333333333333,100.0
18,0,14,0.4285714285714286,0.2916666666666667,316.22776601683796
18,1,13,0.576923076923077,0.375,316.22776601683796
18,2,13,0.4198717948717948,0.375,100.0
18,3,13,0.4967948717948718,0.375,316.22776601683796
18,4,13,0.3878205128205128,0.4166666666666667,31.622776601683793
19,0,14,0.386904761904762,0.4166666666666667,0.03162277660168379
19,1,13,0.6346153846153846,0.375,1000.0
19,2,13,0.4455128205128205,0.4583333333333333,10.0
19,3,13,0.4455128205128205,0.5416666666666666,1000.0
19,4,13,0.3333333333333333,0.25,0.03162277660168379
