excel_subject,bids_id,in_participants,r_same_id,best_match,r_best,second_match,r_second,best_is_same_id,n_features_best
cg_rs_2001,sub-2001cg,True,0.898267813417693,sub-2001cg,0.898267813417693,sub-2052cg,0.5478788526504517,True,2047
cg_rs_2002,sub-2002cg,True,0.9369797877612496,sub-2002cg,0.9369797877612496,sub-2050cg,0.6863658185182415,True,2047
cg_rs_2003,sub-2003cg,True,0.931121808609395,sub-2003cg,0.931121808609395,sub-1013sg,0.4288727610289149,True,2047
cg_rs_2004,sub-2004cg,True,0.8977947738111282,sub-2004cg,0.8977947738111282,sub-1061sg,0.7040629622197777,True,2047
cg_rs_2005,sub-2005cg,True,0.96913069641183,sub-2005cg,0.96913069641183,sub-1081sg2,0.49177599786955783,True,2047
cg_rs_2006,sub-2006cg,True,0.8966928864044069,sub-2006cg,0.8966928864044069,sub-1112sg2,0.3669781324950422,True,2047
cg_rs_2007,sub-2007cg,True,0.8720039052365084,sub-2007cg,0.8720039052365084,sub-2067cg,0.27082533403827913,True,2047
cg_rs_2008,sub-2008cg,True,0.9328014622086807,sub-2008cg,0.9328014622086807,sub-1104sg2,0.6419375433234927,True,2047
cg_rs_2009,sub-2009cg,True,0.8853046731270812,sub-2009cg,0.8853046731270812,sub-2001cg,0.4198034086641533,True,2047
cg_rs_2011,sub-2011cg,True,0.8707956864434372,sub-2011cg,0.8707956864434372,sub-2062cg,0.4106635496182567,True,2047
cg_rs_2012,sub-2012cg,True,0.9036580380522006,sub-2012cg,0.9036580380522006,sub-1047sg,0.37634055168271197,True,2047
cg_rs_2013,sub-2013cg,False,,sub-2023cg,0.4723742903069934,sub-2004cg,0.42016067036705607,False,2047
cg_rs_2014,sub-2014cg,True,0.9128816877124852,sub-2014cg,0.9128816877124852,sub-1115sg2,0.47506941601991765,True,2047
cg_rs_2015,sub-2015cg,True,0.9085477405410134,sub-2015cg,0.9085477405410134,sub-1114sg2,0.6570087562515042,True,2047
cg_rs_2018,sub-2018cg,True,0.9208053425581527,sub-2018cg,0.9208053425581527,sub-1099sg2,0.42622798750427243,True,2047
cg_rs_2019,sub-2019cg,True,0.91927498721606,sub-2019cg,0.91927498721606,sub-1039sg,0.397570111883143,True,2047
cg_rs_2020,sub-2020cg,True,0.8936167650977295,sub-2020cg,0.8936167650977295,sub-2067cg,0.35411903832853897,True,2047
cg_rs_2024,sub-2024cg,False,,sub-2021cg,0.37903966792494337,sub-1114sg2,0.3575937862114074,False,2047
cg_rs_2025,sub-2025cg,False,,sub-2080cg,0.42562442612542245,sub-2077cg,0.4151324742160007,False,2047
cg_rs_2026,sub-2026cg,True,0.9045786238548481,sub-2026cg,0.9045786238548481,sub-2023cg,0.5329176627366055,True,2047
cg_rs_2027,sub-2027cg,False,,sub-2075cg,0.4238775879533847,sub-2044cg,0.3721305549459289,False,2047
cg_rs_2028,sub-2028cg,True,0.9143422282749581,sub-2028cg,0.9143422282749581,sub-1105sg2,0.5033343583374125,True,2047
cg_rs_2029,sub-2029cg,True,0.9238456006946338,sub-2029cg,0.9238456006946338,sub-2028cg,0.3557495380078356,True,2047
cg_rs_2030,sub-2030cg,True,0.9283885932780007,sub-2030cg,0.9283885932780007,sub-2033cg,0.3759368513654713,True,2047
cg_rs_2033,sub-2033cg,True,0.8763096043388178,sub-2033cg,0.8763096043388178,sub-2023cg,0.5278332428160785,True,2047
cg_rs_2034,sub-2034cg,True,0.8599513612469195,sub-2034cg,0.8599513612469195,sub-2074cg,0.45062812815339187,True,2047
cg_rs_2035,sub-2035cg,False,,sub-1044sg,0.31474366622974587,sub-2028cg,0.2871332649691208,False,2047
cg_rs_2036,sub-2036cg,True,0.9146639464749589,sub-2036cg,0.9146639464749589,sub-2034cg,0.44886366098958747,True,2047
cg_rs_2037,sub-2037cg,True,0.9179332197278359,sub-2037cg,0.9179332197278359,sub-2028cg,0.31383420158658554,True,2047
cg_rs_2038,sub-2038cg,True,0.9421211469025259,sub-2038cg,0.9421211469025259,sub-2063cg,0.2921097636779195,True,2047
cg_rs_2039,sub-2039cg,False,,sub-1070sg,0.2497189410769753,sub-2080cg,0.22014531172487745,False,2047
cg_rs_2040,sub-2040cg,True,0.9738645474655793,sub-2040cg,0.9738645474655793,sub-2021cg,0.21681094299130368,True,2047
cg_rs_2041,sub-2041cg,False,,sub-1081sg2,0.5065433214531362,sub-2045cg,0.3576741444045932,False,2047
cg_rs_2043,sub-2043cg,True,0.7226253079525631,sub-2043cg,0.7226253079525631,sub-1013sg,0.57128551374811,True,2047
cg_rs_2044,sub-2044cg,True,0.8755916493558545,sub-2044cg,0.8755916493558545,sub-2077cg,0.31964536345376016,True,2047
cg_rs_2045,sub-2045cg,True,0.9331360133672816,sub-2045cg,0.9331360133672816,sub-2081cg,0.42213285992377875,True,2047
cg_rs_2046,sub-2046cg,True,0.9279298143208824,sub-2046cg,0.9279298143208824,sub-2050cg,0.31873239383918694,True,2047
cg_rs_2047,sub-2047cg,True,0.929666612321539,sub-2047cg,0.929666612321539,sub-2051cg,0.3255012760953019,True,2047
cg_rs_2048,sub-2048cg,True,0.925458193833005,sub-2048cg,0.925458193833005,sub-2072cg,0.2968447802501252,True,2047
cg_rs_2050,sub-2050cg,True,0.9610599523567832,sub-2050cg,0.9610599523567832,sub-1114sg2,0.7996950282530352,True,2047
cg_rs_2052,sub-2052cg,True,0.8702770280822697,sub-2052cg,0.8702770280822697,sub-2001cg,0.6108892381646227,True,2047
cg_rs_2054,sub-2054cg,True,0.8994888331620676,sub-2054cg,0.8994888331620676,sub-2023cg,0.36892507847960687,True,2047
cg_rs_2055,sub-2055cg,True,0.9465797802267445,sub-2055cg,0.9465797802267445,sub-1110sg2,0.40856214598983576,True,2047
cg_rs_2056,sub-2056cg,True,0.856850279143866,sub-2056cg,0.856850279143866,sub-2004cg,0.29537426112497356,True,2047
cg_rs_2057,sub-2057cg,True,0.8517683809759921,sub-2057cg,0.8517683809759921,sub-1013sg,0.5526886789745236,True,2047
cg_rs_2058,sub-2058cg,False,,sub-1077sg2,0.4463975836661731,sub-2060cg,0.38481358949162386,False,2047
cg_rs_2059,sub-2059cg,True,0.935934903518067,sub-2059cg,0.935934903518067,sub-1081sg2,0.3980650359371025,True,2047
cg_rs_2060,sub-2060cg,True,0.8529018907362313,sub-2060cg,0.8529018907362313,sub-2062cg,0.534173963724902,True,2047
cg_rs_2061,sub-2061cg,True,0.9403549701583328,sub-2061cg,0.9403549701583328,sub-1056sg,0.3622141051637708,True,2047
cg_rs_2063,sub-2063cg,True,0.9120436288660095,sub-2063cg,0.9120436288660095,sub-1114sg2,0.42480576393403974,True,2047
cg_rs_2064,sub-2064cg,True,0.9069412600964787,sub-2064cg,0.9069412600964787,sub-1013sg,0.6223748362164654,True,2047
cg_rs_2065,sub-2065cg,True,0.919093549264841,sub-2065cg,0.919093549264841,sub-1105sg2,0.525017396009452,True,2047
cg_rs_2066,sub-2066cg,True,0.8919163327581184,sub-2066cg,0.8919163327581184,sub-2074cg,0.32194727939765766,True,2047
cg_rs_2068,sub-2068cg,True,0.886151564225172,sub-2068cg,0.886151564225172,sub-2050cg,0.5522878650892421,True,2047
cg_rs_2069,sub-2069cg,False,,sub-1077sg2,0.5189986006786227,sub-2051cg,0.4900506736471294,False,2047
cg_rs_2070,sub-2070cg,True,0.8802739714347315,sub-2070cg,0.8802739714347315,sub-2051cg,0.4705271442238603,True,2047
cg_rs_2071,sub-2071cg,True,0.7604138651782623,sub-2071cg,0.7604138651782623,sub-2060cg,0.3290705897975345,True,2047
cg_rs_2072,sub-2072cg,True,0.9321508449426655,sub-2072cg,0.9321508449426655,sub-2048cg,0.31462630095659194,True,2047
cg_rs_2073,sub-2073cg,False,,sub-2008cg,0.3825737942396198,sub-1021sg,0.34703804704703317,False,2047
cg_rs_2074,sub-2074cg,True,0.9463456300237006,sub-2074cg,0.9463456300237006,sub-2023cg,0.5340354411280789,True,2047
cg_rs_2075,sub-2075cg,True,0.8980051544298271,sub-2075cg,0.8980051544298271,sub-1077sg2,0.6182532281659088,True,2047
cg_rs_2076,sub-2076cg,False,,sub-1081sg2,0.42561620995909233,sub-2045cg,0.38444870876417736,False,2047
cg_rs_2079,sub-2079cg,True,0.9442155696709917,sub-2079cg,0.9442155696709917,sub-2023cg,0.545862106012177,True,2047
cg_rs_2080,sub-2080cg,True,0.9156620263773234,sub-2080cg,0.9156620263773234,sub-2077cg,0.36875278033647113,True,2047
cg_rs_2081,sub-2081cg,True,0.9124185412198942,sub-2081cg,0.9124185412198942,sub-1081sg2,0.5633650020447523,True,2047
cg_rs_2082,sub-2082cg,True,0.940034680666997,sub-2082cg,0.940034680666997,sub-2064cg,0.4596703400772099,True,2047
sg_rs_1005,sub-1005sg,True,0.9088687192722207,sub-1005sg,0.9088687192722207,sub-1110sg2,0.5467060683137892,True,2047
sg_rs_1011,sub-1011sg,False,,sub-1013sg,0.6579089895415484,sub-2022cg,0.4633834505084911,False,1024
sg_rs_1017,sub-1017sg,True,0.966901484774227,sub-1017sg,0.966901484774227,sub-1047sg,0.42401139344284866,True,2047
sg_rs_1018,sub-1018sg,True,0.9552770609969131,sub-1018sg,0.9552770609969131,sub-2012cg,0.27168776850760684,True,2047
sg_rs_1027,sub-1027sg,True,0.9055687775777597,sub-1027sg,0.9055687775777597,sub-2004cg,0.32736873071878825,True,2047
sg_rs_1028,sub-1028sg,True,0.954060098482458,sub-1028sg,0.954060098482458,sub-1058sg,0.43750336303007636,True,2047
sg_rs_1029,sub-1029sg,True,0.8305853514327713,sub-1029sg,0.8305853514327713,sub-2004cg,0.5652149093686967,True,2047
sg_rs_1030,sub-1030sg,True,0.8307438179362752,sub-1030sg,0.8307438179362752,sub-2074cg,0.27939963488825065,True,2047
sg_rs_1031,sub-1031sg,True,0.9638597954361395,sub-1031sg,0.9638597954361395,sub-1081sg2,0.24158463497789012,True,2047
sg_rs_1032,sub-1032sg,True,0.9727547695861285,sub-1032sg,0.9727547695861285,sub-2008cg,0.29984473539937,True,2047
sg_rs_1033,sub-1033sg,True,0.9842193813244898,sub-1033sg,0.9842193813244898,sub-1083sg2,0.394922962151757,True,2047
sg_rs_1035,sub-1035sg,True,0.9395666387556822,sub-1035sg,0.9395666387556822,sub-1112sg2,0.38135000976594874,True,2047
sg_rs_1037,sub-1037sg,True,0.8876524870154701,sub-1037sg,0.8876524870154701,sub-2036cg,0.2616192563893921,True,2047
sg_rs_1038,sub-1038sg,True,0.9469068590522163,sub-1038sg,0.9469068590522163,sub-2064cg,0.3874201656655881,True,2047
sg_rs_1039,sub-1039sg,True,0.8697426823274498,sub-1039sg,0.8697426823274498,sub-1104sg2,0.3729250226518521,True,2047
sg_rs_1040,sub-1040sg,True,0.9154448742121887,sub-1040sg,0.9154448742121887,sub-2052cg,0.40763787750291003,True,2047
sg_rs_1041,sub-1041sg,True,0.9134855228955111,sub-1041sg,0.9134855228955111,sub-2026cg,0.3398719465313864,True,2047
sg_rs_1042,sub-1042sg,True,0.9411501385485207,sub-1042sg,0.9411501385485207,sub-1106sg2,0.4341566297087968,True,2047
sg_rs_1043,sub-1043sg,True,0.9531672896101117,sub-1043sg,0.9531672896101117,sub-1081sg2,0.300666919573087,True,2047
sg_rs_1044,sub-1044sg,True,0.8839412576909348,sub-1044sg,0.8839412576909348,sub-2050cg,0.32883015582606046,True,2047
sg_rs_1045,sub-1045sg,True,0.9043670736783346,sub-1045sg,0.9043670736783346,sub-2062cg,0.30825064624394977,True,2047
sg_rs_1046,sub-1046sg,True,0.9446313223523818,sub-1046sg,0.9446313223523818,sub-2014cg,0.20985876841170242,True,2047
sg_rs_1047,sub-1047sg,True,0.9601198656293358,sub-1047sg,0.9601198656293358,sub-1110sg2,0.4643722070320117,True,2047
sg_rs_1048,sub-1048sg,True,0.9528949351297004,sub-1048sg,0.9528949351297004,sub-1083sg2,0.2971310761250636,True,2047
sg_rs_1050,sub-1050sg,True,0.8869967202944447,sub-1050sg,0.8869967202944447,sub-1077sg2,0.5984058725154819,True,2047
sg_rs_1051,sub-1051sg,True,0.939898582769135,sub-1051sg,0.939898582769135,sub-1021sg,0.12689571428695032,True,2047
sg_rs_1053,sub-1053sg,True,0.801899263234856,sub-1053sg,0.801899263234856,sub-2051cg,0.556305853250872,True,2047
sg_rs_1054,sub-1054sg,True,0.8923629821131179,sub-1054sg,0.8923629821131179,sub-1105sg2,0.46082403079788165,True,2047
sg_rs_1056,sub-1056sg,True,0.9321399287679139,sub-1056sg,0.9321399287679139,sub-1105sg2,0.5168449724644988,True,2047
sg_rs_1057,sub-1057sg,True,0.9044801484371401,sub-1057sg,0.9044801484371401,sub-1076sg2,0.2771525724936323,True,2047
sg_rs_1058,sub-1058sg,True,0.9652858064666809,sub-1058sg,0.9652858064666809,sub-2081cg,0.5330961454691174,True,2047
sg_rs_1059,sub-1059sg,True,0.9661672404745845,sub-1059sg,0.9661672404745845,sub-1058sg,0.30791874144790354,True,2047
sg_rs_1061,sub-1061sg,True,0.8414274233386029,sub-1061sg,0.8414274233386029,sub-2051cg,0.6679575538442354,True,2047
sg_rs_1063,sub-1063sg,True,0.9256413620725653,sub-1063sg,0.9256413620725653,sub-1083sg2,0.3496865464102492,True,2047
sg_rs_1064,sub-1064sg,True,0.8838106460360207,sub-1064sg,0.8838106460360207,sub-2023cg,0.33900876275774106,True,2047
sg_rs_1065,sub-1065sg,True,0.9269576708059549,sub-1065sg,0.9269576708059549,sub-1077sg2,0.3399011628062147,True,2047
sg_rs_1066,sub-1066sg,True,0.8092439911351591,sub-1066sg,0.8092439911351591,sub-1110sg2,0.31715841575456455,True,2047
sg_rs_1067,sub-1067sg,True,0.9363770147884497,sub-1067sg,0.9363770147884497,sub-1028sg,0.3284532663887073,True,2047
sg_rs_1068,sub-1068sg,True,0.9317936129079106,sub-1068sg,0.9317936129079106,sub-2021cg,0.31466863643535437,True,2047
sg_rs_1069,sub-1069sg,True,0.903416589696609,sub-1069sg,0.903416589696609,sub-1029sg,0.3504169284341711,True,2047
sg_rs_1070,sub-1070sg,True,0.9201172777495181,sub-1070sg,0.9201172777495181,sub-2082cg,0.3211888470973387,True,2047
sg_rs_1071,sub-1071sg,True,0.9217497900458943,sub-1071sg,0.9217497900458943,sub-1105sg2,0.40203262448556504,True,2047
sg_rs_1072,sub-1072sg,True,0.8579203878762383,sub-1072sg,0.8579203878762383,sub-1114sg2,0.40969187697683784,True,2047
sg_rs_1073,sub-1073sg,True,0.9048467299443325,sub-1073sg,0.9048467299443325,sub-1104sg2,0.39990789885048716,True,2047
sg_rs_1074,sub-1074sg,True,0.867621393132799,sub-1074sg,0.867621393132799,sub-2050cg,0.43909509257311297,True,2047
sg_rs_1075,sub-1075sg,True,0.8603912755164334,sub-1075sg,0.8603912755164334,sub-1104sg2,0.3300317534620184,True,2047
