row_auc,row_acc,row_ba,subj_auc,subj_ba,cell,model,rep,variant
0.8612689393939394,0.7611607142857143,0.7545289855072463,0.8926218708827405,0.7796442687747036,N1,SVM,0,primary
0.8428853754940712,0.7321428571428571,0.7241436100131753,0.8708827404479578,0.7308959156785244,N1,SVM,1,primary
0.8648097826086957,0.7678571428571429,0.7610342555994729,0.8945981554677207,0.7493412384716732,N1,SVM,2,primary
0.8550107048748352,0.7566964285714286,0.7482707509881423,0.8889986824769434,0.7644927536231885,N1,SVM,3,primary
0.8405797101449275,0.7477678571428571,0.7390480895915679,0.8735177865612649,0.7602108036890645,N1,SVM,4,primary
0.8635128458498024,0.7723214285714286,0.7656455862977603,0.8889986824769434,0.7677865612648221,N1,SVM,5,primary
0.8522315546772069,0.7477678571428571,0.7398715415019763,0.8827404479578393,0.7569169960474309,N1,SVM,6,primary
0.8564723320158103,0.7700892857142857,0.7612812911725955,0.8853754940711462,0.7677865612648221,N1,SVM,7,primary
0.8638833992094861,0.7767857142857143,0.7719038208168643,0.8916337285902503,0.7569169960474309,N1,SVM,8,primary
0.8476408102766799,0.7366071428571429,0.7287549407114624,0.886034255599473,0.738471673254282,N1,SVM,9,primary
0.8736515974967062,0.7946428571428571,0.7747035573122529,0.9207839262187089,0.7849143610013176,N1,RF,0,primary
0.8731575263504612,0.7834821428571429,0.7635869565217391,0.9199604743083004,0.8000658761528328,N1,RF,1,primary
0.8759572628458498,0.7879464285714286,0.7665513833992095,0.9240777338603425,0.8185111989459816,N1,RF,2,primary
0.8709444993412385,0.7834821428571429,0.7602931488801055,0.9123847167325427,0.8000658761528328,N1,RF,3,primary
0.8619791666666667,0.7879464285714286,0.7690217391304348,0.9097496706192358,0.7849143610013176,N1,RF,4,primary
0.8680418313570488,0.8013392857142857,0.7828557312252964,0.9115612648221344,0.7957839262187089,N1,RF,5,primary
0.8666728425559947,0.7924107142857143,0.7728096179183135,0.9049736495388669,0.8033596837944664,N1,RF,6,primary
0.8635128458498025,0.796875,0.7749505928853755,0.900197628458498,0.7891963109354414,N1,RF,7,primary
0.8702754446640315,0.7946428571428571,0.7714097496706191,0.9148550724637681,0.7924901185770752,N1,RF,8,primary
0.8755558300395258,0.8058035714285714,0.7858201581027668,0.919631093544137,0.810935441370224,N1,RF,9,primary
0.8386445981554679,0.7455357142857143,0.7371541501976284,0.8794466403162056,0.7677865612648221,N2,SVM,0,primary
0.8002305665349143,0.7075892857142857,0.6991930171277998,0.8389328063241107,0.7233201581027668,N2,SVM,1,primary
0.8411561264822134,0.7254464285714286,0.7176383399209486,0.8873517786561265,0.785243741765481,N2,SVM,2,primary
0.8237812911725955,0.7366071428571429,0.7238142292490118,0.8642951251646904,0.7460474308300395,N2,SVM,3,primary
0.8107913372859024,0.7165178571428571,0.7067687747035574,0.8550724637681159,0.7266139657444005,N2,SVM,4,primary
0.8404561923583663,0.7410714285714286,0.7374835309617918,0.8764822134387352,0.7417654808959157,N2,SVM,5,primary
0.8147850790513834,0.7455357142857143,0.7379776021080369,0.8570487483530962,0.7341897233201581,N2,SVM,6,primary
0.8302248023715415,0.7366071428571429,0.7304018445322793,0.8751646903820817,0.7493412384716732,N2,SVM,7,primary
0.8292366600790514,0.75,0.7450592885375493,0.8722002635046113,0.7450592885375493,N2,SVM,8,primary
0.8259428524374177,0.7120535714285714,0.7029808959156785,0.8679183135704875,0.7157444005270093,N2,SVM,9,primary
0.8610424901185771,0.7924107142857143,0.7744565217391304,0.907608695652174,0.7882081686429512,N2,RF,0,primary
0.8529623682476943,0.7834821428571429,0.7602931488801055,0.905467720685112,0.7924901185770752,N2,RF,1,primary
0.8752161561264822,0.7879464285714286,0.7632575757575757,0.9277009222661396,0.8000658761528328,N2,RF,2,primary
0.8640686758893281,0.7790178571428571,0.7581521739130435,0.9113965744400527,0.7924901185770752,N2,RF,3,primary
0.8476408102766799,0.78125,0.764163372859025,0.9008563899868248,0.7773386034255599,N2,RF,4,primary
0.8608160408432147,0.8035714285714286,0.7863965744400527,0.9067852437417655,0.7924901185770752,N2,RF,5,primary
0.8564929183135706,0.7857142857142857,0.7654808959156785,0.9013504611330698,0.8175230566534915,N2,RF,6,primary
0.8594985177865613,0.7857142857142857,0.7621870882740448,0.897068511198946,0.7924901185770752,N2,RF,7,primary
0.8642127799736495,0.7879464285714286,0.765727931488801,0.9127140974967062,0.7891963109354414,N2,RF,8,primary
0.8727869729907773,0.7901785714285714,0.7717391304347826,0.9247364953886693,0.8033596837944664,N2,RF,9,primary
0.7313488142292491,0.6540178571428571,0.6257411067193676,0.7638339920948616,0.6297760210803689,N3,SVM,0,primary
0.6756217061923584,0.609375,0.57715744400527,0.7055335968379447,0.597167325428195,N3,SVM,1,primary
0.6959815546772068,0.6339285714285714,0.6169301712779973,0.7318840579710145,0.6429512516469038,N3,SVM,2,primary
0.6784214426877471,0.640625,0.6152009222661396,0.7117918313570488,0.6515151515151515,N3,SVM,3,primary
0.740139163372859,0.6830357142857143,0.6668313570487483,0.7707509881422925,0.6245059288537549,N3,SVM,4,primary
0.620800395256917,0.6116071428571429,0.5930500658761528,0.6495388669301714,0.5691699604743082,N3,SVM,5,primary
0.7466856060606061,0.7098214285714286,0.696969696969697,0.7783267457180499,0.6831357048748353,N3,SVM,6,primary
0.7280755928853755,0.6495535714285714,0.6351284584980237,0.7644927536231884,0.6320816864295125,N3,SVM,7,primary
0.7451828063241106,0.6741071428571429,0.6625494071146245,0.7786561264822135,0.6646903820816865,N3,SVM,8,primary
0.7397480237154149,0.6808035714285714,0.6599967061923584,0.77832674571805,0.6472332015810276,N3,SVM,9,primary
0.6967123682476942,0.640625,0.6119071146245059,0.7246376811594203,0.644927536231884,N3,RF,0,primary
0.6898262516469038,0.640625,0.6135540184453228,0.7119565217391304,0.6373517786561265,N3,RF,1,primary
0.6742938899868247,0.625,0.5994729907773386,0.69433465085639,0.6037549407114624,N3,RF,2,primary
0.680768280632411,0.6540178571428571,0.6306818181818181,0.7043807641633729,0.6146245059288538,N3,RF,3,primary
0.6780097167325428,0.640625,0.6143774703557312,0.6887351778656127,0.5895915678524374,N3,RF,4,primary
0.6153141469038208,0.5758928571428571,0.5462779973649539,0.6258234519104084,0.5082345191040843,N3,RF,5,primary
0.6962491765480896,0.6473214285714286,0.6266469038208169,0.7239789196310935,0.6222002635046113,N3,RF,6,primary
0.679790431488801,0.6339285714285714,0.6095191040843215,0.7037220026350461,0.5853096179183136,N3,RF,7,primary
0.7009428524374177,0.6450892857142857,0.6156949934123848,0.7266139657444005,0.6189064558629775,N3,RF,8,primary
0.6808300395256917,0.625,0.5937088274044796,0.6992753623188406,0.5678524374176548,N3,RF,9,primary
0.6773509552042161,0.6049107142857143,0.5791337285902504,0.705862977602108,0.6070487483530962,N4,SVM,0,primary
0.6209136198945981,0.578125,0.5366436100131753,0.6330698287220027,0.5210803689064558,N4,SVM,1,primary
0.6091176712779973,0.5959821428571429,0.5666172595520422,0.6266469038208169,0.5668642951251647,N4,SVM,2,primary
0.5288722826086957,0.5647321428571429,0.5277503293807642,0.5418313570487483,0.5233860342555995,N4,SVM,3,primary
0.6429718379446641,0.6004464285714286,0.5769927536231885,0.6622200263504611,0.6093544137022397,N4,SVM,4,primary
0.5300148221343873,0.5334821428571429,0.5086462450592886,0.5393610013175232,0.4746376811594203,N4,SVM,5,primary
0.6444952239789197,0.6160714285714286,0.5968379446640316,0.6569499341238471,0.6027667984189724,N4,SVM,6,primary
0.642879199604743,0.6116071428571429,0.5897562582345192,0.6656785243741766,0.5994729907773386,N4,SVM,7,primary
0.6700531126482213,0.6339285714285714,0.5979907773386034,0.6903820816864296,0.6047430830039526,N4,SVM,8,primary
0.632225790513834,0.625,0.5978260869565217,0.664361001317523,0.61034255599473,N4,SVM,9,primary
0.6478713768115942,0.6183035714285714,0.5880270092226614,0.6635375494071147,0.5678524374176548,N4,RF,0,primary
0.6561779479578393,0.6183035714285714,0.5937911725955204,0.6722661396574441,0.6189064558629775,N4,RF,1,primary
0.6438364624505929,0.6071428571428571,0.5802042160737813,0.650197628458498,0.5862977602108037,N4,RF,2,primary
0.644237895256917,0.6049107142857143,0.5750164690382081,0.6702898550724639,0.5862977602108037,N4,RF,3,primary
0.6363739295125166,0.59375,0.561429512516469,0.6464097496706193,0.5385375494071146,N4,RF,4,primary
0.5693758234519104,0.5602678571428571,0.5338438735177865,0.577239789196311,0.5451251646903821,N4,RF,5,primary
0.6421895586297761,0.6026785714285714,0.5764163372859026,0.6622200263504611,0.5744400527009222,N4,RF,6,primary
0.6399456521739131,0.5848214285714286,0.5555006587615283,0.6493741765480896,0.5602766798418972,N4,RF,7,primary
0.6873147233201581,0.6183035714285714,0.585556653491436,0.7124505928853755,0.5895915678524374,N4,RF,8,primary
0.6446702075098814,0.6049107142857143,0.5733695652173914,0.6663372859025033,0.6047430830039526,N4,RF,9,primary
0.6563117588932806,0.6026785714285714,0.5895915678524374,0.6912055335968379,0.5951910408432148,P,SVM,0,primary
0.5734724967061924,0.5558035714285714,0.5349967061923584,0.5886034255599473,0.5691699604743082,P,SVM,1,primary
0.6175065876152832,0.59375,0.5737812911725955,0.6325757575757576,0.5843214756258235,P,SVM,2,primary
0.608994153491436,0.59375,0.5737812911725955,0.6327404479578392,0.6179183135704875,P,SVM,3,primary
0.6486742424242424,0.6160714285714286,0.5894268774703557,0.6834650856389988,0.5886034255599473,P,SVM,4,primary
0.6261631258234519,0.59375,0.549901185770751,0.6413043478260869,0.502635046113307,P,SVM,5,primary
0.6320405138339922,0.6138392857142857,0.585062582345191,0.6571146245059288,0.5787220026350461,P,SVM,6,primary
0.6086030138339922,0.609375,0.5895092226613966,0.6294466403162055,0.5843214756258235,P,SVM,7,primary
0.6662343544137023,0.6540178571428571,0.6339756258234519,0.6923583662714098,0.6439393939393939,P,SVM,8,primary
0.7081892292490118,0.671875,0.6573616600790514,0.733201581027668,0.6538208168642952,P,SVM,9,primary
0.5872756093544137,0.5915178571428571,0.5652997364953887,0.5968379446640316,0.5559947299077734,P,SVM,10,primary
0.6053092061923584,0.59375,0.5589591567852438,0.6291172595520422,0.5862977602108037,P,SVM,11,primary
0.59766139657444,0.59375,0.5787220026350461,0.6170948616600791,0.572463768115942,P,SVM,12,primary
0.6868309453227931,0.6517857142857143,0.631258234519104,0.7279314888010541,0.6439393939393939,P,SVM,13,primary
0.6262763504611331,0.6071428571428571,0.5909090909090908,0.6393280632411067,0.5648880105401844,P,SVM,14,primary
0.635931324110672,0.625,0.5879446640316206,0.6543148880105402,0.6014492753623188,P,SVM,15,primary
0.6594305830039526,0.5982142857142857,0.575098814229249,0.6877470355731226,0.5810276679841897,P,SVM,16,primary
0.5851861001317523,0.5758928571428571,0.5652173913043479,0.599802371541502,0.5573122529644269,P,SVM,17,primary
0.7218585309617919,0.6651785714285714,0.641798418972332,0.7559288537549407,0.6548089591567852,P,SVM,18,primary
0.6510622529644269,0.6116071428571429,0.6021080368906455,0.672266139657444,0.6212121212121212,P,SVM,19,primary
0.693150938735178,0.6651785714285714,0.6343873517786561,0.7280961791831357,0.5981554677206851,P,RF,0,primary
0.7074790019762847,0.6808035714285714,0.6468214756258235,0.7297430830039527,0.6492094861660079,P,RF,1,primary
0.6680253623188406,0.6227678571428571,0.5860507246376812,0.6954874835309618,0.568840579710145,P,RF,2,primary
0.6743762351778656,0.6540178571428571,0.6232707509881423,0.6956521739130435,0.6416337285902504,P,RF,3,primary
0.7174427700922267,0.6674107142857143,0.6371047430830039,0.7402832674571805,0.644927536231884,P,RF,4,primary
0.6211091897233201,0.609375,0.5796277997364954,0.6424571805006588,0.5678524374176548,P,RF,5,primary
0.6885499011857708,0.6316964285714286,0.590332674571805,0.7165678524374177,0.6416337285902504,P,RF,6,primary
0.7163414031620553,0.6830357142857143,0.652832674571805,0.7458827404479579,0.6492094861660079,P,RF,7,primary
0.6854825428194994,0.6696428571428571,0.6389986824769434,0.7236495388669302,0.6492094861660079,P,RF,8,primary
0.7196557971014492,0.6607142857142857,0.6330698287220027,0.7465415019762845,0.6851119894598156,P,RF,9,primary
0.6811285408432148,0.6361607142857143,0.5990612648221344,0.7053689064558629,0.6133069828722002,P,RF,10,primary
0.7476634552042161,0.7120535714285714,0.6823945981554678,0.7793148880105403,0.7220026350461133,P,RF,11,primary
0.6873044301712781,0.6629464285714286,0.6275527009222661,0.7254611330698287,0.6426218708827405,P,RF,12,primary
0.6859045619235836,0.640625,0.6119071146245059,0.7170619235836627,0.5787220026350461,P,RF,13,primary
0.7387804677206851,0.6763392857142857,0.6430335968379447,0.7666337285902504,0.6350461133069829,P,RF,14,primary
0.6814373353096179,0.6540178571428571,0.6191534914361001,0.7076745718050066,0.6350461133069829,P,RF,15,primary
0.6981328227931487,0.6629464285714286,0.6275527009222661,0.717885375494071,0.6340579710144928,P,RF,16,primary
0.693264163372859,0.65625,0.6309288537549407,0.7170619235836627,0.6330698287220027,P,RF,17,primary
0.7215600296442688,0.6629464285714286,0.6316699604743082,0.7503293807641633,0.6676548089591567,P,RF,18,primary
0.7578433794466404,0.71875,0.6880764163372859,0.7952898550724637,0.7078392621870883,P,RF,19,primary
0.8193434343434343,0.73,0.7378787878787878,0.8436363636363636,0.7808080808080808,N1,SVM,0,verified_100
0.8167424242424242,0.7425,0.7497474747474747,0.8416161616161616,0.7919191919191919,N1,SVM,1,verified_100
0.8165909090909091,0.7275,0.7366161616161616,0.8448484848484848,0.7898989898989899,N1,SVM,2,verified_100
0.8090909090909091,0.72,0.7277777777777779,0.8347474747474748,0.7696969696969698,N1,SVM,3,verified_100
0.8203030303030303,0.73,0.7373737373737375,0.8464646464646465,0.7808080808080808,N1,SVM,4,verified_100
0.8185353535353536,0.73,0.7373737373737375,0.8488888888888888,0.7919191919191919,N1,SVM,5,verified_100
0.8217424242424243,0.735,0.7424242424242424,0.8460606060606061,0.7898989898989899,N1,SVM,6,verified_100
0.8163888888888889,0.73,0.7378787878787878,0.8444444444444444,0.7696969696969698,N1,SVM,7,verified_100
0.812550505050505,0.7225,0.7310606060606061,0.8371717171717172,0.7808080808080808,N1,SVM,8,verified_100
0.8073484848484849,0.72,0.7272727272727273,0.8303030303030303,0.7696969696969698,N1,SVM,9,verified_100
0.8669444444444445,0.775,0.7702020202020202,0.9157575757575758,0.8272727272727273,N1,RF,0,verified_100
0.8639898989898989,0.7725,0.766919191919192,0.9175757575757576,0.8161616161616161,N1,RF,1,verified_100
0.8701515151515151,0.785,0.7813131313131314,0.9195959595959596,0.8383838383838383,N1,RF,2,verified_100
0.8667045454545456,0.7875,0.7825757575757575,0.9218181818181819,0.8383838383838383,N1,RF,3,verified_100
0.8653914141414142,0.7925,0.7881313131313131,0.9193939393939393,0.8383838383838383,N1,RF,4,verified_100
0.8708459595959596,0.7825,0.7780303030303031,0.9242424242424242,0.8323232323232324,N1,RF,5,verified_100
0.8644949494949494,0.7825,0.779040404040404,0.9105050505050505,0.8181818181818181,N1,RF,6,verified_100
0.8637247474747476,0.7875,0.7851010101010101,0.9157575757575758,0.8494949494949495,N1,RF,7,verified_100
0.8683333333333334,0.795,0.7914141414141413,0.9226262626262627,0.8454545454545455,N1,RF,8,verified_100
0.8664141414141415,0.7825,0.7785353535353536,0.9232323232323233,0.8383838383838383,N1,RF,9,verified_100
0.8091161616161617,0.725,0.7338383838383838,0.8311111111111111,0.7919191919191919,N2,SVM,0,verified_100
0.808131313131313,0.7375,0.7457070707070708,0.8440404040404041,0.7919191919191919,N2,SVM,1,verified_100
0.8112626262626264,0.7225,0.7310606060606061,0.8412121212121212,0.7696969696969698,N2,SVM,2,verified_100
0.8118434343434344,0.725,0.7318181818181819,0.8335353535353535,0.7808080808080808,N2,SVM,3,verified_100
0.817979797979798,0.7275,0.73510101010101,0.8472727272727272,0.7919191919191919,N2,SVM,4,verified_100
0.8222222222222222,0.735,0.7424242424242424,0.8569696969696969,0.7989898989898989,N2,SVM,5,verified_100
0.8168686868686867,0.725,0.7313131313131314,0.8444444444444444,0.7787878787878788,N2,SVM,6,verified_100
0.8150252525252525,0.7375,0.7452020202020202,0.8387878787878789,0.7585858585858586,N2,SVM,7,verified_100
0.8199242424242424,0.725,0.7338383838383838,0.8375757575757575,0.7696969696969698,N2,SVM,8,verified_100
0.8059343434343434,0.7175,0.723989898989899,0.8234343434343434,0.7808080808080808,N2,SVM,9,verified_100
0.8620454545454546,0.755,0.75,0.9066666666666667,0.807070707070707,N2,RF,0,verified_100
0.8611868686868687,0.7675,0.7633838383838384,0.9185858585858586,0.8252525252525252,N2,RF,1,verified_100
0.8764141414141413,0.805,0.8025252525252525,0.9268686868686868,0.8313131313131313,N2,RF,2,verified_100
0.8662121212121212,0.765,0.7595959595959596,0.9274747474747476,0.8474747474747475,N2,RF,3,verified_100
0.8617171717171718,0.785,0.7818181818181817,0.92,0.8383838383838383,N2,RF,4,verified_100
0.8608712121212121,0.785,0.7797979797979797,0.9250505050505051,0.8474747474747475,N2,RF,5,verified_100
0.8623232323232323,0.76,0.7575757575757576,0.9098989898989899,0.8090909090909091,N2,RF,6,verified_100
0.8686742424242424,0.78,0.7757575757575758,0.9230303030303031,0.8383838383838383,N2,RF,7,verified_100
0.8781060606060607,0.8,0.795959595959596,0.9305050505050505,0.8545454545454545,N2,RF,8,verified_100
0.8644949494949495,0.79,0.7848484848484848,0.9268686868686868,0.8111111111111111,N2,RF,9,verified_100
0.6728535353535353,0.6425,0.6477272727272727,0.6905050505050505,0.6868686868686869,N3,SVM,0,verified_100
0.663989898989899,0.635,0.6378787878787879,0.6876767676767677,0.6939393939393939,N3,SVM,1,verified_100
0.6816919191919192,0.645,0.6525252525252525,0.7074747474747475,0.6686868686868687,N3,SVM,2,verified_100
0.6633838383838384,0.625,0.6262626262626263,0.6901010101010101,0.6494949494949496,N3,SVM,3,verified_100
0.6808838383838384,0.6525,0.6603535353535354,0.6985858585858586,0.6868686868686869,N3,SVM,4,verified_100
0.6973484848484848,0.6575,0.6638888888888889,0.7151515151515151,0.6979797979797979,N3,SVM,5,verified_100
0.6829040404040403,0.6375,0.6426767676767677,0.6977777777777777,0.7070707070707071,N3,SVM,6,verified_100
0.6980808080808081,0.66,0.6676767676767676,0.7191919191919193,0.6868686868686869,N3,SVM,7,verified_100
0.6932070707070708,0.6525,0.6588383838383838,0.7159595959595959,0.6979797979797979,N3,SVM,8,verified_100
0.7055555555555555,0.655,0.6621212121212121,0.7280808080808081,0.6868686868686869,N3,SVM,9,verified_100
0.639709595959596,0.585,0.5782828282828283,0.6573737373737373,0.5696969696969697,N3,RF,0,verified_100
0.6480429292929293,0.5925,0.5815656565656566,0.6591919191919191,0.5898989898989899,N3,RF,1,verified_100
0.6566287878787878,0.605,0.5984848484848485,0.6771717171717172,0.6323232323232324,N3,RF,2,verified_100
0.6507070707070708,0.605,0.5974747474747475,0.6640404040404041,0.5606060606060606,N3,RF,3,verified_100
0.6647222222222222,0.5975,0.5946969696969697,0.6832323232323233,0.6181818181818182,N3,RF,4,verified_100
0.6808333333333334,0.625,0.6146464646464647,0.7074747474747475,0.6191919191919192,N3,RF,5,verified_100
0.6796590909090909,0.6225,0.6154040404040404,0.7042424242424242,0.6121212121212121,N3,RF,6,verified_100
0.6842929292929293,0.625,0.6191919191919192,0.7042424242424242,0.6787878787878787,N3,RF,7,verified_100
0.6698484848484849,0.6175,0.6103535353535353,0.6789898989898989,0.601010101010101,N3,RF,8,verified_100
0.6837878787878788,0.63,0.6252525252525252,0.7052525252525252,0.6474747474747475,N3,RF,9,verified_100
0.6221843434343435,0.625,0.6237373737373737,0.6424242424242425,0.6161616161616161,N4,SVM,0,verified_100
0.5755555555555555,0.5525,0.5426767676767676,0.6032323232323232,0.5656565656565656,N4,SVM,1,verified_100
0.5985353535353535,0.5925,0.5856060606060607,0.6181818181818182,0.603030303030303,N4,SVM,2,verified_100
0.6191287878787879,0.585,0.5742424242424242,0.6448484848484849,0.5898989898989899,N4,SVM,3,verified_100
0.5758838383838384,0.5725,0.567929292929293,0.5870707070707071,0.5868686868686869,N4,SVM,4,verified_100
0.6513636363636364,0.635,0.6353535353535353,0.6642424242424242,0.6202020202020202,N4,SVM,5,verified_100
0.590189393939394,0.5925,0.5931818181818181,0.6008080808080809,0.6111111111111112,N4,SVM,6,verified_100
0.6467171717171718,0.6125,0.6103535353535354,0.6531313131313131,0.6272727272727272,N4,SVM,7,verified_100
0.6159848484848485,0.5925,0.5926767676767677,0.6270707070707071,0.5909090909090908,N4,SVM,8,verified_100
0.6657070707070707,0.6375,0.6381313131313131,0.6775757575757575,0.6404040404040404,N4,SVM,9,verified_100
0.6433585858585859,0.5825,0.577020202020202,0.6638383838383839,0.6141414141414141,N4,RF,0,verified_100
0.6110984848484848,0.5625,0.5492424242424242,0.6155555555555555,0.5272727272727273,N4,RF,1,verified_100
0.6231691919191918,0.5775,0.5694444444444444,0.6335353535353536,0.5808080808080808,N4,RF,2,verified_100
0.655378787878788,0.62,0.6131313131313131,0.6751515151515152,0.6191919191919192,N4,RF,3,verified_100
0.6267550505050505,0.5625,0.5578282828282828,0.64,0.595959595959596,N4,RF,4,verified_100
0.6729545454545454,0.595,0.5863636363636364,0.6933333333333334,0.6141414141414141,N4,RF,5,verified_100
0.6767929292929293,0.62,0.6156565656565656,0.7117171717171717,0.6161616161616161,N4,RF,6,verified_100
0.652070707070707,0.595,0.5863636363636364,0.6634343434343434,0.6181818181818182,N4,RF,7,verified_100
0.6489015151515152,0.615,0.604040404040404,0.6650505050505051,0.6080808080808081,N4,RF,8,verified_100
0.657209595959596,0.595,0.5898989898989899,0.6769696969696969,0.6232323232323232,N4,RF,9,verified_100
0.6084217171717171,0.595,0.5898989898989899,0.6311111111111111,0.5737373737373737,P,SVM,0,verified_100
0.6084848484848484,0.585,0.5808080808080808,0.635959595959596,0.5737373737373737,P,SVM,1,verified_100
0.6061616161616162,0.59,0.5848484848484848,0.6327272727272727,0.603030303030303,P,SVM,2,verified_100
0.5729671717171718,0.5375,0.5280303030303031,0.5890909090909091,0.5787878787878789,P,SVM,3,verified_100
0.516439393939394,0.485,0.48232323232323226,0.5272727272727273,0.5151515151515151,P,SVM,4,verified_100
0.626540404040404,0.595,0.5878787878787879,0.6452525252525252,0.6161616161616161,P,SVM,5,verified_100
0.5773232323232322,0.585,0.5772727272727273,0.5886868686868687,0.5696969696969697,P,SVM,6,verified_100
0.6359343434343435,0.625,0.6338383838383839,0.6509090909090909,0.6282828282828283,P,SVM,7,verified_100
0.6403030303030304,0.575,0.5727272727272728,0.653939393939394,0.5868686868686869,P,SVM,8,verified_100
0.6465656565656565,0.585,0.5858585858585859,0.6638383838383839,0.6161616161616161,P,SVM,9,verified_100
0.634949494949495,0.5875,0.5886363636363636,0.6531313131313131,0.6222222222222222,P,SVM,10,verified_100
0.566010101010101,0.535,0.5277777777777778,0.5808080808080809,0.5313131313131313,P,SVM,11,verified_100
0.5369696969696969,0.525,0.5186868686868686,0.5533333333333333,0.5202020202020202,P,SVM,12,verified_100
0.6042045454545455,0.58,0.5813131313131313,0.6254545454545455,0.5666666666666667,P,SVM,13,verified_100
0.5080555555555555,0.49,0.4767676767676768,0.5292929292929294,0.49797979797979797,P,SVM,14,verified_100
0.6334722222222222,0.6275,0.6255050505050506,0.6343434343434343,0.6252525252525252,P,SVM,15,verified_100
0.6018434343434342,0.5625,0.5593434343434344,0.6165656565656565,0.5707070707070707,P,SVM,16,verified_100
0.6446969696969698,0.6275,0.6255050505050506,0.658989898989899,0.6585858585858586,P,SVM,17,verified_100
0.6623358585858586,0.635,0.6358585858585859,0.667878787878788,0.6919191919191919,P,SVM,18,verified_100
0.5663383838383839,0.5525,0.5507575757575758,0.5703030303030303,0.5797979797979798,P,SVM,19,verified_100
0.6537247474747474,0.6125,0.6073232323232323,0.6751515151515152,0.6343434343434343,P,RF,0,verified_100
0.5636742424242424,0.56,0.545959595959596,0.5701010101010102,0.5232323232323233,P,RF,1,verified_100
0.6605681818181819,0.625,0.6136363636363636,0.6721212121212121,0.6131313131313132,P,RF,2,verified_100
0.6619823232323231,0.6325,0.626010101010101,0.6892929292929293,0.6525252525252525,P,RF,3,verified_100
0.6594191919191918,0.64,0.6353535353535353,0.6785858585858585,0.6656565656565656,P,RF,4,verified_100
0.6607070707070706,0.6125,0.5982323232323232,0.6846464646464646,0.6262626262626263,P,RF,5,verified_100
0.6611994949494949,0.615,0.6035353535353535,0.6802020202020201,0.6373737373737374,P,RF,6,verified_100
0.6556313131313131,0.6125,0.6047979797979798,0.6763636363636364,0.6080808080808081,P,RF,7,verified_100
0.6543434343434343,0.62,0.6136363636363636,0.6717171717171717,0.6121212121212121,P,RF,8,verified_100
0.7177777777777778,0.67,0.6616161616161615,0.7515151515151516,0.6818181818181819,P,RF,9,verified_100
0.6550883838383839,0.595,0.5873737373737373,0.6886868686868687,0.6303030303030304,P,RF,10,verified_100
0.6822979797979798,0.6225,0.6133838383838384,0.7218181818181818,0.6323232323232324,P,RF,11,verified_100
0.6283459595959596,0.5725,0.5669191919191918,0.6494949494949495,0.5757575757575757,P,RF,12,verified_100
0.6719570707070708,0.62,0.6176767676767676,0.6967676767676767,0.6606060606060606,P,RF,13,verified_100
0.6681186868686868,0.6275,0.6194444444444445,0.6955555555555555,0.6303030303030304,P,RF,14,verified_100
0.6959343434343435,0.6375,0.6305555555555555,0.7260606060606061,0.6707070707070707,P,RF,15,verified_100
0.6315151515151515,0.595,0.5843434343434344,0.6476767676767676,0.5969696969696969,P,RF,16,verified_100
0.6860227272727273,0.6525,0.6441919191919192,0.7157575757575757,0.6797979797979798,P,RF,17,verified_100
0.6915782828282828,0.63,0.6222222222222222,0.7147474747474748,0.6707070707070707,P,RF,18,verified_100
0.6772853535353537,0.63,0.6237373737373737,0.6997979797979798,0.6303030303030304,P,RF,19,verified_100
0.8612689393939394,0.7611607142857143,0.7545289855072463,0.8926218708827405,0.7796442687747036,N1,SVM,0,no_kurtosis
0.8428853754940712,0.7321428571428571,0.7241436100131753,0.8708827404479578,0.7308959156785244,N1,SVM,1,no_kurtosis
0.8648097826086957,0.7678571428571429,0.7610342555994729,0.8945981554677207,0.7493412384716732,N1,SVM,2,no_kurtosis
0.8550107048748352,0.7566964285714286,0.7482707509881423,0.8889986824769434,0.7644927536231885,N1,SVM,3,no_kurtosis
0.8405797101449275,0.7477678571428571,0.7390480895915679,0.8735177865612649,0.7602108036890645,N1,SVM,4,no_kurtosis
0.8635128458498024,0.7723214285714286,0.7656455862977603,0.8889986824769434,0.7677865612648221,N1,SVM,5,no_kurtosis
0.8522315546772069,0.7477678571428571,0.7398715415019763,0.8827404479578393,0.7569169960474309,N1,SVM,6,no_kurtosis
0.8564723320158103,0.7700892857142857,0.7612812911725955,0.8853754940711462,0.7677865612648221,N1,SVM,7,no_kurtosis
0.8638833992094861,0.7767857142857143,0.7719038208168643,0.8916337285902503,0.7569169960474309,N1,SVM,8,no_kurtosis
0.8476408102766799,0.7366071428571429,0.7287549407114624,0.886034255599473,0.738471673254282,N1,SVM,9,no_kurtosis
0.8736515974967062,0.7946428571428571,0.7747035573122529,0.9207839262187089,0.7849143610013176,N1,RF,0,no_kurtosis
0.8731575263504612,0.7834821428571429,0.7635869565217391,0.9199604743083004,0.8000658761528328,N1,RF,1,no_kurtosis
0.8759572628458498,0.7879464285714286,0.7665513833992095,0.9240777338603425,0.8185111989459816,N1,RF,2,no_kurtosis
0.8709444993412385,0.7834821428571429,0.7602931488801055,0.9123847167325427,0.8000658761528328,N1,RF,3,no_kurtosis
0.8619791666666667,0.7879464285714286,0.7690217391304348,0.9097496706192358,0.7849143610013176,N1,RF,4,no_kurtosis
0.8680418313570488,0.8013392857142857,0.7828557312252964,0.9115612648221344,0.7957839262187089,N1,RF,5,no_kurtosis
0.8666728425559947,0.7924107142857143,0.7728096179183135,0.9049736495388669,0.8033596837944664,N1,RF,6,no_kurtosis
0.8635128458498025,0.796875,0.7749505928853755,0.900197628458498,0.7891963109354414,N1,RF,7,no_kurtosis
0.8702754446640315,0.7946428571428571,0.7714097496706191,0.9148550724637681,0.7924901185770752,N1,RF,8,no_kurtosis
0.8755558300395258,0.8058035714285714,0.7858201581027668,0.919631093544137,0.810935441370224,N1,RF,9,no_kurtosis
0.8386445981554679,0.7455357142857143,0.7371541501976284,0.8794466403162056,0.7677865612648221,N2,SVM,0,no_kurtosis
0.8002305665349143,0.7075892857142857,0.6991930171277998,0.8389328063241107,0.7233201581027668,N2,SVM,1,no_kurtosis
0.8411561264822134,0.7254464285714286,0.7176383399209486,0.8873517786561265,0.785243741765481,N2,SVM,2,no_kurtosis
0.8237812911725955,0.7366071428571429,0.7238142292490118,0.8642951251646904,0.7460474308300395,N2,SVM,3,no_kurtosis
0.8107913372859024,0.7165178571428571,0.7067687747035574,0.8550724637681159,0.7266139657444005,N2,SVM,4,no_kurtosis
0.8404561923583663,0.7410714285714286,0.7374835309617918,0.8764822134387352,0.7417654808959157,N2,SVM,5,no_kurtosis
0.8147850790513834,0.7455357142857143,0.7379776021080369,0.8570487483530962,0.7341897233201581,N2,SVM,6,no_kurtosis
0.8302248023715415,0.7366071428571429,0.7304018445322793,0.8751646903820817,0.7493412384716732,N2,SVM,7,no_kurtosis
0.8292366600790514,0.75,0.7450592885375493,0.8722002635046113,0.7450592885375493,N2,SVM,8,no_kurtosis
0.8259428524374177,0.7120535714285714,0.7029808959156785,0.8679183135704875,0.7157444005270093,N2,SVM,9,no_kurtosis
0.8610424901185771,0.7924107142857143,0.7744565217391304,0.907608695652174,0.7882081686429512,N2,RF,0,no_kurtosis
0.8529623682476943,0.7834821428571429,0.7602931488801055,0.905467720685112,0.7924901185770752,N2,RF,1,no_kurtosis
0.8752161561264822,0.7879464285714286,0.7632575757575757,0.9277009222661396,0.8000658761528328,N2,RF,2,no_kurtosis
0.8640686758893281,0.7790178571428571,0.7581521739130435,0.9113965744400527,0.7924901185770752,N2,RF,3,no_kurtosis
0.8476408102766799,0.78125,0.764163372859025,0.9008563899868248,0.7773386034255599,N2,RF,4,no_kurtosis
0.8608160408432147,0.8035714285714286,0.7863965744400527,0.9067852437417655,0.7924901185770752,N2,RF,5,no_kurtosis
0.8564929183135706,0.7857142857142857,0.7654808959156785,0.9013504611330698,0.8175230566534915,N2,RF,6,no_kurtosis
0.8594985177865613,0.7857142857142857,0.7621870882740448,0.897068511198946,0.7924901185770752,N2,RF,7,no_kurtosis
0.8642127799736495,0.7879464285714286,0.765727931488801,0.9127140974967062,0.7891963109354414,N2,RF,8,no_kurtosis
0.8727869729907773,0.7901785714285714,0.7717391304347826,0.9247364953886693,0.8033596837944664,N2,RF,9,no_kurtosis
0.7313488142292491,0.6540178571428571,0.6257411067193676,0.7638339920948616,0.6297760210803689,N3,SVM,0,no_kurtosis
0.6756217061923584,0.609375,0.57715744400527,0.7055335968379447,0.597167325428195,N3,SVM,1,no_kurtosis
0.6959815546772068,0.6339285714285714,0.6169301712779973,0.7318840579710145,0.6429512516469038,N3,SVM,2,no_kurtosis
0.6784214426877471,0.640625,0.6152009222661396,0.7117918313570488,0.6515151515151515,N3,SVM,3,no_kurtosis
0.740139163372859,0.6830357142857143,0.6668313570487483,0.7707509881422925,0.6245059288537549,N3,SVM,4,no_kurtosis
0.620800395256917,0.6116071428571429,0.5930500658761528,0.6495388669301714,0.5691699604743082,N3,SVM,5,no_kurtosis
0.7466856060606061,0.7098214285714286,0.696969696969697,0.7783267457180499,0.6831357048748353,N3,SVM,6,no_kurtosis
0.7280755928853755,0.6495535714285714,0.6351284584980237,0.7644927536231884,0.6320816864295125,N3,SVM,7,no_kurtosis
0.7451828063241106,0.6741071428571429,0.6625494071146245,0.7786561264822135,0.6646903820816865,N3,SVM,8,no_kurtosis
0.7397480237154149,0.6808035714285714,0.6599967061923584,0.77832674571805,0.6472332015810276,N3,SVM,9,no_kurtosis
0.6967123682476942,0.640625,0.6119071146245059,0.7246376811594203,0.644927536231884,N3,RF,0,no_kurtosis
0.6898262516469038,0.640625,0.6135540184453228,0.7119565217391304,0.6373517786561265,N3,RF,1,no_kurtosis
0.6742938899868247,0.625,0.5994729907773386,0.69433465085639,0.6037549407114624,N3,RF,2,no_kurtosis
0.680768280632411,0.6540178571428571,0.6306818181818181,0.7043807641633729,0.6146245059288538,N3,RF,3,no_kurtosis
0.6780097167325428,0.640625,0.6143774703557312,0.6887351778656127,0.5895915678524374,N3,RF,4,no_kurtosis
0.6153141469038208,0.5758928571428571,0.5462779973649539,0.6258234519104084,0.5082345191040843,N3,RF,5,no_kurtosis
0.6962491765480896,0.6473214285714286,0.6266469038208169,0.7239789196310935,0.6222002635046113,N3,RF,6,no_kurtosis
0.679790431488801,0.6339285714285714,0.6095191040843215,0.7037220026350461,0.5853096179183136,N3,RF,7,no_kurtosis
0.7009428524374177,0.6450892857142857,0.6156949934123848,0.7266139657444005,0.6189064558629775,N3,RF,8,no_kurtosis
0.6808300395256917,0.625,0.5937088274044796,0.6992753623188406,0.5678524374176548,N3,RF,9,no_kurtosis
0.6773509552042161,0.6049107142857143,0.5791337285902504,0.705862977602108,0.6070487483530962,N4,SVM,0,no_kurtosis
0.6364974472990778,0.5758928571428571,0.533102766798419,0.6429512516469038,0.5102108036890646,N4,SVM,1,no_kurtosis
0.6091176712779973,0.5959821428571429,0.5666172595520422,0.6266469038208169,0.5668642951251647,N4,SVM,2,no_kurtosis
0.5288722826086957,0.5647321428571429,0.5277503293807642,0.5418313570487483,0.5233860342555995,N4,SVM,3,no_kurtosis
0.6429718379446641,0.6004464285714286,0.5769927536231885,0.6622200263504611,0.6093544137022397,N4,SVM,4,no_kurtosis
0.5300148221343873,0.5334821428571429,0.5086462450592886,0.5393610013175232,0.4746376811594203,N4,SVM,5,no_kurtosis
0.6444952239789197,0.6160714285714286,0.5968379446640316,0.6569499341238471,0.6027667984189724,N4,SVM,6,no_kurtosis
0.642879199604743,0.6116071428571429,0.5897562582345192,0.6656785243741766,0.5994729907773386,N4,SVM,7,no_kurtosis
0.6700531126482213,0.6339285714285714,0.5979907773386034,0.6903820816864296,0.6047430830039526,N4,SVM,8,no_kurtosis
0.632225790513834,0.625,0.5978260869565217,0.664361001317523,0.61034255599473,N4,SVM,9,no_kurtosis
0.6478713768115942,0.6183035714285714,0.5880270092226614,0.6635375494071147,0.5678524374176548,N4,RF,0,no_kurtosis
0.6609642621870884,0.6205357142857143,0.5956851119894598,0.677536231884058,0.6189064558629775,N4,RF,1,no_kurtosis
0.6438364624505929,0.6071428571428571,0.5802042160737813,0.650197628458498,0.5862977602108037,N4,RF,2,no_kurtosis
0.644237895256917,0.6049107142857143,0.5750164690382081,0.6702898550724639,0.5862977602108037,N4,RF,3,no_kurtosis
0.6363739295125166,0.59375,0.561429512516469,0.6464097496706193,0.5385375494071146,N4,RF,4,no_kurtosis
0.5693758234519104,0.5602678571428571,0.5338438735177865,0.577239789196311,0.5451251646903821,N4,RF,5,no_kurtosis
0.6421895586297761,0.6026785714285714,0.5764163372859026,0.6622200263504611,0.5744400527009222,N4,RF,6,no_kurtosis
0.6399456521739131,0.5848214285714286,0.5555006587615283,0.6493741765480896,0.5602766798418972,N4,RF,7,no_kurtosis
0.6873147233201581,0.6183035714285714,0.585556653491436,0.7124505928853755,0.5895915678524374,N4,RF,8,no_kurtosis
0.6446702075098814,0.6049107142857143,0.5733695652173914,0.6663372859025033,0.6047430830039526,N4,RF,9,no_kurtosis
0.6641345520421607,0.6227678571428571,0.6099308300395256,0.6931818181818182,0.6353754940711462,P,SVM,0,no_kurtosis
0.6130393610013175,0.6071428571428571,0.577733860342556,0.6462450592885376,0.6189064558629775,P,SVM,1,no_kurtosis
0.6427248023715415,0.609375,0.590332674571805,0.672266139657444,0.5843214756258235,P,SVM,2,no_kurtosis
0.6132349308300395,0.59375,0.5729578392621871,0.63965744400527,0.6070487483530962,P,SVM,3,no_kurtosis
0.6820858036890647,0.6316964285714286,0.5969202898550725,0.7236495388669302,0.5938735177865613,P,SVM,4,no_kurtosis
0.6368062417654808,0.5959821428571429,0.550971673254282,0.6584321475625824,0.5362318840579711,P,SVM,5,no_kurtosis
0.639739789196311,0.6049107142857143,0.5741930171277998,0.6561264822134387,0.5787220026350461,P,SVM,6,no_kurtosis
0.6267807147562583,0.6160714285714286,0.599308300395257,0.6498682476943346,0.5876152832674573,P,SVM,7,no_kurtosis
0.7048748353096179,0.6651785714285714,0.6459156785243741,0.729578392621871,0.6548089591567852,P,SVM,8,no_kurtosis
0.7260375494071146,0.6629464285714286,0.6456686429512517,0.7608695652173912,0.6841238471673254,P,SVM,9,no_kurtosis
0.5904458992094863,0.5870535714285714,0.5623353096179183,0.6030961791831357,0.5668642951251647,P,SVM,10,no_kurtosis
0.6639389822134386,0.6026785714285714,0.5821805006587616,0.6938405797101449,0.6212121212121212,P,SVM,11,no_kurtosis
0.5985671936758894,0.5870535714285714,0.5689229249011858,0.6226943346508564,0.5540184453227931,P,SVM,12,no_kurtosis
0.6701045783926218,0.65625,0.6309288537549407,0.711133069828722,0.6330698287220027,P,SVM,13,no_kurtosis
0.6850090579710144,0.625,0.601943346508564,0.7180500658761528,0.6179183135704875,P,SVM,14,no_kurtosis
0.6903203227931489,0.6450892857142857,0.61816534914361,0.7234848484848484,0.6297760210803689,P,SVM,15,no_kurtosis
0.6903717885375494,0.6361607142857143,0.615530303030303,0.7124505928853755,0.6179183135704875,P,SVM,16,no_kurtosis
0.5834156785243743,0.5736607142857143,0.5616765480895916,0.6004611330698287,0.5573122529644269,P,SVM,17,no_kurtosis
0.6891469038208169,0.6517857142857143,0.6320816864295125,0.7167325428194994,0.6363636363636364,P,SVM,18,no_kurtosis
0.6887145915678524,0.6450892857142857,0.6272233201581028,0.7223320158102767,0.6515151515151515,P,SVM,19,no_kurtosis
0.6904953063241107,0.6517857142857143,0.6222002635046113,0.725296442687747,0.5905797101449275,P,RF,0,no_kurtosis
0.7016736660079052,0.6696428571428571,0.636528326745718,0.7208498023715414,0.6383399209486166,P,RF,1,no_kurtosis
0.6652462121212122,0.6205357142857143,0.5833333333333333,0.6900527009222661,0.568840579710145,P,RF,2,no_kurtosis
0.683897397891963,0.6875,0.6574440052700923,0.7080039525691699,0.6525032938076416,P,RF,3,no_kurtosis
0.7117403656126483,0.65625,0.6235177865612648,0.7328722002635045,0.644927536231884,P,RF,4,no_kurtosis
0.6251749835309618,0.6071428571428571,0.577733860342556,0.6473978919631093,0.5678524374176548,P,RF,5,no_kurtosis
0.685039937417655,0.6361607142857143,0.598237812911726,0.7149209486166007,0.6416337285902504,P,RF,6,no_kurtosis
0.7259654973649539,0.6897321428571429,0.6601613965744401,0.7595520421607378,0.6643610013175231,P,RF,7,no_kurtosis
0.6963624011857709,0.6741071428571429,0.6444334650856389,0.7299077733860343,0.6525032938076416,P,RF,8,no_kurtosis
0.7239789196310936,0.6584821428571429,0.6287055335968379,0.7485177865612648,0.6959815546772068,P,RF,9,no_kurtosis
0.6817152503293807,0.6294642857142857,0.5909090909090908,0.7086627140974967,0.6133069828722002,P,RF,10,no_kurtosis
0.7362998188405797,0.7165178571428571,0.6870059288537549,0.7667984189723319,0.7154150197628458,P,RF,11,no_kurtosis
0.6924407114624506,0.6741071428571429,0.6378458498023716,0.7317193675889327,0.6426218708827405,P,RF,12,no_kurtosis
0.7113080533596838,0.6629464285714286,0.6357872200263505,0.7447299077733861,0.6231884057971014,P,RF,13,no_kurtosis
0.7416831357048748,0.6897321428571429,0.6593379446640316,0.7707509881422926,0.6492094861660079,P,RF,14,no_kurtosis
0.6761466567852437,0.6339285714285714,0.5996376811594203,0.7024044795783926,0.5981554677206851,P,RF,15,no_kurtosis
0.6937273550724637,0.6674107142857143,0.631340579710145,0.7154150197628458,0.6340579710144928,P,RF,16,no_kurtosis
0.7590579710144927,0.6986607142857143,0.6735013175230566,0.7880434782608695,0.6926877470355731,P,RF,17,no_kurtosis
0.7273550724637681,0.6897321428571429,0.6609848484848485,0.7569169960474309,0.6567852437417655,P,RF,18,no_kurtosis
0.7580595355731226,0.6986607142857143,0.6669137022397892,0.7934782608695652,0.7154150197628458,P,RF,19,no_kurtosis
0.7863965744400528,0.6964285714285714,0.6996047430830039,0.7928194993412385,0.714756258234519,N1,SVM,0,closed_only
0.7616930171277998,0.7098214285714286,0.714262187088274,0.770421607378129,0.7038866930171278,N1,SVM,1,closed_only
0.7728919631093544,0.6875,0.6821475625823452,0.7849143610013175,0.7081686429512517,N1,SVM,2,closed_only
0.7856554677206851,0.7053571428571429,0.7055335968379447,0.7908432147562582,0.7038866930171278,N1,SVM,3,closed_only
0.7744565217391304,0.7098214285714286,0.714262187088274,0.785243741765481,0.7071805006587615,N1,SVM,4,closed_only
0.785737812911726,0.7276785714285714,0.7310606060606061,0.7938076416337286,0.719038208168643,N1,SVM,5,closed_only
0.7611166007905139,0.6741071428571429,0.6674901185770752,0.7691040843214757,0.6712779973649539,N1,SVM,6,closed_only
0.7738801054018445,0.7053571428571429,0.7104743083003953,0.7773386034255599,0.7038866930171278,N1,SVM,7,closed_only
0.783102766798419,0.7098214285714286,0.714262187088274,0.7934782608695653,0.7071805006587615,N1,SVM,8,closed_only
0.7656455862977603,0.7142857142857143,0.7131093544137023,0.7727272727272727,0.7299077733860342,N1,SVM,9,closed_only
0.8349802371541502,0.7455357142857143,0.724802371541502,0.8527667984189724,0.7546113306982872,N1,RF,0,closed_only
0.8244400527009222,0.7633928571428571,0.7498353096179183,0.8404150197628459,0.7394598155467721,N1,RF,1,closed_only
0.8505434782608696,0.78125,0.7666337285902504,0.876646903820817,0.80566534914361,N1,RF,2,closed_only
0.8567605401844532,0.7678571428571429,0.7536231884057971,0.880270092226614,0.8122529644268774,N1,RF,3,closed_only
0.8325510540184453,0.7410714285714286,0.724308300395257,0.8560606060606061,0.7536231884057971,N1,RF,4,closed_only
0.8373270750988142,0.7544642857142857,0.7373188405797102,0.8649538866930172,0.7872200263504612,N1,RF,5,closed_only
0.8325922266139657,0.7321428571428571,0.7150856389986824,0.8509552042160738,0.7308959156785244,N1,RF,6,closed_only
0.8347332015810276,0.7544642857142857,0.7389657444005271,0.8565546772068511,0.7905138339920948,N1,RF,7,closed_only
0.8382328722002635,0.7455357142857143,0.7297430830039526,0.8540843214756259,0.7503293807641633,N1,RF,8,closed_only
0.8274456521739131,0.7366071428571429,0.7238142292490118,0.8537549407114624,0.7644927536231885,N1,RF,9,closed_only
0.751564558629776,0.7053571428571429,0.7038866930171278,0.7743741765480896,0.6745718050065876,N2,SVM,0,closed_only
0.7336956521739131,0.6696428571428571,0.6669960474308301,0.7486824769433466,0.6745718050065876,N2,SVM,1,closed_only
0.7383069828722003,0.65625,0.6473978919631094,0.7503293807641633,0.652832674571805,N2,SVM,2,closed_only
0.7232378129117261,0.6785714285714286,0.6745718050065876,0.7368247694334652,0.685441370223979,N2,SVM,3,closed_only
0.7536231884057971,0.6785714285714286,0.6745718050065876,0.7691040843214756,0.7256258234519104,N2,SVM,4,closed_only
0.7705039525691699,0.7053571428571429,0.6940052700922266,0.7905138339920947,0.7374835309617918,N2,SVM,5,closed_only
0.7186264822134387,0.6383928571428571,0.6207180500658762,0.7355072463768115,0.6429512516469038,N2,SVM,6,closed_only
0.7331192358366272,0.6696428571428571,0.6604084321475626,0.7546113306982873,0.6561264822134387,N2,SVM,7,closed_only
0.740612648221344,0.7053571428571429,0.7038866930171278,0.7509881422924901,0.6669960474308301,N2,SVM,8,closed_only
0.7191205533596838,0.6651785714285714,0.6566205533596838,0.7341897233201581,0.6343873517786561,N2,SVM,9,closed_only
0.8204874835309618,0.7633928571428571,0.7465415019762847,0.8404150197628458,0.773056653491436,N2,RF,0,closed_only
0.806941699604743,0.7455357142857143,0.7297430830039526,0.8246047430830039,0.7351778656126482,N2,RF,1,closed_only
0.8221755599472992,0.7544642857142857,0.7307312252964426,0.844532279314888,0.7361660079051384,N2,RF,2,closed_only
0.8120471014492754,0.7232142857142857,0.7042160737812911,0.8448616600790513,0.7611989459815547,N2,RF,3,closed_only
0.8050889328063242,0.7366071428571429,0.7205204216073782,0.8227931488801055,0.7101449275362319,N2,RF,4,closed_only
0.8381093544137022,0.7633928571428571,0.7448945981554678,0.86034255599473,0.7546113306982872,N2,RF,5,closed_only
0.8168231225296442,0.75,0.7351778656126482,0.8326745718050065,0.7167325428194993,N2,RF,6,closed_only
0.8056241765480896,0.71875,0.7037220026350461,0.8341567852437417,0.7503293807641633,N2,RF,7,closed_only
0.8124176548089591,0.7098214285714286,0.6977931488801055,0.8306982872200264,0.7091567852437417,N2,RF,8,closed_only
0.8217226613965743,0.7410714285714286,0.7210144927536233,0.8526021080368906,0.743741765480896,N2,RF,9,closed_only
0.6914525691699606,0.6696428571428571,0.6669960474308301,0.6989459815546771,0.6485507246376812,N3,SVM,0,closed_only
0.6302700922266139,0.6071428571428571,0.5810276679841897,0.6376811594202898,0.577733860342556,N3,SVM,1,closed_only
0.6309288537549407,0.6383928571428571,0.6256587615283268,0.63866930171278,0.6202239789196311,N3,SVM,2,closed_only
0.6668313570487483,0.6339285714285714,0.61034255599473,0.6735836627140974,0.5886034255599473,N3,SVM,3,closed_only
0.6761363636363635,0.6428571428571429,0.6327404479578393,0.6844532279314888,0.6202239789196311,N3,SVM,4,closed_only
0.6074604743083004,0.6339285714285714,0.6169301712779973,0.6149538866930172,0.5843214756258235,N3,SVM,5,closed_only
0.6850296442687747,0.6294642857142857,0.6164361001317523,0.6930171277997365,0.6419631093544138,N3,SVM,6,closed_only
0.6782773386034255,0.6294642857142857,0.6180830039525691,0.6890645586297761,0.5942028985507246,N3,SVM,7,closed_only
0.7149209486166008,0.6473214285714286,0.6398221343873518,0.7180500658761528,0.6126482213438735,N3,SVM,8,closed_only
0.685935441370224,0.6339285714285714,0.6235177865612648,0.6933465085638999,0.6310935441370225,N3,SVM,9,closed_only
0.6976696310935441,0.6428571428571429,0.6261528326745718,0.7052042160737813,0.61034255599473,N3,RF,0,closed_only
0.664649209486166,0.6428571428571429,0.6228590250329381,0.6709486166007905,0.591897233201581,N3,RF,1,closed_only
0.6982872200263505,0.6294642857142857,0.6164361001317523,0.7093214756258235,0.6495388669301714,N3,RF,2,closed_only
0.6631669960474308,0.625,0.6110013175230566,0.6683135704874835,0.6126482213438735,N3,RF,3,closed_only
0.6812829380764163,0.625,0.6093544137022397,0.6872529644268774,0.5984848484848485,N3,RF,4,closed_only
0.6224884716732543,0.6116071428571429,0.5897562582345192,0.6246706192358367,0.5876152832674573,N3,RF,5,closed_only
0.6830945322793148,0.6339285714285714,0.621870882740448,0.6923583662714098,0.6159420289855072,N3,RF,6,closed_only
0.7121212121212122,0.6428571428571429,0.6327404479578393,0.7213438735177864,0.686429512516469,N3,RF,7,closed_only
0.6976284584980237,0.65625,0.6342226613965745,0.7132740447957838,0.63965744400527,N3,RF,8,closed_only
0.6704957180500659,0.625,0.6060606060606061,0.6714426877470355,0.5398550724637681,N3,RF,9,closed_only
0.6338109354413701,0.59375,0.5844861660079052,0.636034255599473,0.5790513833992095,N4,SVM,0,closed_only
0.5657938076416337,0.5446428571428571,0.5247035573122529,0.5721343873517786,0.5540184453227931,N4,SVM,1,closed_only
0.5807394598155468,0.5982142857142857,0.5734519104084321,0.5815217391304348,0.5951910408432148,N4,SVM,2,closed_only
0.5455780632411067,0.5714285714285714,0.5391963109354414,0.546772068511199,0.5559947299077734,N4,SVM,3,closed_only
0.610836627140975,0.5446428571428571,0.5181159420289855,0.6101778656126482,0.5474308300395256,N4,SVM,4,closed_only
0.5308382740447958,0.5401785714285714,0.5110342555994729,0.5360671936758894,0.5474308300395256,N4,SVM,5,closed_only
0.6293642951251647,0.5982142857142857,0.5734519104084321,0.6385046113306982,0.5701581027667985,N4,SVM,6,closed_only
0.6057312252964426,0.6026785714285714,0.5755928853754941,0.6103425559947299,0.5701581027667985,N4,SVM,7,closed_only
0.6540266798418972,0.6026785714285714,0.5871212121212122,0.6615612648221344,0.5833333333333333,N4,SVM,8,closed_only
0.6121953227931489,0.59375,0.5828392621870883,0.6110013175230566,0.5757575757575757,N4,SVM,9,closed_only
0.6503211462450593,0.6160714285714286,0.5902503293807642,0.6561264822134387,0.5928853754940712,N4,RF,0,closed_only
0.633399209486166,0.6294642857142857,0.6098484848484849,0.63866930171278,0.5550065876152833,N4,RF,1,closed_only
0.6626317523056654,0.6160714285714286,0.605072463768116,0.6653491436100132,0.6235177865612648,N4,RF,2,closed_only
0.6340579710144926,0.6071428571428571,0.589262187088274,0.639163372859025,0.5658761528326746,N4,RF,3,closed_only
0.62207674571805,0.5625,0.5349143610013176,0.6240118577075099,0.544137022397892,N4,RF,4,closed_only
0.5342555994729908,0.5178571428571429,0.4937417654808959,0.536231884057971,0.4627799736495389,N4,RF,5,closed_only
0.6557147562582345,0.6116071428571429,0.5996376811594203,0.6648550724637681,0.6202239789196311,N4,RF,6,closed_only
0.6893939393939394,0.6517857142857143,0.6403162055335969,0.6921936758893281,0.6353754940711462,N4,RF,7,closed_only
0.6854413702239789,0.6517857142857143,0.6370223978919631,0.69532279314888,0.6353754940711462,N4,RF,8,closed_only
0.6256999341238472,0.5892857142857143,0.5625823451910409,0.6320816864295125,0.577733860342556,N4,RF,9,closed_only
0.6595438076416338,0.5982142857142857,0.5553359683794467,0.6577733860342556,0.564558629776021,P,SVM,0,closed_only
0.5723814229249011,0.5625,0.5464426877470355,0.5760869565217391,0.5497364953886693,P,SVM,1,closed_only
0.563570487483531,0.53125,0.5133399209486166,0.5652173913043479,0.5171277997364954,P,SVM,2,closed_only
0.5182806324110671,0.5267857142857143,0.5194334650856389,0.5202569169960475,0.5312911725955204,P,SVM,3,closed_only
0.5919384057971014,0.5758928571428571,0.5594532279314888,0.5910737812911725,0.5942028985507246,P,SVM,4,closed_only
0.5944911067193676,0.5401785714285714,0.4912714097496706,0.5994729907773385,0.4733201581027668,P,SVM,5,closed_only
0.6282938076416336,0.6026785714285714,0.564064558629776,0.6403162055335968,0.5385375494071146,P,SVM,6,closed_only
0.6141304347826088,0.5982142857142857,0.5619235836627141,0.6124835309617918,0.563570487483531,P,SVM,7,closed_only
0.6455862977602108,0.5803571428571429,0.5451251646903821,0.6442687747035574,0.5484189723320159,P,SVM,8,closed_only
0.6347167325428196,0.6205357142857143,0.6170948616600791,0.6385046113306984,0.6225296442687747,P,SVM,9,closed_only
0.5826745718050066,0.5535714285714286,0.5207509881422925,0.5872859025032938,0.4897891963109354,P,SVM,10,closed_only
0.6175889328063241,0.5535714285714286,0.5536890645586298,0.6241765480895916,0.5596179183135706,P,SVM,11,closed_only
0.5544713438735178,0.5535714285714286,0.5372200263504612,0.5548418972332017,0.538866930171278,P,SVM,12,closed_only
0.6116600790513834,0.5714285714285714,0.5490777338603425,0.6162714097496707,0.5289855072463768,P,SVM,13,closed_only
0.6140480895915678,0.5714285714285714,0.5457839262187089,0.6157773386034255,0.5550065876152833,P,SVM,14,closed_only
0.5883152173913044,0.5758928571428571,0.5578063241106719,0.5932147562582345,0.5279973649538867,P,SVM,15,closed_only
0.5713109354413702,0.5714285714285714,0.5490777338603425,0.5638998682476943,0.5365612648221344,P,SVM,16,closed_only
0.6467391304347826,0.5892857142857143,0.5559947299077734,0.6465744400527009,0.563570487483531,P,SVM,17,closed_only
0.5986495388669302,0.5714285714285714,0.544137022397892,0.5942028985507246,0.5223978919631094,P,SVM,18,closed_only
0.6133893280632411,0.5669642857142857,0.5469367588932806,0.612977602108037,0.5474308300395256,P,SVM,19,closed_only
0.6857707509881422,0.6383928571428571,0.6042490118577075,0.6968050065876152,0.6340579710144928,P,RF,0,closed_only
0.6322052042160738,0.6071428571428571,0.5678524374176548,0.6408102766798419,0.6014492753623188,P,RF,1,closed_only
0.6552206851119895,0.6383928571428571,0.6190711462450593,0.6615612648221344,0.5876152832674573,P,RF,2,closed_only
0.6130187747035573,0.5892857142857143,0.5559947299077734,0.6184123847167327,0.5517127799736495,P,RF,3,closed_only
0.6525032938076416,0.6116071428571429,0.5848155467720685,0.6562911725955205,0.5961791831357048,P,RF,4,closed_only
0.5789690382081686,0.5892857142857143,0.560935441370224,0.5831686429512517,0.5853096179183136,P,RF,5,closed_only
0.6226531620553359,0.5892857142857143,0.560935441370224,0.633399209486166,0.5375494071146245,P,RF,6,closed_only
0.7027338603425559,0.6741071428571429,0.655961791831357,0.7045454545454546,0.6245059288537549,P,RF,7,closed_only
0.6502388010540184,0.6116071428571429,0.5881093544137023,0.6669960474308301,0.5843214756258235,P,RF,8,closed_only
0.667078392621871,0.6339285714285714,0.5988142292490118,0.6684782608695652,0.6189064558629775,P,RF,9,closed_only
0.5549242424242424,0.5848214285714286,0.5538537549407114,0.5704874835309617,0.5451251646903821,P,RF,10,closed_only
0.5949028326745718,0.5982142857142857,0.5816864295125165,0.5973320158102767,0.6027667984189724,P,RF,11,closed_only
0.6469449934123848,0.6205357142857143,0.5841567852437417,0.6492094861660078,0.5602766798418972,P,RF,12,closed_only
0.671483860342556,0.6383928571428571,0.610836627140975,0.6767127799736495,0.6146245059288538,P,RF,13,closed_only
0.6573616600790514,0.6473214285714286,0.6200592885375494,0.6640316205533597,0.6146245059288538,P,RF,14,closed_only
0.6287878787878788,0.6071428571428571,0.5843214756258235,0.6386693017127799,0.577733860342556,P,RF,15,closed_only
0.6063899868247694,0.5803571428571429,0.5550065876152833,0.6091897233201582,0.5625823451910409,P,RF,16,closed_only
0.6812005928853755,0.6607142857142857,0.6363636363636364,0.6931818181818181,0.6656785243741765,P,RF,17,closed_only
0.7405303030303031,0.6741071428571429,0.6477272727272727,0.7542819499341239,0.6808300395256917,P,RF,18,closed_only
0.689064558629776,0.6517857142857143,0.6287878787878788,0.705862977602108,0.5994729907773386,P,RF,19,closed_only
