variant,cell,model,n_reps,row_auc,row_acc,row_GD,subj_auc,subj_ba,subj_GD,subj_Sen,subj_Spe,subj_F1,repro_max_auc_diff
closed_only,N1,RF,10,0.8369606389986824,0.7522321428571429,0.47569085883499407,0.8586462450592887,0.7689064558629777,0.4242475127605706,0.6847826086956521,0.8530303030303031,0.7223193484718177,1.1102230246251565e-16
closed_only,N1,SVM,10,0.7750576416337286,0.7040178571428571,0.517883168388978,0.7830698287220026,0.7069169960474309,0.5154674072881569,0.6956521739130435,0.7181818181818181,0.6623964119594572,1.1102230246251565e-16
closed_only,N2,RF,10,0.8161437747035573,0.740625,0.4959942122016942,0.8387681159420289,0.7390316205533597,0.47323151374396355,0.6326086956521739,0.8454545454545455,0.6825082095227198,1.1102230246251565e-16
closed_only,N2,SVM,10,0.7382411067193676,0.6772321428571428,0.5672301947725822,0.7545125164690382,0.675098814229249,0.559870627080462,0.6456521739130434,0.7045454545454546,0.6231898738542768,1.1102230246251565e-16
closed_only,N3,RF,10,0.6790884387351779,0.6334821428571429,0.6417576437201881,0.6864130434782608,0.6132411067193676,0.6460206797420867,0.5173913043478261,0.7090909090909091,0.533760083712484,1.1102230246251565e-16
closed_only,N3,SVM,10,0.6667243083003952,0.6366071428571429,0.6324550727845397,0.6741765480895916,0.6119565217391305,0.6481125895525013,0.5239130434782608,0.7,0.5341633625142985,1.1102230246251565e-16
closed_only,N4,RF,10,0.6392992424242424,0.6053571428571429,0.6800008646636078,0.6444005270092227,0.5812911725955204,0.6882098062693952,0.45652173913043476,0.706060606060606,0.48407587700375954,1.1102230246251565e-16
closed_only,N4,SVM,10,0.5968914690382081,0.5790178571428571,0.7177139679491035,0.6004117259552042,0.5678524374176548,0.705360385469056,0.4478260869565217,0.6878787878787879,0.47129301773052623,1.1102230246251565e-16
closed_only,P,RF,20,0.6465991436100131,0.6223214285714286,0.6786817310270723,0.6544713438735178,0.597266139657444,0.6769792318340282,0.43695652173913047,0.7575757575757576,0.48864388642103906,1.1102230246251565e-16
closed_only,P,SVM,20,0.6010890151515151,0.5707589285714285,0.73338345567289,0.6027338603425559,0.5436758893280633,0.7377009872520872,0.4032608695652174,0.6840909090909091,0.42914001727429457,1.1102230246251565e-16
no_kurtosis,N1,RF,10,0.8699748847167326,0.7928571428571429,0.4221262585250205,0.9138175230566535,0.7980237154150198,0.3848881613472305,0.6369565217391304,0.9590909090909092,0.7513225005063779,1.1102230246251565e-16
no_kurtosis,N1,SVM,10,0.8548295454545455,0.7569196428571429,0.453001139719002,0.8855401844532279,0.7572463768115942,0.44161517416205626,0.6978260869565217,0.8166666666666667,0.7118400558127325,1.1102230246251565e-16
no_kurtosis,N2,RF,10,0.8614737730566535,0.7877232142857143,0.43024248209644006,0.9095685111989461,0.7945652173913044,0.3900440310350639,0.6391304347826087,0.95,0.7470170049373751,1.1102230246251565e-16
no_kurtosis,N2,SVM,10,0.8255249505928853,0.7316964285714286,0.491728951020112,0.8673913043478262,0.7435111989459815,0.4620615540816731,0.7021739130434782,0.7848484848484849,0.6982583292527554,1.1102230246251565e-16
no_kurtosis,N3,RF,10,0.6792737154150197,0.6328125,0.6641576229640467,0.7003458498023716,0.5992753623188405,0.6792630326895652,0.41521739130434787,0.7833333333333333,0.48071342983027876,1.1102230246251565e-16
no_kurtosis,N3,SVM,10,0.7102005105401845,0.6546875,0.621029968561182,0.7433135704874835,0.6342226613965745,0.6243179167036959,0.5108695652173914,0.7575757575757576,0.5483069410703854,1.1102230246251565e-16
no_kurtosis,N4,RF,10,0.6416779891304347,0.6015625,0.7075706153741378,0.6575592885375494,0.5772068511198947,0.7128747459568116,0.3695652173913043,0.7848484848484849,0.4401322299730028,1.1102230246251565e-16
no_kurtosis,N4,SVM,10,0.6214478343214755,0.5962053571428572,0.7131293221079218,0.6396245059288537,0.5708827404479578,0.7115902386110666,0.3978260869565217,0.7439393939393939,0.44612401409110286,1.1102230246251565e-16
no_kurtosis,P,RF,20,0.7043684123847167,0.665625,0.6347476062082011,0.732814558629776,0.6429183135704875,0.6309195364198933,0.42826086956521736,0.8575757575757577,0.5230470430754347,1.1102230246251565e-16
no_kurtosis,P,SVM,20,0.6549746788537549,0.6209821428571429,0.670392535655265,0.6827075098814229,0.6083498023715415,0.662126603699795,0.45760869565217394,0.759090909090909,0.5053096146281828,1.1102230246251565e-16
primary,N1,RF,10,0.8699748847167326,0.7928571428571429,0.4221262585250205,0.9138175230566535,0.7980237154150198,0.3848881613472305,0.6369565217391304,0.9590909090909092,0.7513225005063779,1.1102230246251565e-16
primary,N1,SVM,10,0.8548295454545455,0.7569196428571429,0.453001139719002,0.8855401844532279,0.7572463768115942,0.44161517416205626,0.6978260869565217,0.8166666666666667,0.7118400558127325,1.1102230246251565e-16
primary,N2,RF,10,0.8614737730566535,0.7877232142857143,0.43024248209644006,0.9095685111989461,0.7945652173913044,0.3900440310350639,0.6391304347826087,0.95,0.7470170049373751,1.1102230246251565e-16
primary,N2,SVM,10,0.8255249505928853,0.7316964285714286,0.491728951020112,0.8673913043478262,0.7435111989459815,0.4620615540816731,0.7021739130434782,0.7848484848484849,0.6982583292527554,1.1102230246251565e-16
primary,N3,RF,10,0.6792737154150197,0.6328125,0.6641576229640467,0.7003458498023716,0.5992753623188405,0.6792630326895652,0.41521739130434787,0.7833333333333333,0.48071342983027876,1.1102230246251565e-16
primary,N3,SVM,10,0.7102005105401845,0.6546875,0.621029968561182,0.7433135704874835,0.6342226613965745,0.6243179167036959,0.5108695652173914,0.7575757575757576,0.5483069410703854,1.1102230246251565e-16
primary,N4,RF,10,0.6411993577075099,0.6013392857142856,0.7077638439941915,0.6570322793148881,0.5772068511198947,0.7128747459568116,0.3695652173913043,0.7848484848484849,0.4401322299730028,1.1102230246251565e-16
primary,N4,SVM,10,0.6198894515810276,0.5964285714285714,0.7125117506709434,0.6386363636363637,0.571969696969697,0.7100267110618491,0.4,0.7439393939393939,0.4485670782732975,1.1102230246251565e-16
primary,P,RF,20,0.6992316164361001,0.6613839285714286,0.6413647685649149,0.7273221343873517,0.6382575757575758,0.637061067316784,0.425,0.8515151515151516,0.5173071225774312,1.1102230246251565e-16
primary,P,SVM,20,0.6351505887681159,0.6109375,0.6814562146533233,0.6581192358366271,0.5929018445322793,0.6805334250835533,0.44565217391304346,0.7401515151515151,0.48752371452873566,1.1102230246251565e-16
verified_100,N1,RF,10,0.8666994949494949,0.78425,0.40055196105711743,0.9190505050505051,0.8342424242424242,0.31092561336839336,0.8066666666666666,0.8618181818181817,0.8165607049973576,1.1102230246251565e-16
verified_100,N1,SVM,10,0.8158636363636363,0.72875,0.46568853715531516,0.8418181818181818,0.7815151515151515,0.40093140725273,0.8866666666666667,0.6763636363636364,0.7769765262340933,1.1102230246251565e-16
verified_100,N2,RF,10,0.8662045454545455,0.77925,0.4082647484804499,0.9214949494949496,0.831010101010101,0.31596371863601347,0.8111111111111111,0.850909090909091,0.8139801667181885,1.1102230246251565e-16
verified_100,N2,SVM,10,0.8138308080808081,0.72775,0.46727753446529025,0.8398383838383838,0.7813131313131313,0.40104325783666417,0.8844444444444445,0.6781818181818182,0.7765026121511241,1.1102230246251565e-16
verified_100,N3,RF,10,0.6658232323232324,0.6105,0.6512400017606887,0.6841212121212121,0.6129292929292929,0.6394981920470434,0.5422222222222223,0.6836363636363636,0.5607370442814616,1.1102230246251565e-16
verified_100,N3,SVM,10,0.6839898989898989,0.64625,0.5810434809833899,0.705050505050505,0.6862626262626262,0.5358845152832324,0.7488888888888889,0.6236363636363637,0.6776873565640569,1.1102230246251565e-16
verified_100,N4,RF,10,0.6467689393939394,0.5925,0.6743640845319273,0.6638585858585858,0.6017171717171717,0.653794187850463,0.5288888888888889,0.6745454545454546,0.5478839817505231,1.1102230246251565e-16
verified_100,N4,SVM,10,0.616125,0.59975,0.6553136550622758,0.6318585858585859,0.6051515151515152,0.6460957268903965,0.5666666666666667,0.6436363636363637,0.5641829276664392,1.1102230246251565e-16
verified_100,P,RF,20,0.6618585858585859,0.619125,0.6436753825909104,0.6853030303030303,0.6316161616161616,0.6195685401249055,0.5377777777777777,0.7254545454545455,0.5726431484520975,1.1102230246251565e-16
verified_100,P,SVM,20,0.5999008838383839,0.5740000000000001,0.6842428660436248,0.6154444444444445,0.5863131313131313,0.6671805968943763,0.5444444444444445,0.6281818181818182,0.5422363974630993,1.1102230246251565e-16
