variant,cell,model,n_reps,row_auc,row_acc,row_ba,subj_auc,subj_auc_p2_5,subj_auc_p97_5,subj_ba,null_metric,null_mean,null_p2_5,null_p97_5,p_perm,null_row_acc_mean,null_subj_auc_mean
closed_only,N1,RF,10,0.8369606389986824,0.7522321428571429,0.736413043478261,0.8586462450592887,0.8427865612648222,0.8794548748353097,0.7689064558629777,,,,,,,
closed_only,N1,SVM,10,0.7750576416337286,0.7040178571428571,0.7052206851119894,0.7830698287220026,0.7694005270092227,0.7937335309617919,0.7069169960474309,,,,,,,
closed_only,N2,RF,10,0.8161437747035573,0.740625,0.723435441370224,0.8387681159420289,0.8232007575757576,0.8586009552042161,0.7390316205533597,,,,,,,
closed_only,N2,SVM,10,0.7382411067193676,0.6772321428571428,0.6703063241106719,0.7545125164690382,0.7344861660079051,0.7868824110671936,0.675098814229249,,,,,,,
closed_only,N3,RF,10,0.6790884387351779,0.6334821428571429,0.6170454545454546,0.6864130434782608,0.6344902832674572,0.7195281620553358,0.6132411067193676,,,,,,,
closed_only,N3,SVM,10,0.6667243083003952,0.6366071428571429,0.6231554677206852,0.6741765480895916,0.6200675230566536,0.7137516469038208,0.6119565217391305,,,,,,,
closed_only,N4,RF,10,0.6392992424242424,0.6053571428571429,0.5862648221343874,0.6444005270092227,0.5559823781291172,0.6946187417654809,0.5812911725955204,,,,,,,
closed_only,N4,SVM,10,0.5968914690382081,0.5790178571428571,0.5569993412384717,0.6004117259552042,0.5384757905138341,0.6563735177865613,0.5678524374176548,,,,,,,
closed_only,P,RF,20,0.6465991436100131,0.6223214285714286,0.5949769433465086,0.6544713438735178,0.5765110342555995,0.7312829380764163,0.597266139657444,,,,,,,
closed_only,P,SVM,20,0.6010890151515151,0.5707589285714285,0.5466979578392622,0.6027338603425559,0.5366847826086957,0.6524538866930171,0.5436758893280633,,,,,,,
no_kurtosis,N1,RF,10,0.8699748847167326,0.7928571428571429,0.7722002635046114,0.9138175230566535,0.901272233201581,0.923336627140975,0.7980237154150198,,,,,,,
no_kurtosis,N1,SVM,10,0.8548295454545455,0.7569196428571429,0.7494482872200263,0.8855401844532279,0.8714756258234518,0.8941534914361001,0.7572463768115942,,,,,,,
no_kurtosis,N2,RF,10,0.8614737730566535,0.7877232142857143,0.7671854413702239,0.9095685111989461,0.8979207839262188,0.9270339262187088,0.7945652173913044,,,,,,,
no_kurtosis,N2,SVM,10,0.8255249505928853,0.7316964285714286,0.7238471673254281,0.8673913043478262,0.8425642292490119,0.8855731225296443,0.7435111989459815,,,,,,,
no_kurtosis,N3,RF,10,0.6792737154150197,0.6328125,0.6061841238471672,0.7003458498023716,0.6399785902503294,0.7261693017127799,0.5992753623188405,,,,,,,
no_kurtosis,N3,SVM,10,0.7102005105401845,0.6546875,0.6349555335968379,0.7433135704874835,0.6621376811594204,0.7785820158102768,0.6342226613965745,,,,,,,
no_kurtosis,N4,RF,10,0.6416779891304347,0.6015625,0.5725049407114624,0.6575592885375494,0.5928030303030304,0.704594861660079,0.5772068511198947,,,,,,,
no_kurtosis,N4,SVM,10,0.6214478343214755,0.5962053571428572,0.5674654150197629,0.6396245059288537,0.5399168313570488,0.7023797760210804,0.5708827404479578,,,,,,,
no_kurtosis,P,RF,20,0.7043684123847167,0.665625,0.6337779973649539,0.732814558629776,0.6676589262187088,0.7908967391304348,0.6429183135704875,,,,,,,
no_kurtosis,P,SVM,20,0.6549746788537549,0.6209821428571429,0.5982460474308301,0.6827075098814229,0.6017127799736496,0.746006258234519,0.6083498023715415,,,,,,,
primary,N1,RF,10,0.8699748847167326,0.7928571428571429,0.7722002635046114,0.9138175230566535,0.901272233201581,0.923336627140975,0.7980237154150198,row_auc,0.7800735445487484,0.6852159502635047,0.8387809823781291,0.004975124378109453,0.7252566964285714,0.8453927865612648
primary,N1,SVM,10,0.8548295454545455,0.7569196428571429,0.7494482872200263,0.8855401844532279,0.8714756258234518,0.8941534914361001,0.7572463768115942,row_auc,0.7348359272068511,0.6720777750329381,0.7974987648221344,0.004975124378109453,0.693359375,0.7855121870882741
primary,N2,RF,10,0.8614737730566535,0.7877232142857143,0.7671854413702239,0.9095685111989461,0.8979207839262188,0.9270339262187088,0.7945652173913044,,,,,,,
primary,N2,SVM,10,0.8255249505928853,0.7316964285714286,0.7238471673254281,0.8673913043478262,0.8425642292490119,0.8855731225296443,0.7435111989459815,,,,,,,
primary,N3,RF,10,0.6792737154150197,0.6328125,0.6061841238471672,0.7003458498023716,0.6399785902503294,0.7261693017127799,0.5992753623188405,,,,,,,
primary,N3,SVM,10,0.7102005105401845,0.6546875,0.6349555335968379,0.7433135704874835,0.6621376811594204,0.7785820158102768,0.6342226613965745,,,,,,,
primary,N4,RF,10,0.6411993577075099,0.6013392857142856,0.5723155467720684,0.6570322793148881,0.5928030303030304,0.703409090909091,0.5772068511198947,,,,,,,
primary,N4,SVM,10,0.6198894515810276,0.5964285714285714,0.5678194993412384,0.6386363636363637,0.5399168313570488,0.7023797760210804,0.571969696969697,,,,,,,
primary,P,RF,20,0.6992316164361001,0.6613839285714286,0.6291913702239789,0.7273221343873517,0.6676465744400527,0.7877017457180501,0.6382575757575758,,,,,,,
primary,P,SVM,20,0.6351505887681159,0.6109375,0.5887351778656126,0.6581192358366271,0.5925148221343873,0.7451333992094861,0.5929018445322793,subj_auc,0.4816380105401844,0.399995882740448,0.5782304018445322,0.009950248756218905,0.5379263392857143,0.4816380105401844
verified_100,N1,RF,10,0.8666994949494949,0.78425,0.7801262626262626,0.9190505050505051,0.9116868686868687,0.9240151515151515,0.8342424242424242,,,,,,,
verified_100,N1,SVM,10,0.8158636363636363,0.72875,0.7365404040404041,0.8418181818181818,0.8313030303030303,0.8483434343434343,0.7815151515151515,,,,,,,
verified_100,N2,RF,10,0.8662045454545455,0.77925,0.7751262626262626,0.9214949494949496,0.9073939393939394,0.9298232323232324,0.831010101010101,,,,,,,
verified_100,N2,SVM,10,0.8138308080808081,0.72775,0.7354292929292929,0.8398383838383838,0.8251616161616161,0.8547878787878788,0.7813131313131313,,,,,,,
verified_100,N3,RF,10,0.6658232323232324,0.6105,0.6035353535353536,0.6841212121212121,0.6577828282828282,0.7069747474747474,0.6129292929292929,,,,,,,
verified_100,N3,SVM,10,0.6839898989898989,0.64625,0.6519949494949495,0.705050505050505,0.6882222222222222,0.7260808080808081,0.6862626262626262,,,,,,,
verified_100,N4,RF,10,0.6467689393939394,0.5925,0.5848989898989899,0.6638585858585858,0.6196010101010101,0.7075808080808081,0.6017171717171717,,,,,,,
verified_100,N4,SVM,10,0.616125,0.59975,0.5963888888888889,0.6318585858585859,0.5901616161616162,0.6745757575757575,0.6051515151515152,,,,,,,
verified_100,P,RF,20,0.6618585858585859,0.619125,0.6109974747474747,0.6853030303030303,0.606949494949495,0.7394242424242424,0.6316161616161616,,,,,,,
verified_100,P,SVM,20,0.5999008838383839,0.5740000000000001,0.5706818181818182,0.6154444444444445,0.5282323232323233,0.665959595959596,0.5863131313131313,,,,,,,
