subject,n_epochs,epoch_types,n_post_ch,alpha_C,alpha_O,ARI,emg_slope,group,offender,age,channel_set
sub-1005sg,4,COCO,9,4.354556169840352,3.223582673705973,0.14924159077628085,-0.13369719819891837,sg,1,19.0,02 v3
sub-1009sg,2,CO,9,187.5548309339673,32.728513855750705,0.7028507635291877,-3.145888111699854,sg,1,18.0,all9 (02'de yok)
sub-1013sg,2,CO,9,106.47020529075131,135.4480371616636,-0.11978357471992711,-2.545782261298516,sg,1,17.0,all9 (02'de yok)
sub-1017sg,4,COCO,9,3.5237059306532426,1.9057642223990556,0.29799255961368987,0.7699055839151278,sg,1,19.0,02 v3
sub-1018sg,4,COCO,9,74.31548543472044,14.54069280258156,0.6727139723757025,-1.0227571129270172,sg,1,19.0,02 v3
sub-1020sg,2,CO,9,64.27854274491054,31.07278549725151,0.34824640474149415,-1.916496571225467,sg,1,18.0,all9 (02'de yok)
sub-1021sg,2,CO,9,54.488858102394346,13.562233380224283,0.6014102614742541,-1.5555987034391177,sg,1,18.0,all9 (02'de yok)
sub-1027sg,4,COCO,9,144.49839009871175,34.73818797327906,0.6123761305091824,-3.358073276251087,sg,1,18.0,02 v3
sub-1028sg,4,COCO,7,4.2296279899209805,1.8317305363761194,0.3956039628973644,-1.0871751322293302,sg,1,19.0,02 v3
sub-1029sg,4,COCO,9,54.36710389115373,11.93942090912352,0.6398719147146859,-2.4422210170970104,sg,1,17.0,02 v3
sub-1030sg,4,COCO,9,72.35383978238444,7.211730287457451,0.8187223372841527,-0.6924404025813341,sg,1,18.0,02 v3
sub-1031sg,4,COCO,9,14.190311321378235,3.156670175293876,0.6360553937410426,-0.952192389467071,sg,1,16.0,02 v3
sub-1032sg,4,COCO,9,111.88550029708337,10.639537151689698,0.8263287671935947,-1.836615334366972,sg,1,18.0,02 v3
sub-1033sg,4,COCO,9,23.93934109310203,3.0498653118651964,0.7739937020672172,-2.0988713731476967,sg,1,17.0,02 v3
sub-1035sg,4,COCO,9,13.141438808313488,1.6364555649687769,0.778526558164144,-2.675167869552281,sg,1,17.0,02 v3
sub-1037sg,4,COCO,9,110.18170731295999,17.80977694255192,0.7217037204288074,-1.6770356720576238,sg,1,18.0,02 v3
sub-1038sg,4,COCO,9,70.09056627738951,26.606171835548288,0.44969866916351664,-2.2297585945354634,sg,1,19.0,02 v3
sub-1039sg,4,COCO,9,143.924620546856,17.446287425577992,0.7837740687614122,-1.9695808236246806,sg,1,16.0,02 v3
sub-1040sg,4,COCO,9,67.28103071078377,18.8969225189904,0.561444155708688,-1.9014311676007287,sg,1,19.0,02 v3
sub-1041sg,4,COCO,9,129.971454900679,10.693741649474035,0.847954690829849,-1.117519081294955,sg,1,15.0,02 v3
sub-1042sg,4,COCO,9,90.03589814316705,5.658108687261214,0.8817458088616249,-2.1223466127522674,sg,1,18.0,02 v3
sub-1043sg,4,COCO,9,18.443500779288588,5.46738511700759,0.5426865285778062,-1.614752050355048,sg,1,18.0,02 v3
sub-1044sg,4,COCO,9,68.09063120746559,17.66412037667829,0.5880316822014,-2.6129894570707015,sg,1,17.0,02 v3
sub-1045sg,4,COCO,9,28.59247969116241,11.391613515333898,0.43019272906841477,-2.320806475119668,sg,1,18.0,02 v3
sub-1046sg,4,COCO,9,42.074419106322324,19.404857970399398,0.36873499842284974,-1.3913886189110225,sg,1,18.0,02 v3
sub-1047sg,4,COCO,8,5.6974124023931765,3.231558184991175,0.2761633262501705,-0.4345876768375045,sg,1,18.0,02 v3
sub-1048sg,4,COCO,7,800.9216912336436,395.8301053625016,0.33849256547875806,-1.255232677924978,sg,1,17.0,02 v3
sub-1050sg,4,COCO,9,54.210767294100215,8.135783183327604,0.7390141677117128,-2.2630255694935903,sg,1,17.0,02 v3
sub-1051sg,4,COCO,9,77.12266999057633,16.327400596547452,0.6505641891126157,-2.095100637650184,sg,1,16.0,02 v3
sub-1053sg,4,COCO,9,90.41830256867863,13.896560770852563,0.7335650869690338,-2.441978654953669,sg,1,15.0,02 v3
sub-1054sg,4,COCO,9,23.14111819711725,5.704713644641453,0.6044687720613405,-2.2994190721365397,sg,1,17.0,02 v3
sub-1056sg,4,COCO,9,17.06193165050591,2.861286913011301,0.7127686067500356,-4.16717371517259,sg,1,16.0,02 v3
sub-1057sg,4,COCO,9,78.1281869043055,4.345317227401048,0.8946251338984754,-2.0522246768362025,sg,1,18.0,02 v3
sub-1058sg,4,COCO,7,4.813829812965681,4.525050958014976,0.030922212418435294,-1.0198863955921729,sg,1,17.0,02 v3
sub-1059sg,4,COCO,9,121.25924213653155,38.70189386648447,0.5161087895030358,-1.8814353548081213,sg,1,16.0,02 v3
sub-1061sg,4,COCO,9,226.94735428542464,55.28382852898907,0.6082372757134922,-2.6542190219474313,sg,1,17.0,02 v3
sub-1063sg,4,COCO,9,26.14823719123862,4.0881438496656015,0.7295877542927441,-1.330515236318354,sg,1,17.0,02 v3
sub-1064sg,4,COCO,9,132.34565693280243,13.254095634836386,0.8179379373783049,-0.2879289343371861,sg,1,15.0,02 v3
sub-1065sg,4,COCO,9,78.44331814033752,9.794229938719873,0.7780031256094144,-2.497512119153993,sg,1,17.0,02 v3
sub-1066sg,4,COCO,9,14.132901334712727,5.106132576004523,0.4691903346394007,-2.9402620187736956,sg,1,17.0,02 v3
sub-1067sg,4,COCO,9,53.362893980067604,11.504623222495743,0.6452886215277831,-1.785482469746582,sg,1,18.0,02 v3
sub-1068sg,4,COCO,9,61.56759897235597,7.274809166878967,0.7886532629083648,-4.315237629438239,sg,1,17.0,02 v3
sub-1069sg,4,COCO,9,52.28638608950038,5.182121677736692,0.8196535153226642,-2.302370056972862,sg,1,18.0,02 v3
sub-1070sg,4,COCO,9,37.2316055389576,15.05397905536837,0.42416330726071577,-1.5581232968347876,sg,1,17.0,02 v3
sub-1071sg,4,COCO,9,11.35984504811326,2.9018642845805234,0.5930551917885128,-1.83714027030497,sg,1,17.0,02 v3
sub-1072sg,4,COCO,9,40.38164334793929,7.751986052267739,0.67789729763306,-2.1039988854965137,sg,1,17.0,02 v3
sub-1073sg,4,COCO,9,47.899129032410734,12.130798649373151,0.5958416370688299,-2.3324313863166237,sg,1,15.0,02 v3
sub-1074sg,4,COCO,9,33.6006725379233,8.157917166692247,0.6092819597405821,-3.2919192500824574,sg,1,16.0,02 v3
sub-1075sg,4,COCO,9,74.69304360209883,11.006731790482377,0.7431327739177436,-4.475460491692274,sg,1,16.0,02 v3
sub-1076sg2,4,COCO,9,65.50934198990919,9.025423176642482,0.7578197729214087,-2.7711189327356007,sg2,1,18.0,02 v3
sub-1077sg2,4,COCO,9,129.1780807675628,13.908510994619046,0.8055930912417595,-1.6986414271935601,sg2,1,17.0,02 v3
sub-1078sg2,4,COCO,9,43.77144755305456,12.3767960030743,0.5591386223612933,-0.18942923283141813,sg2,1,17.0,02 v3
sub-1079sg2,4,COCO,7,12.442806836306788,2.517180796808706,0.6634782249102047,-0.7741780206744651,sg2,1,16.0,02 v3
sub-1081sg2,4,COCO,9,2.1288936098075344,2.406655189191561,-0.061241007801596775,-1.2814438311607796,sg2,1,17.0,02 v3
sub-1083sg2,4,COCO,6,20.44239443360859,4.140181724808063,0.6631612815412322,-1.239286100099366,sg2,1,18.0,02 v3
sub-1084sg2,4,COCO,9,23.14149540007902,5.151243612088293,0.6358610871946334,-2.810030310536263,sg2,1,17.0,all9 (02'de yok)
sub-1087sg2,4,COCO,9,21.42141825918727,10.376316662147785,0.34735498060991277,-3.678058791019182,sg2,1,17.0,02 v3
sub-1096sg2,4,COCO,9,104.47030181637679,7.610555116521123,0.8641952725062136,-2.5569450519846018,sg2,1,16.0,02 v3
sub-1097sg2,4,COCO,9,68.53376352722944,12.094829208323175,0.6999865978563695,-1.9869009059046232,sg2,1,16.0,02 v3
sub-1099sg2,4,COCO,9,15.390206099413096,3.8799233594967335,0.5973121646359472,-1.6420382579313872,sg2,1,17.0,02 v3
sub-1100sg2,4,COCO,9,109.79697912383523,12.434835653614908,0.796536839835762,-2.721961095135165,sg2,1,15.0,02 v3
sub-1103sg2,4,COCO,9,6.116482372080498,2.254279924374065,0.46139196299269775,-0.7447069647413254,sg2,1,18.0,02 v3
sub-1104sg2,4,COCO,9,59.347264103708945,5.8979510800735815,0.8192066325948885,-3.7979425560830014,sg2,1,17.0,02 v3
sub-1105sg2,4,COCO,9,3.2432980061629197,2.038161215438163,0.2281825420133449,-2.39430485011809,sg2,1,16.0,02 v3 EMG-only
sub-1106sg2,4,COCO,9,131.9517999583356,6.428663061103357,0.9070871289077811,-2.1574902172368775,sg2,1,15.0,02 v3
sub-1107sg2,4,COCO,9,39.06964229603394,18.042065884601158,0.3681832864274688,-1.2037645922446845,sg2,1,17.0,02 v3
sub-1108sg2,4,COCO,9,80.53511739364083,18.664398906412615,0.6236998001087519,-2.3755914773428617,sg2,1,15.0,02 v3
sub-1109sg2,4,COCO,9,107.59164462039067,7.906106991678046,0.8630950493610836,-2.8530969588980635,sg2,1,16.0,02 v3
sub-1110sg2,4,COCO,9,8.140003601553005,2.7415721577362886,0.4961075089890568,-1.165673837387944,sg2,1,15.0,02 v3
sub-1111sg2,4,COCO,7,16.553985670292228,4.206748512385625,0.5947399089676114,-2.5417912985781594,sg2,1,18.0,02 v3
sub-1112sg2,4,COCO,9,147.04639297835575,5.650242037836441,0.9259938892924878,-5.2539503767932745,sg2,1,18.0,02 v3
sub-1113sg2,4,COCO,9,19.18586309454876,11.965918427953742,0.23176666995368111,-3.107754713729547,sg2,1,18.0,02 v3
sub-1114sg2,4,COCO,9,32.74644941076928,9.17718821523854,0.5621950415130312,-3.5759639173904283,sg2,1,16.0,02 v3 EMG-only
sub-1115sg2,4,COCO,9,60.70944006237265,30.545432471086734,0.33054681633822924,-2.9309654888506245,sg2,1,16.0,02 v3
sub-2001cg,4,COCO,9,184.17051475816126,62.94283964825373,0.4905751670163904,-4.8571512703683455,cg,0,15.0,02 v3
sub-2002cg,4,COCO,9,50.35208283482693,14.499731221193052,0.5528349844256334,-2.8912306101720033,cg,0,15.0,02 v3
sub-2003cg,4,COCO,9,43.415673888213576,6.03803410473278,0.7558106621410878,-1.4649028868490266,cg,0,18.0,02 v3
sub-2004cg,4,COCO,9,347.24034874936046,134.57243209235796,0.44139118992542165,-4.7388781913212625,cg,0,18.0,02 v3
sub-2005cg,4,COCO,9,41.32951379900736,34.360802053271875,0.09206873649907799,-1.2743102263659007,cg,0,16.0,02 v3
sub-2006cg,4,COCO,9,147.6768989156269,9.484447029499036,0.8793030567094966,-5.998949944634589,cg,0,17.0,02 v3
sub-2007cg,4,COCO,9,29.017859254974788,4.041032718470299,0.7555252171357527,-2.476127545736938,cg,0,15.0,02 v3
sub-2008cg,4,COCO,9,131.45026759687087,14.618977588576968,0.7998349677234673,-1.901104297191267,cg,0,16.0,02 v3
sub-2009cg,4,COCO,9,96.09340117990693,24.065827940169186,0.599434381921342,-2.1801136813459228,cg,0,16.0,02 v3
sub-2010cg,4,COCO,9,172.62471442974913,68.14297283438383,0.4339525074257333,-4.5279579526696505,cg,0,16.0,02 v3
sub-2011cg,4,COCO,9,206.07318049358855,50.8983562184435,0.6038599693204052,-3.376974311655149,cg,0,15.0,02 v3
sub-2012cg,4,COCO,9,28.094216277991165,4.160125785311205,0.7420424340297165,-1.9397065545446412,cg,0,17.0,02 v3
sub-2014cg,4,COCO,9,46.40977933605163,27.65845418568143,0.25316285077688805,-1.832835620920611,cg,0,15.0,02 v3
sub-2015cg,4,COCO,9,60.58443527397209,9.099563721344236,0.7388334810705727,-2.8296658023794046,cg,0,15.0,02 v3
sub-2016cg,4,COCO,9,143.421642897239,6.879929414947612,0.9084516640896141,-3.3284787265910434,cg,0,15.0,02 v3
sub-2017cg,4,COCO,9,50.471328172288594,7.127320342211696,0.7525177924819741,-1.1297371929328826,cg,0,15.0,02 v3
sub-2018cg,4,COCO,9,8.951904629161017,5.254611278479732,0.2602533495698797,-2.320956381280707,cg,0,17.0,02 v3
sub-2019cg,4,COCO,9,73.72852773482066,3.552154089037807,0.9080713574154524,-1.604378607503177,cg,0,16.0,02 v3
sub-2020cg,4,COCO,9,105.50985778924701,7.812180971096691,0.8621242424411708,-1.6094898349188305,cg,0,14.0,02 v3
sub-2021cg,4,COCO,9,145.05363157612044,7.928119306396397,0.8963520908780178,-2.1510424184590566,cg,0,16.0,02 v3
sub-2022cg,4,COCO,8,50.094995640230394,20.30381112102687,0.4231774072568311,-1.7671983972277838,cg,0,16.0,02 v3
sub-2023cg,4,COCO,9,191.3235588056979,49.74238576849196,0.5873130411982902,-2.747743149990967,cg,0,16.0,02 v3
sub-2026cg,4,COCO,9,42.625778410587,3.3332953510765795,0.8549450596692825,-3.6712983854526438,cg,0,18.0,02 v3
sub-2028cg,4,COCO,9,90.69172950889184,8.692288840830864,0.825076727925338,-1.6878366078715703,cg,0,14.0,02 v3
sub-2029cg,4,COCO,9,26.380261263422625,4.527113027837368,0.7070528874322691,-1.2263972104006766,cg,0,15.0,02 v3
sub-2030cg,4,COCO,9,88.15049193184865,12.22812083295596,0.7563600353472215,-2.498188340128658,cg,0,18.0,02 v3
sub-2031cg,4,COCO,9,65.08221959662717,5.400996979500454,0.846743742925894,-2.649556524889463,cg,0,15.0,02 v3
sub-2033cg,4,COCO,9,106.27574290095767,10.848340815017448,0.8147547375256384,-3.333114450819601,cg,0,17.0,02 v3
sub-2034cg,4,COCO,9,108.1640581785272,18.630685686548134,0.7061284226990766,-1.786170716153459,cg,0,15.0,02 v3
sub-2036cg,4,COCO,9,43.33547987726547,5.785540639204692,0.7644372784451898,-2.410738997314762,cg,0,16.0,02 v3
sub-2037cg,4,COCO,9,31.967967565919174,6.239859635658247,0.6733727043551624,-0.6773101068944506,cg,0,17.0,02 v3
sub-2038cg,4,COCO,9,55.351854308177,5.2857094026464235,0.8256622107097301,-2.8193565851365774,cg,0,16.0,02 v3
sub-2040cg,4,COCO,9,111.06211604143584,6.003693456261223,0.8974304541689548,-3.090477084477212,cg,0,17.0,02 v3
sub-2043cg,4,COCO,9,100.60850350753188,55.6300489424719,0.2878832007833217,-3.103677579806887,cg,0,16.0,02 v3
sub-2044cg,4,COCO,9,214.0378492875854,22.997627696399334,0.8059562392177003,-2.1997357917817233,cg,0,15.0,02 v3
sub-2045cg,4,COCO,9,17.25615143970863,14.148764641769343,0.09894587171885379,-1.5312068114231288,cg,0,16.0,02 v3
sub-2046cg,4,COCO,9,100.10334203547626,9.277925613418565,0.8303562243728978,-2.0534166012710653,cg,0,16.0,02 v3
sub-2047cg,4,COCO,9,60.07127564156443,15.489849352584551,0.5900047980020414,-1.013677553102882,cg,0,18.0,02 v3
sub-2048cg,4,COCO,9,166.81697282109553,7.697770581432053,0.911780856661758,-2.4220314375976186,cg,0,17.0,02 v3
sub-2050cg,4,COCO,9,35.57688329608176,9.1637995078006,0.5903594253145633,-5.484364525056949,cg,0,18.0,02 v3
sub-2051cg,4,COCO,9,146.79179447604932,41.872378191521754,0.5561173316642214,-4.11666213129902,cg,0,15.0,02 v3
sub-2052cg,4,COCO,9,295.2548695567582,75.36851970148983,0.5932878394300499,-3.8204749129865614,cg,0,18.0,02 v3
sub-2054cg,4,COCO,9,262.9894095631016,87.83144297383286,0.49928037436380185,-4.053121302927814,cg,0,17.0,02 v3
sub-2055cg,4,COCO,9,15.864726079109216,3.9575276654745726,0.6006985162768463,-4.486764856074137,cg,0,17.0,02 v3
sub-2056cg,4,COCO,9,234.69346872400624,37.87222581102097,0.7221057046402878,-5.809811240644273,cg,0,16.0,02 v3
sub-2057cg,4,COCO,9,33.69996254805005,14.420558322998954,0.40064828634575866,-1.9527934299981797,cg,0,18.0,02 v3
sub-2059cg,4,COCO,9,3.1859587987319813,1.446428688534867,0.3755148106626661,-0.6774841071200429,cg,0,17.0,02 v3
sub-2060cg,4,COCO,9,105.21935428374107,23.081309174722033,0.6401996910609191,-1.3531065954968067,cg,0,16.0,02 v3
sub-2061cg,4,COCO,9,65.62656696787971,9.770452140996868,0.7408265669790497,-1.0001551888636209,cg,0,17.0,02 v3
sub-2062cg,4,COCO,9,49.82841938607068,17.398246190509226,0.48240044210759303,-2.6194948799245954,cg,0,17.0,02 v3
sub-2063cg,4,COCO,9,14.414363338291007,3.391539810005037,0.619054447083231,-0.3277910838461064,cg,0,18.0,02 v3
sub-2064cg,4,COCO,9,80.59603798780813,71.74026204488118,0.058133064417519816,-2.5161913084616883,cg,0,17.0,02 v3
sub-2065cg,4,COCO,9,13.030028984804993,2.5002487983460373,0.6780162166759716,-0.9072270955532816,cg,0,17.0,02 v3
sub-2066cg,4,COCO,9,24.651156017636204,3.2756580188311437,0.7654112628419604,-1.1615997169602053,cg,0,18.0,02 v3
sub-2067cg,4,COCO,9,9.43786183883736,3.586307460360059,0.4492842686587227,-3.399701528212656,cg,0,18.0,02 v3
sub-2068cg,4,COCO,9,37.937551952333266,11.634201503087251,0.5306116611933126,-1.0770440101091427,cg,0,17.0,02 v3
sub-2070cg,4,COCO,9,89.39022889320367,19.398397699939252,0.6433745271463523,-2.7818758492683844,cg,0,16.0,02 v3
sub-2071cg,4,COCO,8,54.03527244401473,10.37540611170877,0.6778358388902016,-2.3534913992397346,cg,0,16.0,02 v3
sub-2072cg,4,COCO,9,140.16066658331823,21.656809357166694,0.7323304021237869,-2.278857100386477,cg,0,16.0,02 v3
sub-2074cg,4,COCO,8,100.40173747407948,6.519933808540927,0.87804280029804,-1.5250258184800183,cg,0,17.0,02 v3
sub-2075cg,4,COCO,9,111.90854177598771,19.316106652486617,0.705602462893774,-2.9732760092334636,cg,0,16.0,02 v3
sub-2077cg,4,COCO,9,133.57155655053518,5.629796303684259,0.9191129081973773,-1.9406242242926566,cg,0,16.0,02 v3
sub-2079cg,4,COCO,9,83.57931285085967,35.827291795960555,0.3999110534642502,-1.7004121773617518,cg,0,18.0,02 v3
sub-2080cg,4,COCO,9,51.73309374502174,2.9730693036895675,0.8913077014360412,-2.9448519008874374,cg,0,17.0,02 v3
sub-2081cg,4,COCO,9,8.122323656672098,3.693458286564521,0.37482626129899677,-1.80357461794102,cg,0,15.0,02 v3
sub-2082cg,4,COCO,9,13.950418528459315,9.032564413426936,0.2139780605271059,-2.479775724383666,cg,0,16.0,02 v3
