set,rep,subj_auc,subj_ba,row_auc,GD,ACC,Sensitivity,Specificity,F1,chosen
A_log_abs,1,0.7672727272727272,0.6525252525252525,0.744520202020202,0.5898913630048267,0.66,0.5777777777777777,0.7272727272727273,0.6046511627906976,"[[500, 10], [500, 10], [500, 10], [500, 1], [500, 10]]"
A_log_abs,2,0.7187878787878788,0.6060606060606061,0.7047979797979798,0.6610671734706376,0.62,0.4666666666666667,0.7454545454545455,0.525,"[[500, 1], [500, 10], [500, 1], [500, 1], [500, 10]]"
A_log_abs,4,0.7252525252525253,0.6727272727272727,0.7144949494949495,0.5624903964111954,0.68,0.6,0.7454545454545455,0.627906976744186,"[[500, 10], [500, 10], [500, 1], [500, 10], [500, 1]]"
A_log_abs,7,0.7563636363636363,0.6909090909090909,0.7437121212121212,0.5399173694843685,0.7,0.6,0.7818181818181819,0.6428571428571429,"[[500, 1], [500, 10], [500, 10], [500, 10], [500, 10]]"
A_log_abs,0,0.738989898989899,0.6505050505050505,0.7210353535353535,0.5956912137284635,0.66,0.5555555555555556,0.7454545454545455,0.5952380952380952,"[[500, 10], [500, 1], [500, 10], [500, 10], [500, 10]]"
A_log_abs,10,0.7846464646464646,0.694949494949495,0.7673989898989899,0.5289914687779724,0.7,0.6444444444444445,0.7454545454545455,0.6590909090909091,"[[500, 10], [500, 1], [500, 1], [500, 10], [500, 10]]"
A_log_abs,3,0.7406060606060606,0.6707070707070707,0.7280555555555556,0.5682423560708245,0.68,0.5777777777777777,0.7636363636363637,0.6190476190476191,"[[500, 10], [500, 10], [500, 10], [500, 1], [500, 10]]"
A_log_abs,6,0.7551515151515151,0.6616161616161615,0.7336868686868686,0.5791303518506731,0.67,0.5777777777777777,0.7454545454545455,0.611764705882353,"[[500, 1], [500, 10], [500, 10], [500, 1], [500, 10]]"
A_log_abs,12,0.7042424242424242,0.6191919191919192,0.6925757575757576,0.6383184667924965,0.63,0.5111111111111111,0.7272727272727273,0.5542168674698795,"[[500, 10], [500, 10], [500, 1], [500, 1], [500, 10]]"
A_log_abs,13,0.7874747474747475,0.7222222222222223,0.7691919191919191,0.49293009150073597,0.73,0.6444444444444445,0.8,0.6823529411764706,"[[500, 1], [500, 10], [500, 10], [500, 10], [500, 10]]"
A_log_abs,14,0.7115151515151514,0.6818181818181819,0.7008838383838383,0.5512686231027638,0.69,0.6,0.7636363636363637,0.6352941176470588,"[[500, 10], [500, 1], [500, 10], [500, 10], [500, 10]]"
A_log_abs,8,0.7608080808080808,0.702020202020202,0.7431060606060607,0.5225348852691177,0.71,0.6222222222222222,0.7818181818181819,0.6588235294117647,"[[500, 10], [500, 10], [500, 10], [500, 1], [500, 10]]"
A_log_abs,5,0.8036363636363636,0.6888888888888889,0.7841666666666667,0.5460823821536169,0.7,0.5777777777777777,0.8,0.6341463414634146,"[[500, 10], [500, 1], [500, 10], [500, 1], [500, 10]]"
A_log_abs,9,0.7656565656565657,0.6454545454545455,0.7534848484848486,0.59538656435063,0.65,0.6,0.6909090909090909,0.6067415730337079,"[[500, 10], [500, 10], [500, 10], [500, 1], [500, 10]]"
A_log_abs,11,0.7676767676767677,0.6414141414141414,0.7496212121212121,0.6061193454555969,0.65,0.5555555555555556,0.7272727272727273,0.5882352941176471,"[[500, 10], [500, 10], [500, 10], [500, 1], [500, 10]]"
A_log_abs,17,0.797979797979798,0.7161616161616161,0.7823989898989899,0.5118778158180333,0.73,0.5777777777777777,0.8545454545454545,0.6582278481012658,"[[500, 1], [500, 10], [500, 10], [500, 10], [500, 10]]"
A_log_abs,19,0.743030303030303,0.6484848484848484,0.7264393939393939,0.6019515063837103,0.66,0.5333333333333333,0.7636363636363637,0.5853658536585366,"[[500, 10], [500, 10], [500, 10], [500, 1], [500, 10]]"
B_relative,5,0.7361616161616161,0.6848484848484848,0.6946464646464646,0.5598282593629951,0.7,0.5333333333333333,0.8363636363636363,0.6153846153846154,"[[50, 10], [10, 10], [500, 1], [500, 1], [500, 10]]"
A_log_abs,15,0.7802020202020202,0.6959595959595959,0.7675252525252525,0.5416566268775287,0.71,0.5555555555555556,0.8363636363636363,0.6329113924050633,"[[500, 1], [500, 10], [500, 1], [500, 10], [500, 10]]"
A_log_abs,16,0.717979797979798,0.6393939393939394,0.7040151515151515,0.6121689259052282,0.65,0.5333333333333333,0.7454545454545455,0.5783132530120482,"[[500, 1], [100, 1], [500, 10], [500, 1], [500, 10]]"
B_relative,6,0.7361616161616162,0.694949494949495,0.6976767676767677,0.5289914687779724,0.7,0.6444444444444445,0.7454545454545455,0.6590909090909091,"[[500, 10], [100, 10], [100, 10], [500, 10], [10, 10]]"
A_log_abs,18,0.757979797979798,0.6393939393939394,0.743080808080808,0.6121689259052282,0.65,0.5333333333333333,0.7454545454545455,0.5783132530120482,"[[500, 10], [500, 10], [500, 1], [500, 10], [500, 10]]"
B_relative,1,0.738989898989899,0.6515151515151515,0.7032575757575757,0.6138580770558935,0.67,0.4666666666666667,0.8363636363636363,0.56,"[[500, 10], [500, 1], [100, 10], [500, 1], [10, 10]]"
B_relative,7,0.7260606060606061,0.5888888888888889,0.6866161616161617,0.7011233611667194,0.61,0.37777777777777777,0.8,0.4657534246575342,"[[100, 10], [500, 1], [500, 10], [500, 1], [100, 10]]"
B_relative,0,0.7341414141414141,0.6686868686868688,0.6864141414141414,0.5744585127301836,0.68,0.5555555555555556,0.7818181818181819,0.6097560975609756,"[[10, 10], [500, 10], [500, 10], [500, 10], [100, 10]]"
B_relative,3,0.7280808080808081,0.6404040404040403,0.6898232323232323,0.6317001261497227,0.66,0.4444444444444444,0.8363636363636363,0.5405405405405406,"[[50, 10], [500, 1], [500, 1], [500, 1], [100, 10]]"
B_relative,2,0.6690909090909092,0.6090909090909091,0.6331060606060606,0.6757515091400732,0.63,0.4,0.8181818181818182,0.4931506849315068,"[[500, 10], [10, 10], [500, 1], [500, 10], [100, 10]]"
B_relative,4,0.8125252525252525,0.6828282828282828,0.7529292929292929,0.567416164023407,0.7,0.5111111111111111,0.8545454545454545,0.6052631578947368,"[[100, 10], [500, 1], [500, 1], [10, 10], [10, 10]]"
B_relative,8,0.6791919191919192,0.6373737373737374,0.6362626262626263,0.6186795884317675,0.65,0.5111111111111111,0.7636363636363637,0.5679012345679012,"[[50, 10], [100, 10], [500, 1], [500, 1], [100, 10]]"
B_relative,9,0.72,0.6646464646464647,0.6865151515151515,0.5882980579456777,0.68,0.5111111111111111,0.8181818181818182,0.5897435897435898,"[[500, 10], [100, 10], [500, 10], [500, 1], [50, 10]]"
B_relative,12,0.743030303030303,0.602020202020202,0.6883333333333332,0.6760477690307143,0.62,0.4222222222222222,0.7818181818181819,0.5,"[[500, 10], [500, 1], [500, 10], [500, 1], [500, 10]]"
B_relative,10,0.7212121212121212,0.6111111111111112,0.6762626262626262,0.6673029896068928,0.63,0.4222222222222222,0.8,0.5066666666666667,"[[100, 10], [100, 10], [50, 10], [500, 10], [500, 1]]"
B_relative,16,0.7527272727272727,0.6555555555555556,0.7105555555555556,0.5985498564718637,0.67,0.5111111111111111,0.8,0.5822784810126582,"[[10, 10], [10, 10], [500, 1], [10, 10], [500, 10]]"
B_relative,18,0.7066666666666667,0.6575757575757576,0.6760353535353535,0.5916096374700202,0.67,0.5333333333333333,0.7818181818181819,0.5925925925925926,"[[100, 10], [100, 10], [500, 10], [500, 10], [500, 10]]"
B_relative,11,0.7733333333333333,0.6606060606060606,0.7172474747474749,0.6040474088196113,0.68,0.4666666666666667,0.8545454545454545,0.5675675675675675,"[[100, 10], [500, 10], [10, 10], [500, 1], [10, 10]]"
B_relative,14,0.7147474747474747,0.6333333333333333,0.678560606060606,0.633106467862405,0.65,0.4666666666666667,0.8,0.5454545454545454,"[[100, 1], [100, 10], [500, 10], [500, 10], [10, 10]]"
B_relative,15,0.764040404040404,0.6808080808080808,0.7114898989898989,0.575487100533391,0.7,0.4888888888888889,0.8727272727272727,0.5945945945945946,"[[500, 1], [100, 10], [500, 10], [500, 1], [500, 10]]"
B_relative,19,0.7098989898989899,0.6575757575757576,0.6837121212121212,0.5916096374700202,0.67,0.5333333333333333,0.7818181818181819,0.5925925925925926,"[[50, 10], [100, 10], [500, 10], [500, 1], [100, 10]]"
B_relative,17,0.747070707070707,0.6353535353535353,0.7148737373737373,0.625656664032327,0.65,0.4888888888888889,0.7818181818181819,0.5569620253164557,"[[100, 10], [10, 1], [500, 10], [10, 10], [500, 10]]"
B_relative,13,0.7668686868686869,0.6646464646464647,0.7322474747474748,0.5882980579456777,0.68,0.5111111111111111,0.8181818181818182,0.5897435897435898,"[[10, 1], [100, 10], [500, 10], [500, 10], [500, 10]]"
