rep,fold,n_cg_heldout,auc_sg2_24,frac_offender_sg2_24,auc_sg2_25,frac_offender_sg2_25
0,0,11,0.5643939393939393,0.5,0.5745454545454546,0.52
0,1,11,0.6287878787878788,0.375,0.6363636363636365,0.36
0,2,11,0.6174242424242424,0.5,0.629090909090909,0.52
0,3,10,0.41666666666666674,0.25,0.4,0.24
0,4,12,0.5173611111111112,0.5833333333333334,0.53,0.6
10,0,11,0.5757575757575758,0.4583333333333333,0.5781818181818182,0.44
10,1,11,0.5909090909090909,0.4583333333333333,0.5963636363636363,0.48
10,2,11,0.5303030303030303,0.20833333333333334,0.5345454545454545,0.2
10,3,11,0.6060606060606061,0.5,0.6145454545454546,0.52
10,4,11,0.6174242424242424,0.4583333333333333,0.6181818181818182,0.44
6,0,11,0.46212121212121215,0.2916666666666667,0.4618181818181818,0.28
6,1,11,0.7196969696969696,0.5,0.7272727272727273,0.52
6,2,11,0.6893939393939393,0.4166666666666667,0.6618181818181819,0.4
6,3,11,0.48863636363636365,0.4583333333333333,0.49818181818181817,0.48
6,4,11,0.625,0.4166666666666667,0.6290909090909091,0.4
8,0,11,0.5075757575757576,0.4583333333333333,0.5163636363636364,0.48
8,1,11,0.5833333333333334,0.4166666666666667,0.5963636363636363,0.44
8,2,11,0.6098484848484849,0.5416666666666666,0.6181818181818182,0.56
8,3,11,0.5946969696969697,0.375,0.5963636363636364,0.36
8,4,11,0.5037878787878787,0.4583333333333333,0.5127272727272727,0.48
11,0,11,0.5113636363636364,0.4583333333333333,0.5163636363636364,0.48
11,1,11,0.6742424242424242,0.5,0.6836363636363636,0.48
11,2,11,0.625,0.375,0.6290909090909091,0.36
11,3,11,0.4810606060606061,0.4583333333333333,0.48363636363636364,0.44
11,4,11,0.6401515151515152,0.5,0.6472727272727273,0.52
3,0,11,0.7916666666666666,0.4583333333333333,0.7963636363636364,0.44
3,1,11,0.6212121212121212,0.4166666666666667,0.6327272727272727,0.44
3,2,11,0.5643939393939394,0.375,0.5745454545454545,0.36
3,3,11,0.4431818181818182,0.4166666666666667,0.4472727272727273,0.44
3,4,11,0.5871212121212122,0.4583333333333333,0.6,0.48
4,0,11,0.5416666666666666,0.5,0.5454545454545454,0.52
4,1,11,0.5757575757575757,0.4166666666666667,0.5818181818181818,0.44
4,2,11,0.5265151515151515,0.5,0.5381818181818182,0.52
4,3,11,0.5530303030303031,0.20833333333333334,0.5454545454545454,0.2
4,4,11,0.5833333333333334,0.5,0.5963636363636363,0.52
1,0,11,0.6590909090909091,0.4583333333333333,0.6727272727272727,0.48
1,1,11,0.5265151515151515,0.4166666666666667,0.5381818181818181,0.44
1,2,11,0.5681818181818181,0.4583333333333333,0.5818181818181818,0.48
1,3,11,0.4166666666666667,0.4583333333333333,0.4254545454545455,0.48
1,4,11,0.48863636363636365,0.5,0.4945454545454546,0.52
9,0,11,0.5643939393939394,0.5,0.5781818181818182,0.52
9,1,11,0.7462121212121212,0.4166666666666667,0.7563636363636363,0.44
9,2,11,0.4734848484848485,0.5,0.48,0.52
9,3,11,0.42803030303030304,0.375,0.4327272727272727,0.4
9,4,11,0.625,0.20833333333333334,0.6218181818181818,0.2
14,0,11,0.6060606060606061,0.4166666666666667,0.6145454545454545,0.44
14,1,11,0.40909090909090906,0.4166666666666667,0.4145454545454546,0.44
14,2,11,0.5303030303030303,0.4166666666666667,0.5418181818181819,0.44
14,3,11,0.48484848484848486,0.4583333333333333,0.4945454545454545,0.48
14,4,11,0.6893939393939394,0.20833333333333334,0.6981818181818181,0.24
5,0,11,0.6477272727272727,0.3333333333333333,0.6545454545454545,0.36
5,1,11,0.5643939393939394,0.5,0.5781818181818182,0.52
5,2,11,0.4962121212121212,0.375,0.5054545454545454,0.36
5,3,11,0.5340909090909091,0.4583333333333333,0.5454545454545455,0.48
5,4,11,0.537878787878788,0.4166666666666667,0.5527272727272727,0.44
12,0,11,0.4356060606060606,0.375,0.44000000000000006,0.4
12,1,11,0.7765151515151516,0.5416666666666666,0.7854545454545454,0.56
12,2,11,0.6704545454545455,0.4583333333333333,0.6836363636363636,0.48
12,3,11,0.5378787878787878,0.4583333333333333,0.5454545454545454,0.48
12,4,11,0.5189393939393939,0.2916666666666667,0.4981818181818182,0.28
7,0,11,0.5340909090909091,0.4583333333333333,0.5418181818181819,0.44
7,1,11,0.5643939393939394,0.375,0.5745454545454546,0.4
7,2,11,0.46590909090909094,0.4583333333333333,0.4727272727272727,0.48
7,3,11,0.5189393939393939,0.5416666666666666,0.5381818181818182,0.56
7,4,11,0.5189393939393939,0.4166666666666667,0.5127272727272728,0.4
13,0,11,0.5227272727272727,0.4166666666666667,0.5381818181818182,0.44
13,1,11,0.696969696969697,0.4583333333333333,0.7090909090909092,0.48
13,2,11,0.6628787878787878,0.5416666666666666,0.6763636363636363,0.56
13,3,11,0.5606060606060606,0.4166666666666667,0.5745454545454546,0.44
13,4,11,0.4128787878787879,0.4583333333333333,0.3963636363636364,0.44
2,0,11,0.5113636363636365,0.4583333333333333,0.52,0.48
2,1,11,0.7310606060606061,0.5,0.7418181818181818,0.52
2,2,11,0.5492424242424243,0.5,0.5636363636363637,0.52
2,3,10,0.43333333333333335,0.20833333333333334,0.43600000000000005,0.2
2,4,12,0.5555555555555556,0.5416666666666666,0.5700000000000001,0.56
17,0,11,0.7310606060606061,0.4583333333333333,0.7418181818181818,0.48
17,1,11,0.6439393939393939,0.5,0.6581818181818182,0.52
17,2,11,0.42803030303030304,0.4583333333333333,0.43272727272727274,0.48
17,3,11,0.625,0.4583333333333333,0.6327272727272728,0.48
17,4,11,0.42803030303030304,0.4166666666666667,0.43272727272727274,0.4
15,0,11,0.821969696969697,0.4583333333333333,0.8290909090909091,0.48
15,1,11,0.6818181818181819,0.5416666666666666,0.6945454545454546,0.56
15,2,11,0.571969696969697,0.4166666666666667,0.5818181818181818,0.44
15,3,11,0.6136363636363636,0.5,0.6218181818181818,0.48
15,4,11,0.5151515151515151,0.4166666666666667,0.5309090909090909,0.44
18,0,11,0.625,0.5416666666666666,0.6327272727272727,0.56
18,1,11,0.7007575757575757,0.5833333333333334,0.7090909090909091,0.6
18,2,11,0.46590909090909094,0.4583333333333333,0.4763636363636363,0.48
18,3,11,0.5075757575757576,0.4583333333333333,0.5163636363636364,0.48
18,4,11,0.5075757575757576,0.4583333333333333,0.52,0.48
19,0,11,0.5757575757575758,0.5416666666666666,0.5709090909090909,0.56
19,1,11,0.5833333333333333,0.4166666666666667,0.5963636363636364,0.4
19,2,11,0.5606060606060607,0.4166666666666667,0.5745454545454546,0.44
19,3,11,0.44318181818181823,0.375,0.4509090909090909,0.4
19,4,11,0.6325757575757576,0.375,0.6363636363636364,0.36
16,0,11,0.7348484848484849,0.5,0.7381818181818182,0.52
16,1,11,0.5037878787878788,0.4166666666666667,0.52,0.44
16,2,11,0.4696969696969697,0.4583333333333333,0.48000000000000004,0.48
16,3,11,0.5757575757575758,0.375,0.5818181818181818,0.4
16,4,11,0.5833333333333334,0.3333333333333333,0.5927272727272727,0.32
