group,measure,n,median,q1,q3
sg,rel_delta_all,45,0.3142756289109274,0.23527897897953515,0.37817081964042254
sg,rel_delta_frontalC,45,0.375241228757321,0.2731906513619011,0.4505510647979447
sg,rel_alpha_all,45,0.4219238780995751,0.2926243441434586,0.5038132233061653
sg,rel_alpha_Ablock,45,0.5037307004248729,0.39188692619169724,0.5774364493230772
cg,rel_delta_all,55,0.2628043441526694,0.21450011973369404,0.33017828441377794
cg,rel_delta_frontalC,55,0.3142628325386288,0.25409635505064565,0.3909938117103702
cg,rel_alpha_all,55,0.45525255381524254,0.4047217525084891,0.5412066630080222
cg,rel_alpha_Ablock,55,0.5422058217399384,0.4745092796261203,0.6245826908331189
sg2_24,rel_delta_all,24,0.26453034928559105,0.22788238088991136,0.32431543479199376
sg2_24,rel_delta_frontalC,24,0.32692926877913797,0.27401074618828175,0.366572964842135
sg2_24,rel_alpha_all,24,0.3686316320319718,0.26303443170381957,0.4486910211484604
sg2_24,rel_alpha_Ablock,24,0.39719620364779873,0.29589099810313974,0.5666775120694851
