set,rep,fold,n_cg_heldout,auc_sg2_24,frac_offender_sg2_24,auc_sg2_25,frac_offender_sg2_25
07d_A_all,14,0,11,0.4924242424242425,0.125,0.4872727272727273,0.12
07d_A_all,14,1,11,0.5643939393939394,0.2916666666666667,0.5636363636363636,0.28
07d_A_all,14,2,11,0.4924242424242424,0.16666666666666666,0.4981818181818182,0.16
07d_A_all,14,3,11,0.553030303030303,0.25,0.5563636363636364,0.24
07d_A_all,14,4,11,0.6212121212121212,0.125,0.6290909090909091,0.12
07d_A_all,4,0,11,0.36742424242424243,0.2916666666666667,0.36363636363636365,0.28
07d_A_all,4,1,11,0.5643939393939394,0.125,0.5636363636363637,0.12
07d_A_all,4,2,11,0.5265151515151515,0.2916666666666667,0.5272727272727273,0.28
07d_A_all,4,3,11,0.5871212121212122,0.125,0.5890909090909091,0.12
07d_A_all,4,4,11,0.6174242424242424,0.25,0.6218181818181818,0.24
07d_A_all,1,0,11,0.6098484848484849,0.20833333333333334,0.6145454545454546,0.2
07d_A_all,1,1,11,0.571969696969697,0.125,0.5745454545454545,0.12
07d_A_all,1,2,11,0.6477272727272727,0.125,0.6436363636363637,0.12
07d_A_all,1,3,11,0.4810606060606061,0.3333333333333333,0.48,0.32
07d_A_all,1,4,11,0.4734848484848485,0.125,0.4763636363636363,0.12
07d_A_all,10,0,11,0.40530303030303033,0.16666666666666666,0.40727272727272723,0.16
07d_A_all,10,1,11,0.7992424242424242,0.16666666666666666,0.7999999999999999,0.16
07d_A_all,10,2,11,0.6022727272727273,0.08333333333333333,0.5963636363636364,0.08
07d_A_all,10,3,11,0.4810606060606061,0.20833333333333334,0.48727272727272725,0.2
07d_A_all,10,4,11,0.5303030303030304,0.20833333333333334,0.5345454545454545,0.2
07d_A_all,2,0,11,0.571969696969697,0.2916666666666667,0.56,0.28
07d_A_all,2,1,11,0.6325757575757576,0.16666666666666666,0.64,0.16
07d_A_all,2,2,11,0.5492424242424243,0.2916666666666667,0.5563636363636364,0.32
07d_A_all,2,3,10,0.5874999999999999,0.125,0.5800000000000001,0.12
07d_A_all,2,4,12,0.3506944444444445,0.125,0.35000000000000003,0.12
07d_A_all,6,0,11,0.45454545454545453,0.25,0.45090909090909087,0.24
07d_A_all,6,1,11,0.5492424242424243,0.125,0.5527272727272727,0.12
07d_A_all,6,2,11,0.5681818181818182,0.2916666666666667,0.5781818181818181,0.28
07d_A_all,6,3,11,0.5984848484848485,0.3333333333333333,0.6,0.32
07d_A_all,6,4,11,0.5833333333333334,0.16666666666666666,0.5818181818181819,0.16
07d_A_all,12,0,11,0.3181818181818182,0.16666666666666666,0.32,0.16
07d_A_all,12,1,11,0.6590909090909091,0.20833333333333334,0.6545454545454545,0.2
07d_A_all,12,2,11,0.5909090909090908,0.25,0.5927272727272728,0.24
07d_A_all,12,3,11,0.5909090909090909,0.2916666666666667,0.589090909090909,0.28
07d_A_all,12,4,11,0.571969696969697,0.125,0.5709090909090909,0.12
07d_A_all,3,0,11,0.48863636363636365,0.25,0.48363636363636364,0.24
07d_A_all,3,1,11,0.5871212121212122,0.20833333333333334,0.5854545454545454,0.2
07d_A_all,3,2,11,0.4696969696969697,0.16666666666666666,0.4727272727272727,0.16
07d_A_all,3,3,11,0.6212121212121212,0.25,0.6181818181818182,0.24
07d_A_all,3,4,11,0.4962121212121212,0.20833333333333334,0.4981818181818182,0.2
07d_A_all,5,0,11,0.5757575757575757,0.125,0.5781818181818181,0.12
07d_A_all,5,1,11,0.7537878787878788,0.25,0.76,0.24
07d_A_all,5,2,11,0.6212121212121213,0.16666666666666666,0.6218181818181818,0.16
07d_A_all,5,3,11,0.5568181818181819,0.20833333333333334,0.5563636363636364,0.2
07d_A_all,5,4,11,0.5303030303030303,0.125,0.5236363636363637,0.12
07d_A_all,7,0,11,0.6931818181818182,0.25,0.6836363636363636,0.24
07d_A_all,7,1,11,0.6401515151515151,0.16666666666666666,0.64,0.16
07d_A_all,7,2,11,0.518939393939394,0.16666666666666666,0.5127272727272727,0.16
07d_A_all,7,3,11,0.36742424242424243,0.16666666666666666,0.36727272727272725,0.16
07d_A_all,7,4,11,0.46212121212121215,0.125,0.4581818181818182,0.12
07d_A_all,13,0,11,0.48863636363636365,0.16666666666666666,0.48000000000000004,0.16
07d_A_all,13,1,11,0.571969696969697,0.125,0.5745454545454545,0.12
07d_A_all,13,2,11,0.7196969696969697,0.25,0.7309090909090908,0.28
07d_A_all,13,3,11,0.5113636363636364,0.16666666666666666,0.5127272727272727,0.16
07d_A_all,13,4,11,0.4545454545454546,0.16666666666666666,0.44727272727272727,0.16
07d_A_all,9,0,11,0.5984848484848485,0.20833333333333334,0.6036363636363636,0.2
07d_A_all,9,1,11,0.5643939393939394,0.16666666666666666,0.5636363636363637,0.16
07d_A_all,9,2,11,0.42424242424242425,0.16666666666666666,0.4181818181818182,0.16
07d_A_all,9,3,11,0.6098484848484849,0.16666666666666666,0.6145454545454545,0.16
07d_A_all,9,4,11,0.4696969696969697,0.125,0.4690909090909091,0.12
07d_A_all,11,0,11,0.5227272727272727,0.20833333333333334,0.5272727272727273,0.2
07d_A_all,11,1,11,0.6174242424242424,0.16666666666666666,0.6181818181818183,0.16
07d_A_all,11,2,11,0.4318181818181818,0.2916666666666667,0.43636363636363634,0.28
07d_A_all,11,3,11,0.6136363636363636,0.20833333333333334,0.610909090909091,0.2
07d_A_all,11,4,11,0.5303030303030303,0.08333333333333333,0.5272727272727273,0.08
07d_A_all,0,0,11,0.5037878787878788,0.25,0.5018181818181817,0.24
07d_A_all,0,1,11,0.625,0.25,0.6145454545454545,0.24
07d_A_all,0,2,11,0.4772727272727273,0.20833333333333334,0.4763636363636364,0.2
07d_A_all,0,3,10,0.575,0.125,0.5720000000000001,0.12
07d_A_all,0,4,12,0.3819444444444444,0.16666666666666666,0.38,0.16
07d_A_all,8,0,11,0.45833333333333337,0.25,0.4509090909090909,0.24
07d_A_all,8,1,11,0.6553030303030303,0.25,0.6654545454545454,0.28
07d_A_all,8,2,11,0.6060606060606061,0.125,0.6072727272727273,0.12
07d_A_all,8,3,11,0.625,0.125,0.6290909090909091,0.12
07d_A_all,8,4,11,0.4810606060606061,0.16666666666666666,0.4763636363636364,0.16
07d_A_all,16,0,11,0.6893939393939393,0.20833333333333334,0.6909090909090908,0.2
07d_A_all,16,1,11,0.31439393939393945,0.375,0.33090909090909093,0.4
07d_A_all,16,2,11,0.4886363636363637,0.125,0.48727272727272725,0.12
07d_A_all,16,3,11,0.6401515151515151,0.2916666666666667,0.64,0.28
07d_A_all,16,4,11,0.5037878787878788,0.08333333333333333,0.5018181818181818,0.08
07d_A_all,15,0,11,0.6553030303030304,0.3333333333333333,0.650909090909091,0.32
07d_A_all,15,1,11,0.7424242424242424,0.08333333333333333,0.7454545454545454,0.08
07d_A_all,15,2,11,0.4962121212121212,0.25,0.4981818181818182,0.24
07d_A_all,15,3,11,0.5909090909090909,0.16666666666666666,0.5963636363636364,0.16
07d_A_all,15,4,11,0.41287878787878785,0.125,0.40363636363636357,0.12
07d_B_all,3,0,11,0.537878787878788,0.25,0.5490909090909091,0.28
07d_B_all,3,1,11,0.6212121212121212,0.2916666666666667,0.6327272727272727,0.32
07d_B_all,3,2,11,0.6742424242424242,0.4166666666666667,0.6872727272727273,0.44
07d_B_all,3,3,11,0.6098484848484849,0.2916666666666667,0.6218181818181818,0.32
07d_B_all,3,4,11,0.6325757575757576,0.4166666666666667,0.6472727272727272,0.44
07d_A_all,19,0,11,0.4318181818181819,0.25,0.4145454545454546,0.24
07d_A_all,19,1,11,0.7234848484848485,0.20833333333333334,0.7236363636363636,0.2
07d_A_all,19,2,11,0.4128787878787879,0.20833333333333334,0.4145454545454546,0.2
07d_A_all,19,3,11,0.6439393939393939,0.2916666666666667,0.6472727272727272,0.28
07d_A_all,19,4,11,0.5227272727272727,0.16666666666666666,0.5236363636363637,0.16
07d_A_all,17,0,11,0.5681818181818182,0.25,0.5672727272727273,0.24
07d_A_all,17,1,11,0.6477272727272728,0.125,0.6509090909090909,0.12
07d_A_all,17,2,11,0.4810606060606061,0.20833333333333334,0.4763636363636364,0.2
07d_A_all,17,3,11,0.662878787878788,0.08333333333333333,0.6654545454545455,0.08
07d_A_all,17,4,11,0.5227272727272727,0.20833333333333334,0.5236363636363637,0.2
07d_A_all,18,0,11,0.4431818181818182,0.25,0.44,0.24
07d_A_all,18,1,11,0.6439393939393939,0.041666666666666664,0.6472727272727273,0.04
07d_A_all,18,2,11,0.5113636363636365,0.2916666666666667,0.509090909090909,0.28
07d_A_all,18,3,11,0.6666666666666666,0.125,0.6727272727272727,0.12
07d_A_all,18,4,11,0.3787878787878788,0.125,0.3745454545454545,0.12
07d_B_all,2,0,11,0.5265151515151515,0.375,0.5454545454545455,0.4
07d_B_all,2,1,11,0.606060606060606,0.375,0.6181818181818182,0.4
07d_B_all,2,2,11,0.6287878787878788,0.4166666666666667,0.6436363636363636,0.44
07d_B_all,2,3,10,0.48749999999999993,0.25,0.508,0.28
07d_B_all,2,4,12,0.5590277777777778,0.25,0.5700000000000001,0.28
07d_B_all,4,0,11,0.44318181818181823,0.3333333333333333,0.45090909090909087,0.36
07d_B_all,4,1,11,0.7007575757575757,0.2916666666666667,0.7127272727272728,0.28
07d_B_all,4,2,11,0.7083333333333333,0.4583333333333333,0.72,0.48
07d_B_all,4,3,11,0.5719696969696969,0.25,0.5745454545454546,0.24
07d_B_all,4,4,11,0.6969696969696969,0.25,0.7018181818181818,0.28
07d_B_all,6,0,11,0.4545454545454546,0.16666666666666666,0.46181818181818185,0.16
07d_B_all,6,1,11,0.5492424242424243,0.20833333333333334,0.5636363636363637,0.24
07d_B_all,6,2,11,0.5189393939393939,0.2916666666666667,0.5272727272727272,0.32
07d_B_all,6,3,11,0.5530303030303031,0.3333333333333333,0.5709090909090909,0.36
07d_B_all,6,4,11,0.6439393939393939,0.4166666666666667,0.6472727272727272,0.4
07d_B_all,7,0,11,0.5833333333333334,0.20833333333333334,0.5927272727272728,0.24
07d_B_all,7,1,11,0.7159090909090909,0.3333333333333333,0.7272727272727274,0.36
07d_B_all,7,2,11,0.48484848484848486,0.4166666666666667,0.5018181818181818,0.44
07d_B_all,7,3,11,0.5340909090909091,0.375,0.5527272727272727,0.4
07d_B_all,7,4,11,0.5,0.25,0.5054545454545455,0.24
07d_B_all,1,0,11,0.6893939393939394,0.4166666666666667,0.7018181818181818,0.44
07d_B_all,1,1,11,0.6325757575757576,0.20833333333333334,0.6436363636363637,0.2
07d_B_all,1,2,11,0.6022727272727273,0.25,0.6072727272727272,0.24
07d_B_all,1,3,11,0.5113636363636364,0.3333333333333333,0.5236363636363637,0.36
07d_B_all,1,4,11,0.5833333333333333,0.3333333333333333,0.5890909090909091,0.36
07d_B_all,0,0,11,0.5340909090909091,0.4166666666666667,0.5454545454545454,0.44
07d_B_all,0,1,11,0.6439393939393939,0.3333333333333333,0.6581818181818182,0.36
07d_B_all,0,2,11,0.5984848484848485,0.375,0.6145454545454545,0.4
07d_B_all,0,3,10,0.5041666666666667,0.375,0.52,0.4
07d_B_all,0,4,12,0.5451388888888888,0.3333333333333333,0.5566666666666666,0.36
07d_B_all,5,0,11,0.5643939393939394,0.20833333333333334,0.5781818181818181,0.24
07d_B_all,5,1,11,0.5227272727272727,0.25,0.5345454545454547,0.28
07d_B_all,5,2,11,0.537878787878788,0.4166666666666667,0.5490909090909091,0.44
07d_B_all,5,3,11,0.6287878787878788,0.375,0.6436363636363637,0.4
07d_B_all,5,4,11,0.5454545454545454,0.375,0.5636363636363637,0.4
07d_B_all,8,0,11,0.48863636363636365,0.20833333333333334,0.49818181818181817,0.24
07d_B_all,8,1,11,0.5568181818181819,0.5,0.5745454545454545,0.52
07d_B_all,8,2,11,0.7159090909090909,0.375,0.7272727272727273,0.4
07d_B_all,8,3,11,0.5681818181818181,0.2916666666666667,0.5818181818181818,0.32
07d_B_all,8,4,11,0.4962121212121212,0.2916666666666667,0.5018181818181817,0.32
07d_B_all,9,0,11,0.6893939393939394,0.4166666666666667,0.7018181818181817,0.44
07d_B_all,9,1,11,0.5681818181818181,0.25,0.5781818181818181,0.24
07d_B_all,9,2,11,0.5643939393939394,0.3333333333333333,0.5818181818181818,0.36
07d_B_all,9,3,11,0.6439393939393939,0.2916666666666667,0.6581818181818182,0.32
07d_B_all,9,4,11,0.46212121212121215,0.25,0.46909090909090906,0.24
07d_B_open,2,0,11,0.6287878787878788,0.4166666666666667,0.6327272727272728,0.4
07d_B_open,2,1,11,0.6439393939393939,0.4583333333333333,0.6545454545454545,0.48
07d_B_open,2,2,11,0.6022727272727273,0.4166666666666667,0.6181818181818182,0.44
07d_B_open,2,3,10,0.45833333333333337,0.25,0.48,0.28
07d_B_open,2,4,12,0.4340277777777778,0.2916666666666667,0.43666666666666665,0.32
07d_B_open,1,0,11,0.6590909090909091,0.5,0.6654545454545455,0.52
07d_B_open,1,1,11,0.5871212121212122,0.4583333333333333,0.5818181818181818,0.44
07d_B_open,1,2,11,0.6553030303030303,0.2916666666666667,0.6509090909090909,0.28
07d_B_open,1,3,11,0.4507575757575758,0.3333333333333333,0.4690909090909091,0.36
07d_B_open,1,4,11,0.4810606060606061,0.25,0.48,0.24
07d_B_open,0,0,11,0.571969696969697,0.3333333333333333,0.5818181818181818,0.36
07d_B_open,0,1,11,0.6174242424242424,0.2916666666666667,0.6218181818181818,0.32
07d_B_open,0,2,11,0.6174242424242424,0.5,0.629090909090909,0.52
07d_B_open,0,3,10,0.4291666666666667,0.2916666666666667,0.43600000000000005,0.32
07d_B_open,0,4,12,0.5277777777777777,0.25,0.5433333333333333,0.28
07d_B_open,3,0,11,0.5795454545454546,0.25,0.5818181818181818,0.24
07d_B_open,3,1,11,0.5492424242424243,0.25,0.56,0.28
07d_B_open,3,2,11,0.7159090909090909,0.3333333333333333,0.7272727272727273,0.36
07d_B_open,3,3,11,0.6174242424242424,0.4583333333333333,0.6290909090909091,0.48
07d_B_open,3,4,11,0.46969696969696967,0.4166666666666667,0.48727272727272725,0.44
07d_B_open,4,0,11,0.46212121212121204,0.3333333333333333,0.46545454545454545,0.32
07d_B_open,4,1,11,0.6022727272727273,0.3333333333333333,0.6181818181818182,0.36
07d_B_open,4,2,11,0.7727272727272727,0.3333333333333333,0.7818181818181819,0.36
07d_B_open,4,3,11,0.5681818181818181,0.375,0.5709090909090909,0.36
07d_B_open,4,4,11,0.5833333333333333,0.375,0.5963636363636363,0.4
07d_B_all,11,0,11,0.6136363636363636,0.16666666666666666,0.629090909090909,0.16
07d_B_all,11,1,11,0.6401515151515151,0.3333333333333333,0.6545454545454545,0.36
07d_B_all,11,2,11,0.5681818181818181,0.25,0.5745454545454545,0.24
07d_B_all,11,3,11,0.6060606060606062,0.375,0.6218181818181818,0.4
07d_B_all,11,4,11,0.6212121212121212,0.3333333333333333,0.629090909090909,0.36
07d_B_all,10,0,11,0.6401515151515151,0.3333333333333333,0.6545454545454545,0.36
07d_B_all,10,1,11,0.7196969696969697,0.4166666666666667,0.7272727272727274,0.44
07d_B_all,10,2,11,0.4810606060606061,0.2916666666666667,0.4872727272727273,0.28
07d_B_all,10,3,11,0.5681818181818181,0.4166666666666667,0.5854545454545454,0.44
07d_B_all,10,4,11,0.5833333333333334,0.2916666666666667,0.6000000000000001,0.32
07d_B_all,15,0,11,0.6590909090909091,0.4166666666666667,0.6727272727272727,0.44
07d_B_all,15,1,11,0.5946969696969697,0.20833333333333334,0.6072727272727273,0.24
07d_B_all,15,2,11,0.6022727272727273,0.3333333333333333,0.6181818181818182,0.36
07d_B_all,15,3,11,0.6174242424242424,0.375,0.6254545454545454,0.4
07d_B_all,15,4,11,0.5795454545454546,0.4583333333333333,0.5963636363636363,0.48
07d_B_all,14,0,11,0.5303030303030303,0.25,0.5381818181818181,0.24
07d_B_all,14,1,11,0.5568181818181819,0.3333333333333333,0.5636363636363636,0.36
07d_B_all,14,2,11,0.5606060606060607,0.375,0.5781818181818181,0.4
07d_B_all,14,3,11,0.5833333333333334,0.4166666666666667,0.6,0.44
07d_B_all,14,4,11,0.6969696969696969,0.375,0.7018181818181818,0.36
07d_B_all,13,0,11,0.7310606060606061,0.25,0.7418181818181818,0.28
07d_B_all,13,1,11,0.6098484848484849,0.3333333333333333,0.6254545454545455,0.36
07d_B_all,13,2,11,0.6893939393939394,0.4583333333333333,0.7018181818181818,0.48
07d_B_all,13,3,11,0.6553030303030303,0.3333333333333333,0.6690909090909092,0.36
07d_B_all,13,4,11,0.5416666666666666,0.4166666666666667,0.56,0.44
07d_B_all,12,0,11,0.5075757575757576,0.4583333333333333,0.5236363636363637,0.48
07d_B_all,12,1,11,0.5606060606060606,0.3333333333333333,0.5672727272727273,0.32
07d_B_all,12,2,11,0.7045454545454546,0.375,0.7163636363636364,0.4
07d_B_all,12,3,11,0.625,0.2916666666666667,0.64,0.32
07d_B_all,12,4,11,0.6287878787878788,0.4166666666666667,0.6436363636363637,0.44
07d_B_all,17,0,11,0.48863636363636365,0.125,0.4909090909090909,0.12
07d_B_all,17,1,11,0.7234848484848485,0.20833333333333334,0.7345454545454545,0.2
07d_B_all,17,2,11,0.553030303030303,0.4166666666666667,0.5709090909090908,0.44
07d_B_all,17,3,11,0.6212121212121212,0.20833333333333334,0.6254545454545454,0.2
07d_B_all,17,4,11,0.48863636363636365,0.4166666666666667,0.509090909090909,0.44
07d_B_all,18,0,11,0.6742424242424242,0.25,0.6836363636363637,0.28
07d_B_all,18,1,11,0.5037878787878788,0.16666666666666666,0.5163636363636364,0.16
07d_B_all,18,2,11,0.5719696969696969,0.4166666666666667,0.589090909090909,0.44
07d_B_all,18,3,11,0.4810606060606061,0.4166666666666667,0.49818181818181817,0.44
07d_B_all,18,4,11,0.5984848484848485,0.375,0.6145454545454545,0.4
07d_B_all,16,0,11,0.6287878787878788,0.3333333333333333,0.6363636363636364,0.32
07d_B_all,16,1,11,0.7689393939393939,0.5,0.7781818181818182,0.52
07d_B_all,16,2,11,0.5227272727272727,0.3333333333333333,0.5345454545454545,0.36
07d_B_all,16,3,11,0.5871212121212122,0.4166666666666667,0.5963636363636364,0.44
07d_B_all,16,4,11,0.6325757575757576,0.4583333333333333,0.6472727272727272,0.48
07d_B_all,19,0,11,0.48484848484848486,0.2916666666666667,0.49454545454545457,0.32
07d_B_all,19,1,11,0.5113636363636364,0.20833333333333334,0.5309090909090909,0.24
07d_B_all,19,2,11,0.571969696969697,0.4166666666666667,0.5890909090909091,0.44
07d_B_all,19,3,11,0.6439393939393939,0.3333333333333333,0.6581818181818182,0.36
07d_B_all,19,4,11,0.6590909090909091,0.20833333333333334,0.6618181818181819,0.2
07d_B_open,6,0,11,0.5037878787878788,0.3333333333333333,0.5018181818181818,0.32
07d_B_open,6,1,11,0.5606060606060606,0.5,0.5745454545454546,0.52
07d_B_open,6,2,11,0.5189393939393939,0.25,0.52,0.24
07d_B_open,6,3,11,0.4545454545454546,0.25,0.4654545454545455,0.28
07d_B_open,6,4,11,0.39015151515151514,0.2916666666666667,0.38909090909090904,0.28
07d_B_open,5,0,11,0.6212121212121212,0.4166666666666667,0.6363636363636364,0.44
07d_B_open,5,1,11,0.5643939393939393,0.4583333333333333,0.5818181818181818,0.48
07d_B_open,5,2,11,0.5265151515151516,0.4583333333333333,0.5381818181818182,0.48
07d_B_open,5,3,11,0.3560606060606061,0.25,0.38181818181818183,0.28
07d_B_open,5,4,11,0.6136363636363636,0.375,0.6254545454545455,0.4
07d_B_open,7,0,11,0.5795454545454546,0.3333333333333333,0.5854545454545454,0.36
07d_B_open,7,1,11,0.6893939393939393,0.3333333333333333,0.6981818181818182,0.36
07d_B_open,7,2,11,0.4242424242424243,0.375,0.4254545454545454,0.36
07d_B_open,7,3,11,0.6363636363636365,0.4166666666666667,0.650909090909091,0.44
07d_B_open,7,4,11,0.49242424242424243,0.4583333333333333,0.509090909090909,0.48
07d_B_open,8,0,11,0.5757575757575758,0.3333333333333333,0.5745454545454546,0.32
07d_B_open,8,1,11,0.42803030303030304,0.5833333333333334,0.45090909090909087,0.6
07d_B_open,8,2,11,0.6515151515151515,0.375,0.6654545454545455,0.4
07d_B_open,8,3,11,0.4507575757575758,0.20833333333333334,0.4581818181818182,0.24
07d_B_open,8,4,11,0.46212121212121215,0.3333333333333333,0.4690909090909091,0.36
07d_B_open,9,0,11,0.5416666666666667,0.2916666666666667,0.5563636363636363,0.32
07d_B_open,9,1,11,0.46969696969696967,0.25,0.4618181818181818,0.24
07d_B_open,9,2,11,0.5227272727272727,0.3333333333333333,0.5381818181818181,0.36
07d_B_open,9,3,11,0.5265151515151515,0.2916666666666667,0.5418181818181819,0.32
07d_B_open,9,4,11,0.6325757575757576,0.4166666666666667,0.6472727272727273,0.44
07d_B_open,10,0,11,0.5303030303030303,0.20833333333333334,0.5345454545454544,0.2
07d_B_open,10,1,11,0.5643939393939394,0.2916666666666667,0.5745454545454546,0.32
07d_B_open,10,2,11,0.5833333333333333,0.2916666666666667,0.5963636363636364,0.32
07d_B_open,10,3,11,0.5454545454545454,0.4166666666666667,0.5636363636363636,0.44
07d_B_open,10,4,11,0.5492424242424242,0.4166666666666667,0.5672727272727273,0.44
07d_B_open,11,0,11,0.48863636363636365,0.20833333333333334,0.49818181818181817,0.2
07d_B_open,11,1,11,0.4734848484848485,0.3333333333333333,0.48363636363636364,0.36
07d_B_open,11,2,11,0.6666666666666666,0.4166666666666667,0.6799999999999999,0.44
07d_B_open,11,3,11,0.5454545454545454,0.3333333333333333,0.5563636363636364,0.36
07d_B_open,11,4,11,0.4810606060606061,0.3333333333333333,0.4909090909090909,0.36
07d_B_open,12,0,11,0.6515151515151516,0.3333333333333333,0.6581818181818182,0.36
07d_B_open,12,1,11,0.4810606060606061,0.3333333333333333,0.49454545454545457,0.36
07d_B_open,12,2,11,0.6666666666666667,0.4166666666666667,0.6799999999999999,0.44
07d_B_open,12,3,11,0.48863636363636365,0.4583333333333333,0.509090909090909,0.48
07d_B_open,12,4,11,0.625,0.4583333333333333,0.6399999999999999,0.48
07d_B_open,19,0,11,0.38636363636363635,0.2916666666666667,0.3781818181818182,0.28
07d_B_open,19,1,11,0.625,0.20833333333333334,0.6363636363636364,0.24
07d_B_open,19,2,11,0.5871212121212122,0.2916666666666667,0.6,0.32
07d_B_open,19,3,11,0.5227272727272727,0.20833333333333334,0.5381818181818182,0.24
07d_B_open,19,4,11,0.6515151515151515,0.4583333333333333,0.6654545454545455,0.48
07d_B_open,15,0,11,0.5643939393939394,0.2916666666666667,0.5709090909090909,0.32
07d_B_open,15,1,11,0.6363636363636364,0.375,0.6509090909090909,0.4
07d_B_open,15,2,11,0.5568181818181819,0.4166666666666667,0.5745454545454546,0.44
07d_B_open,15,3,11,0.5378787878787878,0.4166666666666667,0.5490909090909091,0.44
07d_B_open,15,4,11,0.5909090909090909,0.4583333333333333,0.6072727272727273,0.48
07d_B_open,18,0,11,0.5454545454545454,0.16666666666666666,0.5454545454545455,0.16
07d_B_open,18,1,11,0.41287878787878785,0.125,0.4036363636363636,0.12
07d_B_open,18,2,11,0.5757575757575757,0.5,0.5927272727272728,0.52
07d_B_open,18,3,11,0.44318181818181823,0.4166666666666667,0.46181818181818185,0.44
07d_B_open,18,4,11,0.6363636363636364,0.4583333333333333,0.6509090909090909,0.48
07d_B_open,13,0,11,0.46969696969696967,0.20833333333333334,0.4872727272727273,0.24
07d_B_open,13,1,11,0.5984848484848485,0.5,0.6145454545454545,0.52
07d_B_open,13,2,11,0.7045454545454545,0.4166666666666667,0.7163636363636363,0.44
07d_B_open,13,3,11,0.625,0.375,0.64,0.4
07d_B_open,13,4,11,0.4810606060606061,0.4583333333333333,0.49818181818181817,0.48
07d_B_open,17,0,11,0.571969696969697,0.125,0.5745454545454545,0.12
07d_B_open,17,1,11,0.6477272727272727,0.4583333333333333,0.6618181818181817,0.48
07d_B_open,17,2,11,0.5946969696969697,0.4166666666666667,0.6072727272727274,0.44
07d_B_open,17,3,11,0.5719696969696969,0.4166666666666667,0.589090909090909,0.44
07d_B_open,17,4,11,0.5227272727272727,0.4583333333333333,0.5345454545454547,0.48
07d_B_open,14,0,11,0.5303030303030303,0.20833333333333334,0.5418181818181819,0.24
07d_B_open,14,1,11,0.5340909090909092,0.4166666666666667,0.5418181818181819,0.4
07d_B_open,14,2,11,0.6515151515151515,0.3333333333333333,0.6618181818181819,0.36
07d_B_open,14,3,11,0.7121212121212122,0.4166666666666667,0.7236363636363635,0.44
07d_B_open,14,4,11,0.4734848484848485,0.2916666666666667,0.4690909090909091,0.28
07d_B_open,16,0,11,0.5606060606060606,0.08333333333333333,0.5636363636363636,0.08
07d_B_open,16,1,11,0.5340909090909091,0.375,0.5418181818181818,0.4
07d_B_open,16,2,11,0.4015151515151515,0.2916666666666667,0.4109090909090909,0.32
07d_B_open,16,3,11,0.40530303030303033,0.3333333333333333,0.4290909090909091,0.36
07d_B_open,16,4,11,0.5795454545454546,0.4583333333333333,0.5963636363636363,0.48
