set,rep,fold,metric,stored,recomputed,absdiff
07_A_log_abs,0,-1,subj_auc,0.738989898989899,0.738989898989899,0.0
07_A_log_abs,1,-1,subj_auc,0.7672727272727272,0.7672727272727272,0.0
07_A_log_abs,2,-1,subj_auc,0.7187878787878788,0.7187878787878788,0.0
07_A_log_abs,3,-1,subj_auc,0.7406060606060606,0.7406060606060606,0.0
07_A_log_abs,4,-1,subj_auc,0.7252525252525253,0.7252525252525253,0.0
07_A_log_abs,5,-1,subj_auc,0.8036363636363636,0.8036363636363636,0.0
07_A_log_abs,6,-1,subj_auc,0.7551515151515151,0.7551515151515151,0.0
07_A_log_abs,7,-1,subj_auc,0.7563636363636363,0.7563636363636363,0.0
07_A_log_abs,8,-1,subj_auc,0.7608080808080808,0.7608080808080808,0.0
07_A_log_abs,9,-1,subj_auc,0.7656565656565657,0.7656565656565657,0.0
07_A_log_abs,10,-1,subj_auc,0.7846464646464646,0.7846464646464646,0.0
07_A_log_abs,11,-1,subj_auc,0.7676767676767677,0.7676767676767677,0.0
07_A_log_abs,12,-1,subj_auc,0.7042424242424242,0.7042424242424242,0.0
07_A_log_abs,13,-1,subj_auc,0.7874747474747475,0.7874747474747475,0.0
07_A_log_abs,14,-1,subj_auc,0.7115151515151514,0.7115151515151514,0.0
07_A_log_abs,15,-1,subj_auc,0.7802020202020202,0.7802020202020202,0.0
07_A_log_abs,16,-1,subj_auc,0.717979797979798,0.717979797979798,0.0
07_A_log_abs,17,-1,subj_auc,0.797979797979798,0.797979797979798,0.0
07_A_log_abs,18,-1,subj_auc,0.757979797979798,0.757979797979798,0.0
07_A_log_abs,19,-1,subj_auc,0.743030303030303,0.743030303030303,0.0
07_B_relative,0,-1,subj_auc,0.7341414141414141,0.7341414141414141,0.0
07_B_relative,1,-1,subj_auc,0.738989898989899,0.738989898989899,0.0
07_B_relative,2,-1,subj_auc,0.6690909090909092,0.6690909090909092,0.0
07_B_relative,3,-1,subj_auc,0.7280808080808081,0.7280808080808081,0.0
07_B_relative,4,-1,subj_auc,0.8125252525252525,0.8125252525252525,0.0
07_B_relative,5,-1,subj_auc,0.7361616161616161,0.7361616161616161,0.0
07_B_relative,6,-1,subj_auc,0.7361616161616162,0.7361616161616162,0.0
07_B_relative,7,-1,subj_auc,0.7260606060606061,0.7260606060606061,0.0
07_B_relative,8,-1,subj_auc,0.6791919191919192,0.6791919191919192,0.0
07_B_relative,9,-1,subj_auc,0.72,0.72,0.0
07_B_relative,10,-1,subj_auc,0.7212121212121212,0.7212121212121212,0.0
07_B_relative,11,-1,subj_auc,0.7733333333333333,0.7733333333333333,0.0
07_B_relative,12,-1,subj_auc,0.743030303030303,0.743030303030303,0.0
07_B_relative,13,-1,subj_auc,0.7668686868686869,0.7668686868686869,0.0
07_B_relative,14,-1,subj_auc,0.7147474747474747,0.7147474747474747,0.0
07_B_relative,15,-1,subj_auc,0.764040404040404,0.764040404040404,0.0
07_B_relative,16,-1,subj_auc,0.7527272727272727,0.7527272727272727,0.0
07_B_relative,17,-1,subj_auc,0.747070707070707,0.747070707070707,0.0
07_B_relative,18,-1,subj_auc,0.7066666666666667,0.7066666666666667,0.0
07_B_relative,19,-1,subj_auc,0.7098989898989899,0.7098989898989899,0.0
07a_closed,0,-1,subj_auc,0.6032323232323232,0.6032323232323232,0.0
07a_closed,1,-1,subj_auc,0.5975757575757575,0.5975757575757575,0.0
07a_closed,2,-1,subj_auc,0.6258585858585858,0.6258585858585858,0.0
07a_closed,3,-1,subj_auc,0.6509090909090909,0.6509090909090909,0.0
07a_closed,4,-1,subj_auc,0.6117171717171717,0.6117171717171717,0.0
07a_closed,5,-1,subj_auc,0.7236363636363636,0.7236363636363636,0.0
07a_closed,6,-1,subj_auc,0.6129292929292929,0.6129292929292929,0.0
07a_closed,7,-1,subj_auc,0.6399999999999999,0.6399999999999999,0.0
07a_closed,8,-1,subj_auc,0.6606060606060605,0.6606060606060605,0.0
07a_closed,9,-1,subj_auc,0.5951515151515151,0.5951515151515151,0.0
07a_closed,10,-1,subj_auc,0.6323232323232323,0.6323232323232323,0.0
07a_closed,11,-1,subj_auc,0.6715151515151515,0.6715151515151515,0.0
07a_closed,12,-1,subj_auc,0.7446464646464647,0.7446464646464647,0.0
07a_closed,13,-1,subj_auc,0.713939393939394,0.713939393939394,0.0
07a_closed,14,-1,subj_auc,0.5862626262626263,0.5862626262626263,0.0
07a_closed,15,-1,subj_auc,0.6993939393939393,0.6993939393939393,0.0
07a_closed,16,-1,subj_auc,0.6888888888888889,0.6888888888888889,0.0
07a_closed,17,-1,subj_auc,0.5696969696969697,0.5696969696969697,0.0
07a_closed,18,-1,subj_auc,0.6173737373737374,0.6173737373737374,0.0
07a_closed,19,-1,subj_auc,0.6468686868686869,0.6468686868686869,0.0
07a_open,0,-1,subj_auc,0.7228282828282828,0.7228282828282828,0.0
07a_open,1,-1,subj_auc,0.6561616161616162,0.6561616161616162,0.0
07a_open,2,-1,subj_auc,0.7236363636363636,0.7236363636363636,0.0
07a_open,3,-1,subj_auc,0.766060606060606,0.766060606060606,0.0
07a_open,4,-1,subj_auc,0.7587878787878788,0.7587878787878788,0.0
07a_open,5,-1,subj_auc,0.72,0.72,0.0
07a_open,6,-1,subj_auc,0.6496969696969697,0.6496969696969697,0.0
07a_open,7,-1,subj_auc,0.7454545454545455,0.7454545454545455,0.0
07a_open,8,-1,subj_auc,0.6606060606060606,0.6606060606060606,0.0
07a_open,9,-1,subj_auc,0.6969696969696969,0.6969696969696969,0.0
07a_open,10,-1,subj_auc,0.7171717171717171,0.7171717171717171,0.0
07a_open,11,-1,subj_auc,0.6464646464646464,0.6464646464646464,0.0
07a_open,12,-1,subj_auc,0.7341414141414142,0.7341414141414142,0.0
07a_open,13,-1,subj_auc,0.738989898989899,0.738989898989899,0.0
07a_open,14,-1,subj_auc,0.7317171717171718,0.7317171717171718,0.0
07a_open,15,-1,subj_auc,0.743030303030303,0.743030303030303,0.0
07a_open,16,-1,subj_auc,0.6246464646464647,0.6246464646464647,0.0
07a_open,17,-1,subj_auc,0.7575757575757576,0.7575757575757576,0.0
07a_open,18,-1,subj_auc,0.6654545454545455,0.6654545454545455,0.0
07a_open,19,-1,subj_auc,0.72,0.72,0.0
07b_closed_noC,0,-1,subj_auc,0.572929292929293,0.572929292929293,0.0
07b_closed_noC,1,-1,subj_auc,0.4993939393939394,0.4993939393939394,0.0
07b_closed_noC,2,-1,subj_auc,0.5183838383838384,0.5183838383838384,0.0
07b_closed_noC,3,-1,subj_auc,0.64,0.64,0.0
07b_closed_noC,4,-1,subj_auc,0.5466666666666666,0.5466666666666666,0.0
07b_closed_noC,5,-1,subj_auc,0.5672727272727273,0.5672727272727273,0.0
07b_closed_noC,6,-1,subj_auc,0.5648484848484848,0.5648484848484848,0.0
07b_closed_noC,7,-1,subj_auc,0.581010101010101,0.581010101010101,0.0
07b_closed_noC,8,-1,subj_auc,0.5680808080808081,0.5680808080808081,0.0
07b_closed_noC,9,-1,subj_auc,0.5361616161616161,0.5361616161616161,0.0
07b_closed_noC,10,-1,subj_auc,0.5761616161616161,0.5761616161616161,0.0
07b_closed_noC,11,-1,subj_auc,0.6565656565656566,0.6565656565656566,0.0
07b_closed_noC,12,-1,subj_auc,0.6739393939393938,0.6739393939393938,0.0
07b_closed_noC,13,-1,subj_auc,0.612929292929293,0.612929292929293,0.0
07b_closed_noC,14,-1,subj_auc,0.5959595959595959,0.5959595959595959,0.0
07b_closed_noC,15,-1,subj_auc,0.5995959595959596,0.5995959595959596,0.0
07b_closed_noC,16,-1,subj_auc,0.5878787878787879,0.5878787878787879,0.0
07b_closed_noC,17,-1,subj_auc,0.5232323232323233,0.5232323232323233,0.0
07b_closed_noC,18,-1,subj_auc,0.6274747474747475,0.6274747474747475,0.0
07b_closed_noC,19,-1,subj_auc,0.5927272727272727,0.5927272727272727,0.0
07e_longblock,0,-1,subj_auc,0.7628282828282827,0.7628282828282827,0.0
07e_longblock,1,-1,subj_auc,0.7773737373737374,0.7773737373737374,0.0
07e_longblock,2,-1,subj_auc,0.7305050505050505,0.7305050505050505,0.0
07e_longblock,3,-1,subj_auc,0.7292929292929292,0.7292929292929292,0.0
07e_longblock,4,-1,subj_auc,0.7547474747474747,0.7547474747474747,0.0
07e_longblock,5,-1,subj_auc,0.6844444444444444,0.6844444444444444,0.0
07e_longblock,6,-1,subj_auc,0.7426262626262625,0.7426262626262625,0.0
07e_longblock,7,-1,subj_auc,0.7252525252525253,0.7252525252525253,0.0
07e_longblock,8,-1,subj_auc,0.7842424242424243,0.7842424242424243,0.0
07e_longblock,9,-1,subj_auc,0.7955555555555556,0.7955555555555556,0.0
07e_longblock,10,-1,subj_auc,0.6133333333333333,0.6133333333333333,0.0
07e_longblock,11,-1,subj_auc,0.787070707070707,0.787070707070707,0.0
07e_longblock,12,-1,subj_auc,0.7858585858585859,0.7858585858585859,0.0
07e_longblock,13,-1,subj_auc,0.8060606060606059,0.8060606060606059,0.0
07e_longblock,14,-1,subj_auc,0.7733333333333333,0.7733333333333333,0.0
07e_longblock,15,-1,subj_auc,0.7373737373737373,0.7373737373737373,0.0
07e_longblock,16,-1,subj_auc,0.7167676767676768,0.7167676767676768,0.0
07e_longblock,17,-1,subj_auc,0.7260606060606061,0.7260606060606061,0.0
07e_longblock,18,-1,subj_auc,0.7454545454545455,0.7454545454545455,0.0
07e_longblock,19,-1,subj_auc,0.7321212121212121,0.7321212121212121,0.0
07c_B_closed,0,0,auc_sg2_24,0.5643939393939393,0.5643939393939393,0.0
07c_B_closed,0,0,auc_sg2_25,0.5745454545454546,0.5745454545454546,0.0
07c_B_closed,0,1,auc_sg2_24,0.6287878787878788,0.6287878787878788,0.0
07c_B_closed,0,1,auc_sg2_25,0.6363636363636365,0.6363636363636365,0.0
07c_B_closed,0,2,auc_sg2_24,0.6174242424242424,0.6174242424242424,0.0
07c_B_closed,0,2,auc_sg2_25,0.629090909090909,0.629090909090909,0.0
07c_B_closed,0,3,auc_sg2_24,0.4166666666666667,0.41666666666666674,5.551115123125783e-17
07c_B_closed,0,3,auc_sg2_25,0.4,0.4,0.0
07c_B_closed,0,4,auc_sg2_24,0.5173611111111112,0.5173611111111112,0.0
07c_B_closed,0,4,auc_sg2_25,0.53,0.53,0.0
07c_B_closed,1,0,auc_sg2_24,0.6590909090909091,0.6590909090909091,0.0
07c_B_closed,1,0,auc_sg2_25,0.6727272727272727,0.6727272727272727,0.0
07c_B_closed,1,1,auc_sg2_24,0.5265151515151515,0.5265151515151515,0.0
07c_B_closed,1,1,auc_sg2_25,0.5381818181818181,0.5381818181818181,0.0
07c_B_closed,1,2,auc_sg2_24,0.5681818181818181,0.5681818181818181,0.0
07c_B_closed,1,2,auc_sg2_25,0.5818181818181818,0.5818181818181818,0.0
07c_B_closed,1,3,auc_sg2_24,0.4166666666666667,0.4166666666666667,0.0
07c_B_closed,1,3,auc_sg2_25,0.4254545454545455,0.4254545454545455,0.0
07c_B_closed,1,4,auc_sg2_24,0.4886363636363636,0.48863636363636365,5.551115123125783e-17
07c_B_closed,1,4,auc_sg2_25,0.4945454545454546,0.4945454545454546,0.0
07c_B_closed,2,0,auc_sg2_24,0.5113636363636365,0.5113636363636365,0.0
07c_B_closed,2,0,auc_sg2_25,0.52,0.52,0.0
07c_B_closed,2,1,auc_sg2_24,0.7310606060606061,0.7310606060606061,0.0
07c_B_closed,2,1,auc_sg2_25,0.7418181818181818,0.7418181818181818,0.0
07c_B_closed,2,2,auc_sg2_24,0.5492424242424243,0.5492424242424243,0.0
07c_B_closed,2,2,auc_sg2_25,0.5636363636363637,0.5636363636363637,0.0
07c_B_closed,2,3,auc_sg2_24,0.4333333333333333,0.43333333333333335,5.551115123125783e-17
07c_B_closed,2,3,auc_sg2_25,0.436,0.43600000000000005,5.551115123125783e-17
07c_B_closed,2,4,auc_sg2_24,0.5555555555555556,0.5555555555555556,0.0
07c_B_closed,2,4,auc_sg2_25,0.5700000000000001,0.5700000000000001,0.0
07c_B_closed,3,0,auc_sg2_24,0.7916666666666666,0.7916666666666666,0.0
07c_B_closed,3,0,auc_sg2_25,0.7963636363636364,0.7963636363636364,0.0
07c_B_closed,3,1,auc_sg2_24,0.6212121212121212,0.6212121212121212,0.0
07c_B_closed,3,1,auc_sg2_25,0.6327272727272727,0.6327272727272727,0.0
07c_B_closed,3,2,auc_sg2_24,0.5643939393939394,0.5643939393939394,0.0
07c_B_closed,3,2,auc_sg2_25,0.5745454545454545,0.5745454545454545,0.0
07c_B_closed,3,3,auc_sg2_24,0.4431818181818182,0.4431818181818182,0.0
07c_B_closed,3,3,auc_sg2_25,0.4472727272727273,0.4472727272727273,0.0
07c_B_closed,3,4,auc_sg2_24,0.5871212121212122,0.5871212121212122,0.0
07c_B_closed,3,4,auc_sg2_25,0.6,0.6,0.0
07c_B_closed,4,0,auc_sg2_24,0.5416666666666666,0.5416666666666666,0.0
07c_B_closed,4,0,auc_sg2_25,0.5454545454545454,0.5454545454545454,0.0
07c_B_closed,4,1,auc_sg2_24,0.5757575757575757,0.5757575757575757,0.0
07c_B_closed,4,1,auc_sg2_25,0.5818181818181818,0.5818181818181818,0.0
07c_B_closed,4,2,auc_sg2_24,0.5265151515151515,0.5265151515151515,0.0
07c_B_closed,4,2,auc_sg2_25,0.5381818181818182,0.5381818181818182,0.0
07c_B_closed,4,3,auc_sg2_24,0.5530303030303031,0.5530303030303031,0.0
07c_B_closed,4,3,auc_sg2_25,0.5454545454545454,0.5454545454545454,0.0
07c_B_closed,4,4,auc_sg2_24,0.5833333333333334,0.5833333333333334,0.0
07c_B_closed,4,4,auc_sg2_25,0.5963636363636363,0.5963636363636363,0.0
07c_B_closed,5,0,auc_sg2_24,0.6477272727272727,0.6477272727272727,0.0
07c_B_closed,5,0,auc_sg2_25,0.6545454545454545,0.6545454545454545,0.0
07c_B_closed,5,1,auc_sg2_24,0.5643939393939394,0.5643939393939394,0.0
07c_B_closed,5,1,auc_sg2_25,0.5781818181818182,0.5781818181818182,0.0
07c_B_closed,5,2,auc_sg2_24,0.4962121212121212,0.4962121212121212,0.0
07c_B_closed,5,2,auc_sg2_25,0.5054545454545454,0.5054545454545454,0.0
07c_B_closed,5,3,auc_sg2_24,0.5340909090909091,0.5340909090909091,0.0
07c_B_closed,5,3,auc_sg2_25,0.5454545454545455,0.5454545454545455,0.0
07c_B_closed,5,4,auc_sg2_24,0.537878787878788,0.537878787878788,0.0
07c_B_closed,5,4,auc_sg2_25,0.5527272727272727,0.5527272727272727,0.0
07c_B_closed,6,0,auc_sg2_24,0.4621212121212121,0.46212121212121215,5.551115123125783e-17
07c_B_closed,6,0,auc_sg2_25,0.4618181818181818,0.4618181818181818,0.0
07c_B_closed,6,1,auc_sg2_24,0.7196969696969696,0.7196969696969696,0.0
07c_B_closed,6,1,auc_sg2_25,0.7272727272727273,0.7272727272727273,0.0
07c_B_closed,6,2,auc_sg2_24,0.6893939393939393,0.6893939393939393,0.0
07c_B_closed,6,2,auc_sg2_25,0.6618181818181819,0.6618181818181819,0.0
07c_B_closed,6,3,auc_sg2_24,0.4886363636363636,0.48863636363636365,5.551115123125783e-17
07c_B_closed,6,3,auc_sg2_25,0.4981818181818181,0.49818181818181817,5.551115123125783e-17
07c_B_closed,6,4,auc_sg2_24,0.625,0.625,0.0
07c_B_closed,6,4,auc_sg2_25,0.6290909090909091,0.6290909090909091,0.0
07c_B_closed,7,0,auc_sg2_24,0.5340909090909091,0.5340909090909091,0.0
07c_B_closed,7,0,auc_sg2_25,0.5418181818181819,0.5418181818181819,0.0
07c_B_closed,7,1,auc_sg2_24,0.5643939393939394,0.5643939393939394,0.0
07c_B_closed,7,1,auc_sg2_25,0.5745454545454546,0.5745454545454546,0.0
07c_B_closed,7,2,auc_sg2_24,0.4659090909090909,0.46590909090909094,5.551115123125783e-17
07c_B_closed,7,2,auc_sg2_25,0.4727272727272727,0.4727272727272727,0.0
07c_B_closed,7,3,auc_sg2_24,0.5189393939393939,0.5189393939393939,0.0
07c_B_closed,7,3,auc_sg2_25,0.5381818181818182,0.5381818181818182,0.0
07c_B_closed,7,4,auc_sg2_24,0.5189393939393939,0.5189393939393939,0.0
07c_B_closed,7,4,auc_sg2_25,0.5127272727272728,0.5127272727272728,0.0
07c_B_closed,8,0,auc_sg2_24,0.5075757575757576,0.5075757575757576,0.0
07c_B_closed,8,0,auc_sg2_25,0.5163636363636364,0.5163636363636364,0.0
07c_B_closed,8,1,auc_sg2_24,0.5833333333333334,0.5833333333333334,0.0
07c_B_closed,8,1,auc_sg2_25,0.5963636363636363,0.5963636363636363,0.0
07c_B_closed,8,2,auc_sg2_24,0.6098484848484849,0.6098484848484849,0.0
07c_B_closed,8,2,auc_sg2_25,0.6181818181818182,0.6181818181818182,0.0
07c_B_closed,8,3,auc_sg2_24,0.5946969696969697,0.5946969696969697,0.0
07c_B_closed,8,3,auc_sg2_25,0.5963636363636364,0.5963636363636364,0.0
07c_B_closed,8,4,auc_sg2_24,0.5037878787878787,0.5037878787878787,0.0
07c_B_closed,8,4,auc_sg2_25,0.5127272727272727,0.5127272727272727,0.0
07c_B_closed,9,0,auc_sg2_24,0.5643939393939394,0.5643939393939394,0.0
07c_B_closed,9,0,auc_sg2_25,0.5781818181818182,0.5781818181818182,0.0
07c_B_closed,9,1,auc_sg2_24,0.7462121212121212,0.7462121212121212,0.0
07c_B_closed,9,1,auc_sg2_25,0.7563636363636363,0.7563636363636363,0.0
07c_B_closed,9,2,auc_sg2_24,0.4734848484848485,0.4734848484848485,0.0
07c_B_closed,9,2,auc_sg2_25,0.48,0.48,0.0
07c_B_closed,9,3,auc_sg2_24,0.428030303030303,0.42803030303030304,5.551115123125783e-17
07c_B_closed,9,3,auc_sg2_25,0.4327272727272727,0.4327272727272727,0.0
07c_B_closed,9,4,auc_sg2_24,0.625,0.625,0.0
07c_B_closed,9,4,auc_sg2_25,0.6218181818181818,0.6218181818181818,0.0
07c_B_closed,10,0,auc_sg2_24,0.5757575757575758,0.5757575757575758,0.0
07c_B_closed,10,0,auc_sg2_25,0.5781818181818182,0.5781818181818182,0.0
07c_B_closed,10,1,auc_sg2_24,0.5909090909090909,0.5909090909090909,0.0
07c_B_closed,10,1,auc_sg2_25,0.5963636363636363,0.5963636363636363,0.0
07c_B_closed,10,2,auc_sg2_24,0.5303030303030303,0.5303030303030303,0.0
07c_B_closed,10,2,auc_sg2_25,0.5345454545454545,0.5345454545454545,0.0
07c_B_closed,10,3,auc_sg2_24,0.6060606060606061,0.6060606060606061,0.0
07c_B_closed,10,3,auc_sg2_25,0.6145454545454546,0.6145454545454546,0.0
07c_B_closed,10,4,auc_sg2_24,0.6174242424242424,0.6174242424242424,0.0
07c_B_closed,10,4,auc_sg2_25,0.6181818181818182,0.6181818181818182,0.0
07c_B_closed,11,0,auc_sg2_24,0.5113636363636364,0.5113636363636364,0.0
07c_B_closed,11,0,auc_sg2_25,0.5163636363636364,0.5163636363636364,0.0
07c_B_closed,11,1,auc_sg2_24,0.6742424242424242,0.6742424242424242,0.0
07c_B_closed,11,1,auc_sg2_25,0.6836363636363636,0.6836363636363636,0.0
07c_B_closed,11,2,auc_sg2_24,0.625,0.625,0.0
07c_B_closed,11,2,auc_sg2_25,0.6290909090909091,0.6290909090909091,0.0
07c_B_closed,11,3,auc_sg2_24,0.4810606060606061,0.4810606060606061,0.0
07c_B_closed,11,3,auc_sg2_25,0.4836363636363636,0.48363636363636364,5.551115123125783e-17
07c_B_closed,11,4,auc_sg2_24,0.6401515151515152,0.6401515151515152,0.0
07c_B_closed,11,4,auc_sg2_25,0.6472727272727273,0.6472727272727273,0.0
07c_B_closed,12,0,auc_sg2_24,0.4356060606060606,0.4356060606060606,0.0
07c_B_closed,12,0,auc_sg2_25,0.44,0.44000000000000006,5.551115123125783e-17
07c_B_closed,12,1,auc_sg2_24,0.7765151515151516,0.7765151515151516,0.0
07c_B_closed,12,1,auc_sg2_25,0.7854545454545454,0.7854545454545454,0.0
07c_B_closed,12,2,auc_sg2_24,0.6704545454545455,0.6704545454545455,0.0
07c_B_closed,12,2,auc_sg2_25,0.6836363636363636,0.6836363636363636,0.0
07c_B_closed,12,3,auc_sg2_24,0.5378787878787878,0.5378787878787878,0.0
07c_B_closed,12,3,auc_sg2_25,0.5454545454545454,0.5454545454545454,0.0
07c_B_closed,12,4,auc_sg2_24,0.5189393939393939,0.5189393939393939,0.0
07c_B_closed,12,4,auc_sg2_25,0.4981818181818182,0.4981818181818182,0.0
07c_B_closed,13,0,auc_sg2_24,0.5227272727272727,0.5227272727272727,0.0
07c_B_closed,13,0,auc_sg2_25,0.5381818181818182,0.5381818181818182,0.0
07c_B_closed,13,1,auc_sg2_24,0.696969696969697,0.696969696969697,0.0
07c_B_closed,13,1,auc_sg2_25,0.7090909090909092,0.7090909090909092,0.0
07c_B_closed,13,2,auc_sg2_24,0.6628787878787878,0.6628787878787878,0.0
07c_B_closed,13,2,auc_sg2_25,0.6763636363636363,0.6763636363636363,0.0
07c_B_closed,13,3,auc_sg2_24,0.5606060606060606,0.5606060606060606,0.0
07c_B_closed,13,3,auc_sg2_25,0.5745454545454546,0.5745454545454546,0.0
07c_B_closed,13,4,auc_sg2_24,0.4128787878787879,0.4128787878787879,0.0
07c_B_closed,13,4,auc_sg2_25,0.3963636363636364,0.3963636363636364,0.0
07c_B_closed,14,0,auc_sg2_24,0.6060606060606061,0.6060606060606061,0.0
07c_B_closed,14,0,auc_sg2_25,0.6145454545454545,0.6145454545454545,0.0
07c_B_closed,14,1,auc_sg2_24,0.409090909090909,0.40909090909090906,5.551115123125783e-17
07c_B_closed,14,1,auc_sg2_25,0.4145454545454546,0.4145454545454546,0.0
07c_B_closed,14,2,auc_sg2_24,0.5303030303030303,0.5303030303030303,0.0
07c_B_closed,14,2,auc_sg2_25,0.5418181818181819,0.5418181818181819,0.0
07c_B_closed,14,3,auc_sg2_24,0.4848484848484848,0.48484848484848486,5.551115123125783e-17
07c_B_closed,14,3,auc_sg2_25,0.4945454545454545,0.4945454545454545,0.0
07c_B_closed,14,4,auc_sg2_24,0.6893939393939394,0.6893939393939394,0.0
07c_B_closed,14,4,auc_sg2_25,0.6981818181818181,0.6981818181818181,0.0
07c_B_closed,15,0,auc_sg2_24,0.821969696969697,0.821969696969697,0.0
07c_B_closed,15,0,auc_sg2_25,0.8290909090909091,0.8290909090909091,0.0
07c_B_closed,15,1,auc_sg2_24,0.6818181818181819,0.6818181818181819,0.0
07c_B_closed,15,1,auc_sg2_25,0.6945454545454546,0.6945454545454546,0.0
07c_B_closed,15,2,auc_sg2_24,0.571969696969697,0.571969696969697,0.0
07c_B_closed,15,2,auc_sg2_25,0.5818181818181818,0.5818181818181818,0.0
07c_B_closed,15,3,auc_sg2_24,0.6136363636363636,0.6136363636363636,0.0
07c_B_closed,15,3,auc_sg2_25,0.6218181818181818,0.6218181818181818,0.0
07c_B_closed,15,4,auc_sg2_24,0.5151515151515151,0.5151515151515151,0.0
07c_B_closed,15,4,auc_sg2_25,0.5309090909090909,0.5309090909090909,0.0
07c_B_closed,16,0,auc_sg2_24,0.7348484848484849,0.7348484848484849,0.0
07c_B_closed,16,0,auc_sg2_25,0.7381818181818182,0.7381818181818182,0.0
07c_B_closed,16,1,auc_sg2_24,0.5037878787878788,0.5037878787878788,0.0
07c_B_closed,16,1,auc_sg2_25,0.52,0.52,0.0
07c_B_closed,16,2,auc_sg2_24,0.4696969696969697,0.4696969696969697,0.0
07c_B_closed,16,2,auc_sg2_25,0.48,0.48000000000000004,5.551115123125783e-17
07c_B_closed,16,3,auc_sg2_24,0.5757575757575758,0.5757575757575758,0.0
07c_B_closed,16,3,auc_sg2_25,0.5818181818181818,0.5818181818181818,0.0
07c_B_closed,16,4,auc_sg2_24,0.5833333333333334,0.5833333333333334,0.0
07c_B_closed,16,4,auc_sg2_25,0.5927272727272727,0.5927272727272727,0.0
07c_B_closed,17,0,auc_sg2_24,0.7310606060606061,0.7310606060606061,0.0
07c_B_closed,17,0,auc_sg2_25,0.7418181818181818,0.7418181818181818,0.0
07c_B_closed,17,1,auc_sg2_24,0.6439393939393939,0.6439393939393939,0.0
07c_B_closed,17,1,auc_sg2_25,0.6581818181818182,0.6581818181818182,0.0
07c_B_closed,17,2,auc_sg2_24,0.428030303030303,0.42803030303030304,5.551115123125783e-17
07c_B_closed,17,2,auc_sg2_25,0.4327272727272727,0.43272727272727274,5.551115123125783e-17
07c_B_closed,17,3,auc_sg2_24,0.625,0.625,0.0
07c_B_closed,17,3,auc_sg2_25,0.6327272727272728,0.6327272727272728,0.0
07c_B_closed,17,4,auc_sg2_24,0.428030303030303,0.42803030303030304,5.551115123125783e-17
07c_B_closed,17,4,auc_sg2_25,0.4327272727272727,0.43272727272727274,5.551115123125783e-17
07c_B_closed,18,0,auc_sg2_24,0.625,0.625,0.0
07c_B_closed,18,0,auc_sg2_25,0.6327272727272727,0.6327272727272727,0.0
07c_B_closed,18,1,auc_sg2_24,0.7007575757575757,0.7007575757575757,0.0
07c_B_closed,18,1,auc_sg2_25,0.7090909090909091,0.7090909090909091,0.0
07c_B_closed,18,2,auc_sg2_24,0.4659090909090909,0.46590909090909094,5.551115123125783e-17
07c_B_closed,18,2,auc_sg2_25,0.4763636363636363,0.4763636363636363,0.0
07c_B_closed,18,3,auc_sg2_24,0.5075757575757576,0.5075757575757576,0.0
07c_B_closed,18,3,auc_sg2_25,0.5163636363636364,0.5163636363636364,0.0
07c_B_closed,18,4,auc_sg2_24,0.5075757575757576,0.5075757575757576,0.0
07c_B_closed,18,4,auc_sg2_25,0.52,0.52,0.0
07c_B_closed,19,0,auc_sg2_24,0.5757575757575758,0.5757575757575758,0.0
07c_B_closed,19,0,auc_sg2_25,0.5709090909090909,0.5709090909090909,0.0
07c_B_closed,19,1,auc_sg2_24,0.5833333333333333,0.5833333333333333,0.0
07c_B_closed,19,1,auc_sg2_25,0.5963636363636364,0.5963636363636364,0.0
07c_B_closed,19,2,auc_sg2_24,0.5606060606060607,0.5606060606060607,0.0
07c_B_closed,19,2,auc_sg2_25,0.5745454545454546,0.5745454545454546,0.0
07c_B_closed,19,3,auc_sg2_24,0.4431818181818182,0.44318181818181823,5.551115123125783e-17
07c_B_closed,19,3,auc_sg2_25,0.4509090909090909,0.4509090909090909,0.0
07c_B_closed,19,4,auc_sg2_24,0.6325757575757576,0.6325757575757576,0.0
07c_B_closed,19,4,auc_sg2_25,0.6363636363636364,0.6363636363636364,0.0
07d_A_all,0,0,auc_sg2_24,0.5037878787878788,0.5037878787878788,0.0
07d_A_all,0,0,auc_sg2_25,0.5018181818181817,0.5018181818181817,0.0
07d_A_all,0,1,auc_sg2_24,0.625,0.625,0.0
07d_A_all,0,1,auc_sg2_25,0.6145454545454545,0.6145454545454545,0.0
07d_A_all,0,2,auc_sg2_24,0.4772727272727273,0.4772727272727273,0.0
07d_A_all,0,2,auc_sg2_25,0.4763636363636364,0.4763636363636364,0.0
07d_A_all,0,3,auc_sg2_24,0.575,0.575,0.0
07d_A_all,0,3,auc_sg2_25,0.5720000000000001,0.5720000000000001,0.0
07d_A_all,0,4,auc_sg2_24,0.3819444444444444,0.3819444444444444,0.0
07d_A_all,0,4,auc_sg2_25,0.38,0.38,0.0
07d_A_all,1,0,auc_sg2_24,0.6098484848484849,0.6098484848484849,0.0
07d_A_all,1,0,auc_sg2_25,0.6145454545454546,0.6145454545454546,0.0
07d_A_all,1,1,auc_sg2_24,0.571969696969697,0.571969696969697,0.0
07d_A_all,1,1,auc_sg2_25,0.5745454545454545,0.5745454545454545,0.0
07d_A_all,1,2,auc_sg2_24,0.6477272727272727,0.6477272727272727,0.0
07d_A_all,1,2,auc_sg2_25,0.6436363636363637,0.6436363636363637,0.0
07d_A_all,1,3,auc_sg2_24,0.4810606060606061,0.4810606060606061,0.0
07d_A_all,1,3,auc_sg2_25,0.48,0.48,0.0
07d_A_all,1,4,auc_sg2_24,0.4734848484848485,0.4734848484848485,0.0
07d_A_all,1,4,auc_sg2_25,0.4763636363636363,0.4763636363636363,0.0
07d_A_all,2,0,auc_sg2_24,0.571969696969697,0.571969696969697,0.0
07d_A_all,2,0,auc_sg2_25,0.56,0.56,0.0
07d_A_all,2,1,auc_sg2_24,0.6325757575757576,0.6325757575757576,0.0
07d_A_all,2,1,auc_sg2_25,0.64,0.64,0.0
07d_A_all,2,2,auc_sg2_24,0.5492424242424243,0.5492424242424243,0.0
07d_A_all,2,2,auc_sg2_25,0.5563636363636364,0.5563636363636364,0.0
07d_A_all,2,3,auc_sg2_24,0.5874999999999999,0.5874999999999999,0.0
07d_A_all,2,3,auc_sg2_25,0.5800000000000001,0.5800000000000001,0.0
07d_A_all,2,4,auc_sg2_24,0.3506944444444445,0.3506944444444445,0.0
07d_A_all,2,4,auc_sg2_25,0.35,0.35000000000000003,5.551115123125783e-17
07d_A_all,3,0,auc_sg2_24,0.4886363636363636,0.48863636363636365,5.551115123125783e-17
07d_A_all,3,0,auc_sg2_25,0.4836363636363636,0.48363636363636364,5.551115123125783e-17
07d_A_all,3,1,auc_sg2_24,0.5871212121212122,0.5871212121212122,0.0
07d_A_all,3,1,auc_sg2_25,0.5854545454545454,0.5854545454545454,0.0
07d_A_all,3,2,auc_sg2_24,0.4696969696969697,0.4696969696969697,0.0
07d_A_all,3,2,auc_sg2_25,0.4727272727272727,0.4727272727272727,0.0
07d_A_all,3,3,auc_sg2_24,0.6212121212121212,0.6212121212121212,0.0
07d_A_all,3,3,auc_sg2_25,0.6181818181818182,0.6181818181818182,0.0
07d_A_all,3,4,auc_sg2_24,0.4962121212121212,0.4962121212121212,0.0
07d_A_all,3,4,auc_sg2_25,0.4981818181818182,0.4981818181818182,0.0
07d_A_all,4,0,auc_sg2_24,0.3674242424242424,0.36742424242424243,5.551115123125783e-17
07d_A_all,4,0,auc_sg2_25,0.3636363636363636,0.36363636363636365,5.551115123125783e-17
07d_A_all,4,1,auc_sg2_24,0.5643939393939394,0.5643939393939394,0.0
07d_A_all,4,1,auc_sg2_25,0.5636363636363637,0.5636363636363637,0.0
07d_A_all,4,2,auc_sg2_24,0.5265151515151515,0.5265151515151515,0.0
07d_A_all,4,2,auc_sg2_25,0.5272727272727273,0.5272727272727273,0.0
07d_A_all,4,3,auc_sg2_24,0.5871212121212122,0.5871212121212122,0.0
07d_A_all,4,3,auc_sg2_25,0.5890909090909091,0.5890909090909091,0.0
07d_A_all,4,4,auc_sg2_24,0.6174242424242424,0.6174242424242424,0.0
07d_A_all,4,4,auc_sg2_25,0.6218181818181818,0.6218181818181818,0.0
07d_A_all,5,0,auc_sg2_24,0.5757575757575757,0.5757575757575757,0.0
07d_A_all,5,0,auc_sg2_25,0.5781818181818181,0.5781818181818181,0.0
07d_A_all,5,1,auc_sg2_24,0.7537878787878788,0.7537878787878788,0.0
07d_A_all,5,1,auc_sg2_25,0.76,0.76,0.0
07d_A_all,5,2,auc_sg2_24,0.6212121212121213,0.6212121212121213,0.0
07d_A_all,5,2,auc_sg2_25,0.6218181818181818,0.6218181818181818,0.0
07d_A_all,5,3,auc_sg2_24,0.5568181818181819,0.5568181818181819,0.0
07d_A_all,5,3,auc_sg2_25,0.5563636363636364,0.5563636363636364,0.0
07d_A_all,5,4,auc_sg2_24,0.5303030303030303,0.5303030303030303,0.0
07d_A_all,5,4,auc_sg2_25,0.5236363636363637,0.5236363636363637,0.0
07d_A_all,6,0,auc_sg2_24,0.4545454545454545,0.45454545454545453,5.551115123125783e-17
07d_A_all,6,0,auc_sg2_25,0.4509090909090908,0.45090909090909087,5.551115123125783e-17
07d_A_all,6,1,auc_sg2_24,0.5492424242424243,0.5492424242424243,0.0
07d_A_all,6,1,auc_sg2_25,0.5527272727272727,0.5527272727272727,0.0
07d_A_all,6,2,auc_sg2_24,0.5681818181818182,0.5681818181818182,0.0
07d_A_all,6,2,auc_sg2_25,0.5781818181818181,0.5781818181818181,0.0
07d_A_all,6,3,auc_sg2_24,0.5984848484848485,0.5984848484848485,0.0
07d_A_all,6,3,auc_sg2_25,0.6,0.6,0.0
07d_A_all,6,4,auc_sg2_24,0.5833333333333334,0.5833333333333334,0.0
07d_A_all,6,4,auc_sg2_25,0.5818181818181819,0.5818181818181819,0.0
07d_A_all,7,0,auc_sg2_24,0.6931818181818182,0.6931818181818182,0.0
07d_A_all,7,0,auc_sg2_25,0.6836363636363636,0.6836363636363636,0.0
07d_A_all,7,1,auc_sg2_24,0.6401515151515151,0.6401515151515151,0.0
07d_A_all,7,1,auc_sg2_25,0.64,0.64,0.0
07d_A_all,7,2,auc_sg2_24,0.518939393939394,0.518939393939394,0.0
07d_A_all,7,2,auc_sg2_25,0.5127272727272727,0.5127272727272727,0.0
07d_A_all,7,3,auc_sg2_24,0.3674242424242424,0.36742424242424243,5.551115123125783e-17
07d_A_all,7,3,auc_sg2_25,0.3672727272727272,0.36727272727272725,5.551115123125783e-17
07d_A_all,7,4,auc_sg2_24,0.4621212121212121,0.46212121212121215,5.551115123125783e-17
07d_A_all,7,4,auc_sg2_25,0.4581818181818182,0.4581818181818182,0.0
07d_A_all,8,0,auc_sg2_24,0.4583333333333333,0.45833333333333337,5.551115123125783e-17
07d_A_all,8,0,auc_sg2_25,0.4509090909090909,0.4509090909090909,0.0
07d_A_all,8,1,auc_sg2_24,0.6553030303030303,0.6553030303030303,0.0
07d_A_all,8,1,auc_sg2_25,0.6654545454545454,0.6654545454545454,0.0
07d_A_all,8,2,auc_sg2_24,0.6060606060606061,0.6060606060606061,0.0
07d_A_all,8,2,auc_sg2_25,0.6072727272727273,0.6072727272727273,0.0
07d_A_all,8,3,auc_sg2_24,0.625,0.625,0.0
07d_A_all,8,3,auc_sg2_25,0.6290909090909091,0.6290909090909091,0.0
07d_A_all,8,4,auc_sg2_24,0.4810606060606061,0.4810606060606061,0.0
07d_A_all,8,4,auc_sg2_25,0.4763636363636364,0.4763636363636364,0.0
07d_A_all,9,0,auc_sg2_24,0.5984848484848485,0.5984848484848485,0.0
07d_A_all,9,0,auc_sg2_25,0.6036363636363636,0.6036363636363636,0.0
07d_A_all,9,1,auc_sg2_24,0.5643939393939394,0.5643939393939394,0.0
07d_A_all,9,1,auc_sg2_25,0.5636363636363637,0.5636363636363637,0.0
07d_A_all,9,2,auc_sg2_24,0.4242424242424242,0.42424242424242425,5.551115123125783e-17
07d_A_all,9,2,auc_sg2_25,0.4181818181818182,0.4181818181818182,0.0
07d_A_all,9,3,auc_sg2_24,0.6098484848484849,0.6098484848484849,0.0
07d_A_all,9,3,auc_sg2_25,0.6145454545454545,0.6145454545454545,0.0
07d_A_all,9,4,auc_sg2_24,0.4696969696969697,0.4696969696969697,0.0
07d_A_all,9,4,auc_sg2_25,0.4690909090909091,0.4690909090909091,0.0
07d_A_all,10,0,auc_sg2_24,0.4053030303030303,0.40530303030303033,5.551115123125783e-17
07d_A_all,10,0,auc_sg2_25,0.4072727272727272,0.40727272727272723,5.551115123125783e-17
07d_A_all,10,1,auc_sg2_24,0.7992424242424242,0.7992424242424242,0.0
07d_A_all,10,1,auc_sg2_25,0.7999999999999999,0.7999999999999999,0.0
07d_A_all,10,2,auc_sg2_24,0.6022727272727273,0.6022727272727273,0.0
07d_A_all,10,2,auc_sg2_25,0.5963636363636364,0.5963636363636364,0.0
07d_A_all,10,3,auc_sg2_24,0.4810606060606061,0.4810606060606061,0.0
07d_A_all,10,3,auc_sg2_25,0.4872727272727272,0.48727272727272725,5.551115123125783e-17
07d_A_all,10,4,auc_sg2_24,0.5303030303030304,0.5303030303030304,0.0
07d_A_all,10,4,auc_sg2_25,0.5345454545454545,0.5345454545454545,0.0
07d_A_all,11,0,auc_sg2_24,0.5227272727272727,0.5227272727272727,0.0
07d_A_all,11,0,auc_sg2_25,0.5272727272727273,0.5272727272727273,0.0
07d_A_all,11,1,auc_sg2_24,0.6174242424242424,0.6174242424242424,0.0
07d_A_all,11,1,auc_sg2_25,0.6181818181818183,0.6181818181818183,0.0
07d_A_all,11,2,auc_sg2_24,0.4318181818181818,0.4318181818181818,0.0
07d_A_all,11,2,auc_sg2_25,0.4363636363636363,0.43636363636363634,5.551115123125783e-17
07d_A_all,11,3,auc_sg2_24,0.6136363636363636,0.6136363636363636,0.0
07d_A_all,11,3,auc_sg2_25,0.610909090909091,0.610909090909091,0.0
07d_A_all,11,4,auc_sg2_24,0.5303030303030303,0.5303030303030303,0.0
07d_A_all,11,4,auc_sg2_25,0.5272727272727273,0.5272727272727273,0.0
07d_A_all,12,0,auc_sg2_24,0.3181818181818182,0.3181818181818182,0.0
07d_A_all,12,0,auc_sg2_25,0.32,0.32,0.0
07d_A_all,12,1,auc_sg2_24,0.6590909090909091,0.6590909090909091,0.0
07d_A_all,12,1,auc_sg2_25,0.6545454545454545,0.6545454545454545,0.0
07d_A_all,12,2,auc_sg2_24,0.5909090909090908,0.5909090909090908,0.0
07d_A_all,12,2,auc_sg2_25,0.5927272727272728,0.5927272727272728,0.0
07d_A_all,12,3,auc_sg2_24,0.5909090909090909,0.5909090909090909,0.0
07d_A_all,12,3,auc_sg2_25,0.589090909090909,0.589090909090909,0.0
07d_A_all,12,4,auc_sg2_24,0.571969696969697,0.571969696969697,0.0
07d_A_all,12,4,auc_sg2_25,0.5709090909090909,0.5709090909090909,0.0
07d_A_all,13,0,auc_sg2_24,0.4886363636363636,0.48863636363636365,5.551115123125783e-17
07d_A_all,13,0,auc_sg2_25,0.48,0.48000000000000004,5.551115123125783e-17
07d_A_all,13,1,auc_sg2_24,0.571969696969697,0.571969696969697,0.0
07d_A_all,13,1,auc_sg2_25,0.5745454545454545,0.5745454545454545,0.0
07d_A_all,13,2,auc_sg2_24,0.7196969696969697,0.7196969696969697,0.0
07d_A_all,13,2,auc_sg2_25,0.7309090909090908,0.7309090909090908,0.0
07d_A_all,13,3,auc_sg2_24,0.5113636363636364,0.5113636363636364,0.0
07d_A_all,13,3,auc_sg2_25,0.5127272727272727,0.5127272727272727,0.0
07d_A_all,13,4,auc_sg2_24,0.4545454545454546,0.4545454545454546,0.0
07d_A_all,13,4,auc_sg2_25,0.4472727272727272,0.44727272727272727,5.551115123125783e-17
07d_A_all,14,0,auc_sg2_24,0.4924242424242425,0.4924242424242425,0.0
07d_A_all,14,0,auc_sg2_25,0.4872727272727273,0.4872727272727273,0.0
07d_A_all,14,1,auc_sg2_24,0.5643939393939394,0.5643939393939394,0.0
07d_A_all,14,1,auc_sg2_25,0.5636363636363636,0.5636363636363636,0.0
07d_A_all,14,2,auc_sg2_24,0.4924242424242424,0.4924242424242424,0.0
07d_A_all,14,2,auc_sg2_25,0.4981818181818182,0.4981818181818182,0.0
07d_A_all,14,3,auc_sg2_24,0.553030303030303,0.553030303030303,0.0
07d_A_all,14,3,auc_sg2_25,0.5563636363636364,0.5563636363636364,0.0
07d_A_all,14,4,auc_sg2_24,0.6212121212121212,0.6212121212121212,0.0
07d_A_all,14,4,auc_sg2_25,0.6290909090909091,0.6290909090909091,0.0
07d_A_all,15,0,auc_sg2_24,0.6553030303030304,0.6553030303030304,0.0
07d_A_all,15,0,auc_sg2_25,0.650909090909091,0.650909090909091,0.0
07d_A_all,15,1,auc_sg2_24,0.7424242424242424,0.7424242424242424,0.0
07d_A_all,15,1,auc_sg2_25,0.7454545454545454,0.7454545454545454,0.0
07d_A_all,15,2,auc_sg2_24,0.4962121212121212,0.4962121212121212,0.0
07d_A_all,15,2,auc_sg2_25,0.4981818181818182,0.4981818181818182,0.0
07d_A_all,15,3,auc_sg2_24,0.5909090909090909,0.5909090909090909,0.0
07d_A_all,15,3,auc_sg2_25,0.5963636363636364,0.5963636363636364,0.0
07d_A_all,15,4,auc_sg2_24,0.4128787878787878,0.41287878787878785,5.551115123125783e-17
07d_A_all,15,4,auc_sg2_25,0.4036363636363635,0.40363636363636357,5.551115123125783e-17
07d_A_all,16,0,auc_sg2_24,0.6893939393939393,0.6893939393939393,0.0
07d_A_all,16,0,auc_sg2_25,0.6909090909090908,0.6909090909090908,0.0
07d_A_all,16,1,auc_sg2_24,0.3143939393939394,0.31439393939393945,5.551115123125783e-17
07d_A_all,16,1,auc_sg2_25,0.3309090909090909,0.33090909090909093,5.551115123125783e-17
07d_A_all,16,2,auc_sg2_24,0.4886363636363637,0.4886363636363637,0.0
07d_A_all,16,2,auc_sg2_25,0.4872727272727272,0.48727272727272725,5.551115123125783e-17
07d_A_all,16,3,auc_sg2_24,0.6401515151515151,0.6401515151515151,0.0
07d_A_all,16,3,auc_sg2_25,0.64,0.64,0.0
07d_A_all,16,4,auc_sg2_24,0.5037878787878788,0.5037878787878788,0.0
07d_A_all,16,4,auc_sg2_25,0.5018181818181818,0.5018181818181818,0.0
07d_A_all,17,0,auc_sg2_24,0.5681818181818182,0.5681818181818182,0.0
07d_A_all,17,0,auc_sg2_25,0.5672727272727273,0.5672727272727273,0.0
07d_A_all,17,1,auc_sg2_24,0.6477272727272728,0.6477272727272728,0.0
07d_A_all,17,1,auc_sg2_25,0.6509090909090909,0.6509090909090909,0.0
07d_A_all,17,2,auc_sg2_24,0.4810606060606061,0.4810606060606061,0.0
07d_A_all,17,2,auc_sg2_25,0.4763636363636364,0.4763636363636364,0.0
07d_A_all,17,3,auc_sg2_24,0.662878787878788,0.662878787878788,0.0
07d_A_all,17,3,auc_sg2_25,0.6654545454545455,0.6654545454545455,0.0
07d_A_all,17,4,auc_sg2_24,0.5227272727272727,0.5227272727272727,0.0
07d_A_all,17,4,auc_sg2_25,0.5236363636363637,0.5236363636363637,0.0
07d_A_all,18,0,auc_sg2_24,0.4431818181818182,0.4431818181818182,0.0
07d_A_all,18,0,auc_sg2_25,0.44,0.44,0.0
07d_A_all,18,1,auc_sg2_24,0.6439393939393939,0.6439393939393939,0.0
07d_A_all,18,1,auc_sg2_25,0.6472727272727273,0.6472727272727273,0.0
07d_A_all,18,2,auc_sg2_24,0.5113636363636365,0.5113636363636365,0.0
07d_A_all,18,2,auc_sg2_25,0.509090909090909,0.509090909090909,0.0
07d_A_all,18,3,auc_sg2_24,0.6666666666666666,0.6666666666666666,0.0
07d_A_all,18,3,auc_sg2_25,0.6727272727272727,0.6727272727272727,0.0
07d_A_all,18,4,auc_sg2_24,0.3787878787878788,0.3787878787878788,0.0
07d_A_all,18,4,auc_sg2_25,0.3745454545454545,0.3745454545454545,0.0
07d_A_all,19,0,auc_sg2_24,0.4318181818181819,0.4318181818181819,0.0
07d_A_all,19,0,auc_sg2_25,0.4145454545454546,0.4145454545454546,0.0
07d_A_all,19,1,auc_sg2_24,0.7234848484848485,0.7234848484848485,0.0
07d_A_all,19,1,auc_sg2_25,0.7236363636363636,0.7236363636363636,0.0
07d_A_all,19,2,auc_sg2_24,0.4128787878787879,0.4128787878787879,0.0
07d_A_all,19,2,auc_sg2_25,0.4145454545454546,0.4145454545454546,0.0
07d_A_all,19,3,auc_sg2_24,0.6439393939393939,0.6439393939393939,0.0
07d_A_all,19,3,auc_sg2_25,0.6472727272727272,0.6472727272727272,0.0
07d_A_all,19,4,auc_sg2_24,0.5227272727272727,0.5227272727272727,0.0
07d_A_all,19,4,auc_sg2_25,0.5236363636363637,0.5236363636363637,0.0
07d_B_all,0,0,auc_sg2_24,0.5340909090909091,0.5340909090909091,0.0
07d_B_all,0,0,auc_sg2_25,0.5454545454545454,0.5454545454545454,0.0
07d_B_all,0,1,auc_sg2_24,0.6439393939393939,0.6439393939393939,0.0
07d_B_all,0,1,auc_sg2_25,0.6581818181818182,0.6581818181818182,0.0
07d_B_all,0,2,auc_sg2_24,0.5984848484848485,0.5984848484848485,0.0
07d_B_all,0,2,auc_sg2_25,0.6145454545454545,0.6145454545454545,0.0
07d_B_all,0,3,auc_sg2_24,0.5041666666666667,0.5041666666666667,0.0
07d_B_all,0,3,auc_sg2_25,0.52,0.52,0.0
07d_B_all,0,4,auc_sg2_24,0.5451388888888888,0.5451388888888888,0.0
07d_B_all,0,4,auc_sg2_25,0.5566666666666666,0.5566666666666666,0.0
07d_B_all,1,0,auc_sg2_24,0.6893939393939394,0.6893939393939394,0.0
07d_B_all,1,0,auc_sg2_25,0.7018181818181818,0.7018181818181818,0.0
07d_B_all,1,1,auc_sg2_24,0.6325757575757576,0.6325757575757576,0.0
07d_B_all,1,1,auc_sg2_25,0.6436363636363637,0.6436363636363637,0.0
07d_B_all,1,2,auc_sg2_24,0.6022727272727273,0.6022727272727273,0.0
07d_B_all,1,2,auc_sg2_25,0.6072727272727272,0.6072727272727272,0.0
07d_B_all,1,3,auc_sg2_24,0.5113636363636364,0.5113636363636364,0.0
07d_B_all,1,3,auc_sg2_25,0.5236363636363637,0.5236363636363637,0.0
07d_B_all,1,4,auc_sg2_24,0.5833333333333333,0.5833333333333333,0.0
07d_B_all,1,4,auc_sg2_25,0.5890909090909091,0.5890909090909091,0.0
07d_B_all,2,0,auc_sg2_24,0.5265151515151515,0.5265151515151515,0.0
07d_B_all,2,0,auc_sg2_25,0.5454545454545455,0.5454545454545455,0.0
07d_B_all,2,1,auc_sg2_24,0.606060606060606,0.606060606060606,0.0
07d_B_all,2,1,auc_sg2_25,0.6181818181818182,0.6181818181818182,0.0
07d_B_all,2,2,auc_sg2_24,0.6287878787878788,0.6287878787878788,0.0
07d_B_all,2,2,auc_sg2_25,0.6436363636363636,0.6436363636363636,0.0
07d_B_all,2,3,auc_sg2_24,0.4874999999999999,0.48749999999999993,5.551115123125783e-17
07d_B_all,2,3,auc_sg2_25,0.508,0.508,0.0
07d_B_all,2,4,auc_sg2_24,0.5590277777777778,0.5590277777777778,0.0
07d_B_all,2,4,auc_sg2_25,0.5700000000000001,0.5700000000000001,0.0
07d_B_all,3,0,auc_sg2_24,0.537878787878788,0.537878787878788,0.0
07d_B_all,3,0,auc_sg2_25,0.5490909090909091,0.5490909090909091,0.0
07d_B_all,3,1,auc_sg2_24,0.6212121212121212,0.6212121212121212,0.0
07d_B_all,3,1,auc_sg2_25,0.6327272727272727,0.6327272727272727,0.0
07d_B_all,3,2,auc_sg2_24,0.6742424242424242,0.6742424242424242,0.0
07d_B_all,3,2,auc_sg2_25,0.6872727272727273,0.6872727272727273,0.0
07d_B_all,3,3,auc_sg2_24,0.6098484848484849,0.6098484848484849,0.0
07d_B_all,3,3,auc_sg2_25,0.6218181818181818,0.6218181818181818,0.0
07d_B_all,3,4,auc_sg2_24,0.6325757575757576,0.6325757575757576,0.0
07d_B_all,3,4,auc_sg2_25,0.6472727272727272,0.6472727272727272,0.0
07d_B_all,4,0,auc_sg2_24,0.4431818181818182,0.44318181818181823,5.551115123125783e-17
07d_B_all,4,0,auc_sg2_25,0.4509090909090908,0.45090909090909087,5.551115123125783e-17
07d_B_all,4,1,auc_sg2_24,0.7007575757575757,0.7007575757575757,0.0
07d_B_all,4,1,auc_sg2_25,0.7127272727272728,0.7127272727272728,0.0
07d_B_all,4,2,auc_sg2_24,0.7083333333333333,0.7083333333333333,0.0
07d_B_all,4,2,auc_sg2_25,0.72,0.72,0.0
07d_B_all,4,3,auc_sg2_24,0.5719696969696969,0.5719696969696969,0.0
07d_B_all,4,3,auc_sg2_25,0.5745454545454546,0.5745454545454546,0.0
07d_B_all,4,4,auc_sg2_24,0.6969696969696969,0.6969696969696969,0.0
07d_B_all,4,4,auc_sg2_25,0.7018181818181818,0.7018181818181818,0.0
07d_B_all,5,0,auc_sg2_24,0.5643939393939394,0.5643939393939394,0.0
07d_B_all,5,0,auc_sg2_25,0.5781818181818181,0.5781818181818181,0.0
07d_B_all,5,1,auc_sg2_24,0.5227272727272727,0.5227272727272727,0.0
07d_B_all,5,1,auc_sg2_25,0.5345454545454547,0.5345454545454547,0.0
07d_B_all,5,2,auc_sg2_24,0.537878787878788,0.537878787878788,0.0
07d_B_all,5,2,auc_sg2_25,0.5490909090909091,0.5490909090909091,0.0
07d_B_all,5,3,auc_sg2_24,0.6287878787878788,0.6287878787878788,0.0
07d_B_all,5,3,auc_sg2_25,0.6436363636363637,0.6436363636363637,0.0
07d_B_all,5,4,auc_sg2_24,0.5454545454545454,0.5454545454545454,0.0
07d_B_all,5,4,auc_sg2_25,0.5636363636363637,0.5636363636363637,0.0
07d_B_all,6,0,auc_sg2_24,0.4545454545454546,0.4545454545454546,0.0
07d_B_all,6,0,auc_sg2_25,0.4618181818181818,0.46181818181818185,5.551115123125783e-17
07d_B_all,6,1,auc_sg2_24,0.5492424242424243,0.5492424242424243,0.0
07d_B_all,6,1,auc_sg2_25,0.5636363636363637,0.5636363636363637,0.0
07d_B_all,6,2,auc_sg2_24,0.5189393939393939,0.5189393939393939,0.0
07d_B_all,6,2,auc_sg2_25,0.5272727272727272,0.5272727272727272,0.0
07d_B_all,6,3,auc_sg2_24,0.5530303030303031,0.5530303030303031,0.0
07d_B_all,6,3,auc_sg2_25,0.5709090909090909,0.5709090909090909,0.0
07d_B_all,6,4,auc_sg2_24,0.6439393939393939,0.6439393939393939,0.0
07d_B_all,6,4,auc_sg2_25,0.6472727272727272,0.6472727272727272,0.0
07d_B_all,7,0,auc_sg2_24,0.5833333333333334,0.5833333333333334,0.0
07d_B_all,7,0,auc_sg2_25,0.5927272727272728,0.5927272727272728,0.0
07d_B_all,7,1,auc_sg2_24,0.7159090909090909,0.7159090909090909,0.0
07d_B_all,7,1,auc_sg2_25,0.7272727272727274,0.7272727272727274,0.0
07d_B_all,7,2,auc_sg2_24,0.4848484848484848,0.48484848484848486,5.551115123125783e-17
07d_B_all,7,2,auc_sg2_25,0.5018181818181818,0.5018181818181818,0.0
07d_B_all,7,3,auc_sg2_24,0.5340909090909091,0.5340909090909091,0.0
07d_B_all,7,3,auc_sg2_25,0.5527272727272727,0.5527272727272727,0.0
07d_B_all,7,4,auc_sg2_24,0.5,0.5,0.0
07d_B_all,7,4,auc_sg2_25,0.5054545454545455,0.5054545454545455,0.0
07d_B_all,8,0,auc_sg2_24,0.4886363636363636,0.48863636363636365,5.551115123125783e-17
07d_B_all,8,0,auc_sg2_25,0.4981818181818181,0.49818181818181817,5.551115123125783e-17
07d_B_all,8,1,auc_sg2_24,0.5568181818181819,0.5568181818181819,0.0
07d_B_all,8,1,auc_sg2_25,0.5745454545454545,0.5745454545454545,0.0
07d_B_all,8,2,auc_sg2_24,0.7159090909090909,0.7159090909090909,0.0
07d_B_all,8,2,auc_sg2_25,0.7272727272727273,0.7272727272727273,0.0
07d_B_all,8,3,auc_sg2_24,0.5681818181818181,0.5681818181818181,0.0
07d_B_all,8,3,auc_sg2_25,0.5818181818181818,0.5818181818181818,0.0
07d_B_all,8,4,auc_sg2_24,0.4962121212121212,0.4962121212121212,0.0
07d_B_all,8,4,auc_sg2_25,0.5018181818181817,0.5018181818181817,0.0
07d_B_all,9,0,auc_sg2_24,0.6893939393939394,0.6893939393939394,0.0
07d_B_all,9,0,auc_sg2_25,0.7018181818181817,0.7018181818181817,0.0
07d_B_all,9,1,auc_sg2_24,0.5681818181818181,0.5681818181818181,0.0
07d_B_all,9,1,auc_sg2_25,0.5781818181818181,0.5781818181818181,0.0
07d_B_all,9,2,auc_sg2_24,0.5643939393939394,0.5643939393939394,0.0
07d_B_all,9,2,auc_sg2_25,0.5818181818181818,0.5818181818181818,0.0
07d_B_all,9,3,auc_sg2_24,0.6439393939393939,0.6439393939393939,0.0
07d_B_all,9,3,auc_sg2_25,0.6581818181818182,0.6581818181818182,0.0
07d_B_all,9,4,auc_sg2_24,0.4621212121212121,0.46212121212121215,5.551115123125783e-17
07d_B_all,9,4,auc_sg2_25,0.469090909090909,0.46909090909090906,5.551115123125783e-17
07d_B_all,10,0,auc_sg2_24,0.6401515151515151,0.6401515151515151,0.0
07d_B_all,10,0,auc_sg2_25,0.6545454545454545,0.6545454545454545,0.0
07d_B_all,10,1,auc_sg2_24,0.7196969696969697,0.7196969696969697,0.0
07d_B_all,10,1,auc_sg2_25,0.7272727272727274,0.7272727272727274,0.0
07d_B_all,10,2,auc_sg2_24,0.4810606060606061,0.4810606060606061,0.0
07d_B_all,10,2,auc_sg2_25,0.4872727272727273,0.4872727272727273,0.0
07d_B_all,10,3,auc_sg2_24,0.5681818181818181,0.5681818181818181,0.0
07d_B_all,10,3,auc_sg2_25,0.5854545454545454,0.5854545454545454,0.0
07d_B_all,10,4,auc_sg2_24,0.5833333333333334,0.5833333333333334,0.0
07d_B_all,10,4,auc_sg2_25,0.6000000000000001,0.6000000000000001,0.0
07d_B_all,11,0,auc_sg2_24,0.6136363636363636,0.6136363636363636,0.0
07d_B_all,11,0,auc_sg2_25,0.629090909090909,0.629090909090909,0.0
07d_B_all,11,1,auc_sg2_24,0.6401515151515151,0.6401515151515151,0.0
07d_B_all,11,1,auc_sg2_25,0.6545454545454545,0.6545454545454545,0.0
07d_B_all,11,2,auc_sg2_24,0.5681818181818181,0.5681818181818181,0.0
07d_B_all,11,2,auc_sg2_25,0.5745454545454545,0.5745454545454545,0.0
07d_B_all,11,3,auc_sg2_24,0.6060606060606062,0.6060606060606062,0.0
07d_B_all,11,3,auc_sg2_25,0.6218181818181818,0.6218181818181818,0.0
07d_B_all,11,4,auc_sg2_24,0.6212121212121212,0.6212121212121212,0.0
07d_B_all,11,4,auc_sg2_25,0.629090909090909,0.629090909090909,0.0
07d_B_all,12,0,auc_sg2_24,0.5075757575757576,0.5075757575757576,0.0
07d_B_all,12,0,auc_sg2_25,0.5236363636363637,0.5236363636363637,0.0
07d_B_all,12,1,auc_sg2_24,0.5606060606060606,0.5606060606060606,0.0
07d_B_all,12,1,auc_sg2_25,0.5672727272727273,0.5672727272727273,0.0
07d_B_all,12,2,auc_sg2_24,0.7045454545454546,0.7045454545454546,0.0
07d_B_all,12,2,auc_sg2_25,0.7163636363636364,0.7163636363636364,0.0
07d_B_all,12,3,auc_sg2_24,0.625,0.625,0.0
07d_B_all,12,3,auc_sg2_25,0.64,0.64,0.0
07d_B_all,12,4,auc_sg2_24,0.6287878787878788,0.6287878787878788,0.0
07d_B_all,12,4,auc_sg2_25,0.6436363636363637,0.6436363636363637,0.0
07d_B_all,13,0,auc_sg2_24,0.7310606060606061,0.7310606060606061,0.0
07d_B_all,13,0,auc_sg2_25,0.7418181818181818,0.7418181818181818,0.0
07d_B_all,13,1,auc_sg2_24,0.6098484848484849,0.6098484848484849,0.0
07d_B_all,13,1,auc_sg2_25,0.6254545454545455,0.6254545454545455,0.0
07d_B_all,13,2,auc_sg2_24,0.6893939393939394,0.6893939393939394,0.0
07d_B_all,13,2,auc_sg2_25,0.7018181818181818,0.7018181818181818,0.0
07d_B_all,13,3,auc_sg2_24,0.6553030303030303,0.6553030303030303,0.0
07d_B_all,13,3,auc_sg2_25,0.6690909090909092,0.6690909090909092,0.0
07d_B_all,13,4,auc_sg2_24,0.5416666666666666,0.5416666666666666,0.0
07d_B_all,13,4,auc_sg2_25,0.56,0.56,0.0
07d_B_all,14,0,auc_sg2_24,0.5303030303030303,0.5303030303030303,0.0
07d_B_all,14,0,auc_sg2_25,0.5381818181818181,0.5381818181818181,0.0
07d_B_all,14,1,auc_sg2_24,0.5568181818181819,0.5568181818181819,0.0
07d_B_all,14,1,auc_sg2_25,0.5636363636363636,0.5636363636363636,0.0
07d_B_all,14,2,auc_sg2_24,0.5606060606060607,0.5606060606060607,0.0
07d_B_all,14,2,auc_sg2_25,0.5781818181818181,0.5781818181818181,0.0
07d_B_all,14,3,auc_sg2_24,0.5833333333333334,0.5833333333333334,0.0
07d_B_all,14,3,auc_sg2_25,0.6,0.6,0.0
07d_B_all,14,4,auc_sg2_24,0.6969696969696969,0.6969696969696969,0.0
07d_B_all,14,4,auc_sg2_25,0.7018181818181818,0.7018181818181818,0.0
07d_B_all,15,0,auc_sg2_24,0.6590909090909091,0.6590909090909091,0.0
07d_B_all,15,0,auc_sg2_25,0.6727272727272727,0.6727272727272727,0.0
07d_B_all,15,1,auc_sg2_24,0.5946969696969697,0.5946969696969697,0.0
07d_B_all,15,1,auc_sg2_25,0.6072727272727273,0.6072727272727273,0.0
07d_B_all,15,2,auc_sg2_24,0.6022727272727273,0.6022727272727273,0.0
07d_B_all,15,2,auc_sg2_25,0.6181818181818182,0.6181818181818182,0.0
07d_B_all,15,3,auc_sg2_24,0.6174242424242424,0.6174242424242424,0.0
07d_B_all,15,3,auc_sg2_25,0.6254545454545454,0.6254545454545454,0.0
07d_B_all,15,4,auc_sg2_24,0.5795454545454546,0.5795454545454546,0.0
07d_B_all,15,4,auc_sg2_25,0.5963636363636363,0.5963636363636363,0.0
07d_B_all,16,0,auc_sg2_24,0.6287878787878788,0.6287878787878788,0.0
07d_B_all,16,0,auc_sg2_25,0.6363636363636364,0.6363636363636364,0.0
07d_B_all,16,1,auc_sg2_24,0.7689393939393939,0.7689393939393939,0.0
07d_B_all,16,1,auc_sg2_25,0.7781818181818182,0.7781818181818182,0.0
07d_B_all,16,2,auc_sg2_24,0.5227272727272727,0.5227272727272727,0.0
07d_B_all,16,2,auc_sg2_25,0.5345454545454545,0.5345454545454545,0.0
07d_B_all,16,3,auc_sg2_24,0.5871212121212122,0.5871212121212122,0.0
07d_B_all,16,3,auc_sg2_25,0.5963636363636364,0.5963636363636364,0.0
07d_B_all,16,4,auc_sg2_24,0.6325757575757576,0.6325757575757576,0.0
07d_B_all,16,4,auc_sg2_25,0.6472727272727272,0.6472727272727272,0.0
07d_B_all,17,0,auc_sg2_24,0.4886363636363636,0.48863636363636365,5.551115123125783e-17
07d_B_all,17,0,auc_sg2_25,0.4909090909090909,0.4909090909090909,0.0
07d_B_all,17,1,auc_sg2_24,0.7234848484848485,0.7234848484848485,0.0
07d_B_all,17,1,auc_sg2_25,0.7345454545454545,0.7345454545454545,0.0
07d_B_all,17,2,auc_sg2_24,0.553030303030303,0.553030303030303,0.0
07d_B_all,17,2,auc_sg2_25,0.5709090909090908,0.5709090909090908,0.0
07d_B_all,17,3,auc_sg2_24,0.6212121212121212,0.6212121212121212,0.0
07d_B_all,17,3,auc_sg2_25,0.6254545454545454,0.6254545454545454,0.0
07d_B_all,17,4,auc_sg2_24,0.4886363636363636,0.48863636363636365,5.551115123125783e-17
07d_B_all,17,4,auc_sg2_25,0.509090909090909,0.509090909090909,0.0
07d_B_all,18,0,auc_sg2_24,0.6742424242424242,0.6742424242424242,0.0
07d_B_all,18,0,auc_sg2_25,0.6836363636363637,0.6836363636363637,0.0
07d_B_all,18,1,auc_sg2_24,0.5037878787878788,0.5037878787878788,0.0
07d_B_all,18,1,auc_sg2_25,0.5163636363636364,0.5163636363636364,0.0
07d_B_all,18,2,auc_sg2_24,0.5719696969696969,0.5719696969696969,0.0
07d_B_all,18,2,auc_sg2_25,0.589090909090909,0.589090909090909,0.0
07d_B_all,18,3,auc_sg2_24,0.4810606060606061,0.4810606060606061,0.0
07d_B_all,18,3,auc_sg2_25,0.4981818181818181,0.49818181818181817,5.551115123125783e-17
07d_B_all,18,4,auc_sg2_24,0.5984848484848485,0.5984848484848485,0.0
07d_B_all,18,4,auc_sg2_25,0.6145454545454545,0.6145454545454545,0.0
07d_B_all,19,0,auc_sg2_24,0.4848484848484848,0.48484848484848486,5.551115123125783e-17
07d_B_all,19,0,auc_sg2_25,0.4945454545454545,0.49454545454545457,5.551115123125783e-17
07d_B_all,19,1,auc_sg2_24,0.5113636363636364,0.5113636363636364,0.0
07d_B_all,19,1,auc_sg2_25,0.5309090909090909,0.5309090909090909,0.0
07d_B_all,19,2,auc_sg2_24,0.571969696969697,0.571969696969697,0.0
07d_B_all,19,2,auc_sg2_25,0.5890909090909091,0.5890909090909091,0.0
07d_B_all,19,3,auc_sg2_24,0.6439393939393939,0.6439393939393939,0.0
07d_B_all,19,3,auc_sg2_25,0.6581818181818182,0.6581818181818182,0.0
07d_B_all,19,4,auc_sg2_24,0.6590909090909091,0.6590909090909091,0.0
07d_B_all,19,4,auc_sg2_25,0.6618181818181819,0.6618181818181819,0.0
07d_B_open,0,0,auc_sg2_24,0.571969696969697,0.571969696969697,0.0
07d_B_open,0,0,auc_sg2_25,0.5818181818181818,0.5818181818181818,0.0
07d_B_open,0,1,auc_sg2_24,0.6174242424242424,0.6174242424242424,0.0
07d_B_open,0,1,auc_sg2_25,0.6218181818181818,0.6218181818181818,0.0
07d_B_open,0,2,auc_sg2_24,0.6174242424242424,0.6174242424242424,0.0
07d_B_open,0,2,auc_sg2_25,0.629090909090909,0.629090909090909,0.0
07d_B_open,0,3,auc_sg2_24,0.4291666666666667,0.4291666666666667,0.0
07d_B_open,0,3,auc_sg2_25,0.436,0.43600000000000005,5.551115123125783e-17
07d_B_open,0,4,auc_sg2_24,0.5277777777777777,0.5277777777777777,0.0
07d_B_open,0,4,auc_sg2_25,0.5433333333333333,0.5433333333333333,0.0
07d_B_open,1,0,auc_sg2_24,0.6590909090909091,0.6590909090909091,0.0
07d_B_open,1,0,auc_sg2_25,0.6654545454545455,0.6654545454545455,0.0
07d_B_open,1,1,auc_sg2_24,0.5871212121212122,0.5871212121212122,0.0
07d_B_open,1,1,auc_sg2_25,0.5818181818181818,0.5818181818181818,0.0
07d_B_open,1,2,auc_sg2_24,0.6553030303030303,0.6553030303030303,0.0
07d_B_open,1,2,auc_sg2_25,0.6509090909090909,0.6509090909090909,0.0
07d_B_open,1,3,auc_sg2_24,0.4507575757575758,0.4507575757575758,0.0
07d_B_open,1,3,auc_sg2_25,0.4690909090909091,0.4690909090909091,0.0
07d_B_open,1,4,auc_sg2_24,0.4810606060606061,0.4810606060606061,0.0
07d_B_open,1,4,auc_sg2_25,0.48,0.48,0.0
07d_B_open,2,0,auc_sg2_24,0.6287878787878788,0.6287878787878788,0.0
07d_B_open,2,0,auc_sg2_25,0.6327272727272728,0.6327272727272728,0.0
07d_B_open,2,1,auc_sg2_24,0.6439393939393939,0.6439393939393939,0.0
07d_B_open,2,1,auc_sg2_25,0.6545454545454545,0.6545454545454545,0.0
07d_B_open,2,2,auc_sg2_24,0.6022727272727273,0.6022727272727273,0.0
07d_B_open,2,2,auc_sg2_25,0.6181818181818182,0.6181818181818182,0.0
07d_B_open,2,3,auc_sg2_24,0.4583333333333333,0.45833333333333337,5.551115123125783e-17
07d_B_open,2,3,auc_sg2_25,0.48,0.48,0.0
07d_B_open,2,4,auc_sg2_24,0.4340277777777778,0.4340277777777778,0.0
07d_B_open,2,4,auc_sg2_25,0.4366666666666666,0.43666666666666665,5.551115123125783e-17
07d_B_open,3,0,auc_sg2_24,0.5795454545454546,0.5795454545454546,0.0
07d_B_open,3,0,auc_sg2_25,0.5818181818181818,0.5818181818181818,0.0
07d_B_open,3,1,auc_sg2_24,0.5492424242424243,0.5492424242424243,0.0
07d_B_open,3,1,auc_sg2_25,0.56,0.56,0.0
07d_B_open,3,2,auc_sg2_24,0.7159090909090909,0.7159090909090909,0.0
07d_B_open,3,2,auc_sg2_25,0.7272727272727273,0.7272727272727273,0.0
07d_B_open,3,3,auc_sg2_24,0.6174242424242424,0.6174242424242424,0.0
07d_B_open,3,3,auc_sg2_25,0.6290909090909091,0.6290909090909091,0.0
07d_B_open,3,4,auc_sg2_24,0.4696969696969696,0.46969696969696967,5.551115123125783e-17
07d_B_open,3,4,auc_sg2_25,0.4872727272727272,0.48727272727272725,5.551115123125783e-17
07d_B_open,4,0,auc_sg2_24,0.462121212121212,0.46212121212121204,5.551115123125783e-17
07d_B_open,4,0,auc_sg2_25,0.4654545454545454,0.46545454545454545,5.551115123125783e-17
07d_B_open,4,1,auc_sg2_24,0.6022727272727273,0.6022727272727273,0.0
07d_B_open,4,1,auc_sg2_25,0.6181818181818182,0.6181818181818182,0.0
07d_B_open,4,2,auc_sg2_24,0.7727272727272727,0.7727272727272727,0.0
07d_B_open,4,2,auc_sg2_25,0.7818181818181819,0.7818181818181819,0.0
07d_B_open,4,3,auc_sg2_24,0.5681818181818181,0.5681818181818181,0.0
07d_B_open,4,3,auc_sg2_25,0.5709090909090909,0.5709090909090909,0.0
07d_B_open,4,4,auc_sg2_24,0.5833333333333333,0.5833333333333333,0.0
07d_B_open,4,4,auc_sg2_25,0.5963636363636363,0.5963636363636363,0.0
07d_B_open,5,0,auc_sg2_24,0.6212121212121212,0.6212121212121212,0.0
07d_B_open,5,0,auc_sg2_25,0.6363636363636364,0.6363636363636364,0.0
07d_B_open,5,1,auc_sg2_24,0.5643939393939393,0.5643939393939393,0.0
07d_B_open,5,1,auc_sg2_25,0.5818181818181818,0.5818181818181818,0.0
07d_B_open,5,2,auc_sg2_24,0.5265151515151516,0.5265151515151516,0.0
07d_B_open,5,2,auc_sg2_25,0.5381818181818182,0.5381818181818182,0.0
07d_B_open,5,3,auc_sg2_24,0.3560606060606061,0.3560606060606061,0.0
07d_B_open,5,3,auc_sg2_25,0.3818181818181818,0.38181818181818183,5.551115123125783e-17
07d_B_open,5,4,auc_sg2_24,0.6136363636363636,0.6136363636363636,0.0
07d_B_open,5,4,auc_sg2_25,0.6254545454545455,0.6254545454545455,0.0
07d_B_open,6,0,auc_sg2_24,0.5037878787878788,0.5037878787878788,0.0
07d_B_open,6,0,auc_sg2_25,0.5018181818181818,0.5018181818181818,0.0
07d_B_open,6,1,auc_sg2_24,0.5606060606060606,0.5606060606060606,0.0
07d_B_open,6,1,auc_sg2_25,0.5745454545454546,0.5745454545454546,0.0
07d_B_open,6,2,auc_sg2_24,0.5189393939393939,0.5189393939393939,0.0
07d_B_open,6,2,auc_sg2_25,0.52,0.52,0.0
07d_B_open,6,3,auc_sg2_24,0.4545454545454546,0.4545454545454546,0.0
07d_B_open,6,3,auc_sg2_25,0.4654545454545455,0.4654545454545455,0.0
07d_B_open,6,4,auc_sg2_24,0.3901515151515151,0.39015151515151514,5.551115123125783e-17
07d_B_open,6,4,auc_sg2_25,0.389090909090909,0.38909090909090904,5.551115123125783e-17
07d_B_open,7,0,auc_sg2_24,0.5795454545454546,0.5795454545454546,0.0
07d_B_open,7,0,auc_sg2_25,0.5854545454545454,0.5854545454545454,0.0
07d_B_open,7,1,auc_sg2_24,0.6893939393939393,0.6893939393939393,0.0
07d_B_open,7,1,auc_sg2_25,0.6981818181818182,0.6981818181818182,0.0
07d_B_open,7,2,auc_sg2_24,0.4242424242424243,0.4242424242424243,0.0
07d_B_open,7,2,auc_sg2_25,0.4254545454545454,0.4254545454545454,0.0
07d_B_open,7,3,auc_sg2_24,0.6363636363636365,0.6363636363636365,0.0
07d_B_open,7,3,auc_sg2_25,0.650909090909091,0.650909090909091,0.0
07d_B_open,7,4,auc_sg2_24,0.4924242424242424,0.49242424242424243,5.551115123125783e-17
07d_B_open,7,4,auc_sg2_25,0.509090909090909,0.509090909090909,0.0
07d_B_open,8,0,auc_sg2_24,0.5757575757575758,0.5757575757575758,0.0
07d_B_open,8,0,auc_sg2_25,0.5745454545454546,0.5745454545454546,0.0
07d_B_open,8,1,auc_sg2_24,0.428030303030303,0.42803030303030304,5.551115123125783e-17
07d_B_open,8,1,auc_sg2_25,0.4509090909090908,0.45090909090909087,5.551115123125783e-17
07d_B_open,8,2,auc_sg2_24,0.6515151515151515,0.6515151515151515,0.0
07d_B_open,8,2,auc_sg2_25,0.6654545454545455,0.6654545454545455,0.0
07d_B_open,8,3,auc_sg2_24,0.4507575757575758,0.4507575757575758,0.0
07d_B_open,8,3,auc_sg2_25,0.4581818181818182,0.4581818181818182,0.0
07d_B_open,8,4,auc_sg2_24,0.4621212121212121,0.46212121212121215,5.551115123125783e-17
07d_B_open,8,4,auc_sg2_25,0.4690909090909091,0.4690909090909091,0.0
07d_B_open,9,0,auc_sg2_24,0.5416666666666667,0.5416666666666667,0.0
07d_B_open,9,0,auc_sg2_25,0.5563636363636363,0.5563636363636363,0.0
07d_B_open,9,1,auc_sg2_24,0.4696969696969696,0.46969696969696967,5.551115123125783e-17
07d_B_open,9,1,auc_sg2_25,0.4618181818181818,0.4618181818181818,0.0
07d_B_open,9,2,auc_sg2_24,0.5227272727272727,0.5227272727272727,0.0
07d_B_open,9,2,auc_sg2_25,0.5381818181818181,0.5381818181818181,0.0
07d_B_open,9,3,auc_sg2_24,0.5265151515151515,0.5265151515151515,0.0
07d_B_open,9,3,auc_sg2_25,0.5418181818181819,0.5418181818181819,0.0
07d_B_open,9,4,auc_sg2_24,0.6325757575757576,0.6325757575757576,0.0
07d_B_open,9,4,auc_sg2_25,0.6472727272727273,0.6472727272727273,0.0
07d_B_open,10,0,auc_sg2_24,0.5303030303030303,0.5303030303030303,0.0
07d_B_open,10,0,auc_sg2_25,0.5345454545454544,0.5345454545454544,0.0
07d_B_open,10,1,auc_sg2_24,0.5643939393939394,0.5643939393939394,0.0
07d_B_open,10,1,auc_sg2_25,0.5745454545454546,0.5745454545454546,0.0
07d_B_open,10,2,auc_sg2_24,0.5833333333333333,0.5833333333333333,0.0
07d_B_open,10,2,auc_sg2_25,0.5963636363636364,0.5963636363636364,0.0
07d_B_open,10,3,auc_sg2_24,0.5454545454545454,0.5454545454545454,0.0
07d_B_open,10,3,auc_sg2_25,0.5636363636363636,0.5636363636363636,0.0
07d_B_open,10,4,auc_sg2_24,0.5492424242424242,0.5492424242424242,0.0
07d_B_open,10,4,auc_sg2_25,0.5672727272727273,0.5672727272727273,0.0
07d_B_open,11,0,auc_sg2_24,0.4886363636363636,0.48863636363636365,5.551115123125783e-17
07d_B_open,11,0,auc_sg2_25,0.4981818181818181,0.49818181818181817,5.551115123125783e-17
07d_B_open,11,1,auc_sg2_24,0.4734848484848485,0.4734848484848485,0.0
07d_B_open,11,1,auc_sg2_25,0.4836363636363636,0.48363636363636364,5.551115123125783e-17
07d_B_open,11,2,auc_sg2_24,0.6666666666666666,0.6666666666666666,0.0
07d_B_open,11,2,auc_sg2_25,0.6799999999999999,0.6799999999999999,0.0
07d_B_open,11,3,auc_sg2_24,0.5454545454545454,0.5454545454545454,0.0
07d_B_open,11,3,auc_sg2_25,0.5563636363636364,0.5563636363636364,0.0
07d_B_open,11,4,auc_sg2_24,0.4810606060606061,0.4810606060606061,0.0
07d_B_open,11,4,auc_sg2_25,0.4909090909090909,0.4909090909090909,0.0
07d_B_open,12,0,auc_sg2_24,0.6515151515151516,0.6515151515151516,0.0
07d_B_open,12,0,auc_sg2_25,0.6581818181818182,0.6581818181818182,0.0
07d_B_open,12,1,auc_sg2_24,0.4810606060606061,0.4810606060606061,0.0
07d_B_open,12,1,auc_sg2_25,0.4945454545454545,0.49454545454545457,5.551115123125783e-17
07d_B_open,12,2,auc_sg2_24,0.6666666666666667,0.6666666666666667,0.0
07d_B_open,12,2,auc_sg2_25,0.6799999999999999,0.6799999999999999,0.0
07d_B_open,12,3,auc_sg2_24,0.4886363636363636,0.48863636363636365,5.551115123125783e-17
07d_B_open,12,3,auc_sg2_25,0.509090909090909,0.509090909090909,0.0
07d_B_open,12,4,auc_sg2_24,0.625,0.625,0.0
07d_B_open,12,4,auc_sg2_25,0.6399999999999999,0.6399999999999999,0.0
07d_B_open,13,0,auc_sg2_24,0.4696969696969696,0.46969696969696967,5.551115123125783e-17
07d_B_open,13,0,auc_sg2_25,0.4872727272727273,0.4872727272727273,0.0
07d_B_open,13,1,auc_sg2_24,0.5984848484848485,0.5984848484848485,0.0
07d_B_open,13,1,auc_sg2_25,0.6145454545454545,0.6145454545454545,0.0
07d_B_open,13,2,auc_sg2_24,0.7045454545454545,0.7045454545454545,0.0
07d_B_open,13,2,auc_sg2_25,0.7163636363636363,0.7163636363636363,0.0
07d_B_open,13,3,auc_sg2_24,0.625,0.625,0.0
07d_B_open,13,3,auc_sg2_25,0.64,0.64,0.0
07d_B_open,13,4,auc_sg2_24,0.4810606060606061,0.4810606060606061,0.0
07d_B_open,13,4,auc_sg2_25,0.4981818181818181,0.49818181818181817,5.551115123125783e-17
07d_B_open,14,0,auc_sg2_24,0.5303030303030303,0.5303030303030303,0.0
07d_B_open,14,0,auc_sg2_25,0.5418181818181819,0.5418181818181819,0.0
07d_B_open,14,1,auc_sg2_24,0.5340909090909092,0.5340909090909092,0.0
07d_B_open,14,1,auc_sg2_25,0.5418181818181819,0.5418181818181819,0.0
07d_B_open,14,2,auc_sg2_24,0.6515151515151515,0.6515151515151515,0.0
07d_B_open,14,2,auc_sg2_25,0.6618181818181819,0.6618181818181819,0.0
07d_B_open,14,3,auc_sg2_24,0.7121212121212122,0.7121212121212122,0.0
07d_B_open,14,3,auc_sg2_25,0.7236363636363635,0.7236363636363635,0.0
07d_B_open,14,4,auc_sg2_24,0.4734848484848485,0.4734848484848485,0.0
07d_B_open,14,4,auc_sg2_25,0.4690909090909091,0.4690909090909091,0.0
07d_B_open,15,0,auc_sg2_24,0.5643939393939394,0.5643939393939394,0.0
07d_B_open,15,0,auc_sg2_25,0.5709090909090909,0.5709090909090909,0.0
07d_B_open,15,1,auc_sg2_24,0.6363636363636364,0.6363636363636364,0.0
07d_B_open,15,1,auc_sg2_25,0.6509090909090909,0.6509090909090909,0.0
07d_B_open,15,2,auc_sg2_24,0.5568181818181819,0.5568181818181819,0.0
07d_B_open,15,2,auc_sg2_25,0.5745454545454546,0.5745454545454546,0.0
07d_B_open,15,3,auc_sg2_24,0.5378787878787878,0.5378787878787878,0.0
07d_B_open,15,3,auc_sg2_25,0.5490909090909091,0.5490909090909091,0.0
07d_B_open,15,4,auc_sg2_24,0.5909090909090909,0.5909090909090909,0.0
07d_B_open,15,4,auc_sg2_25,0.6072727272727273,0.6072727272727273,0.0
07d_B_open,16,0,auc_sg2_24,0.5606060606060606,0.5606060606060606,0.0
07d_B_open,16,0,auc_sg2_25,0.5636363636363636,0.5636363636363636,0.0
07d_B_open,16,1,auc_sg2_24,0.5340909090909091,0.5340909090909091,0.0
07d_B_open,16,1,auc_sg2_25,0.5418181818181818,0.5418181818181818,0.0
07d_B_open,16,2,auc_sg2_24,0.4015151515151515,0.4015151515151515,0.0
07d_B_open,16,2,auc_sg2_25,0.4109090909090909,0.4109090909090909,0.0
07d_B_open,16,3,auc_sg2_24,0.4053030303030303,0.40530303030303033,5.551115123125783e-17
07d_B_open,16,3,auc_sg2_25,0.4290909090909091,0.4290909090909091,0.0
07d_B_open,16,4,auc_sg2_24,0.5795454545454546,0.5795454545454546,0.0
07d_B_open,16,4,auc_sg2_25,0.5963636363636363,0.5963636363636363,0.0
07d_B_open,17,0,auc_sg2_24,0.571969696969697,0.571969696969697,0.0
07d_B_open,17,0,auc_sg2_25,0.5745454545454545,0.5745454545454545,0.0
07d_B_open,17,1,auc_sg2_24,0.6477272727272727,0.6477272727272727,0.0
07d_B_open,17,1,auc_sg2_25,0.6618181818181817,0.6618181818181817,0.0
07d_B_open,17,2,auc_sg2_24,0.5946969696969697,0.5946969696969697,0.0
07d_B_open,17,2,auc_sg2_25,0.6072727272727274,0.6072727272727274,0.0
07d_B_open,17,3,auc_sg2_24,0.5719696969696969,0.5719696969696969,0.0
07d_B_open,17,3,auc_sg2_25,0.589090909090909,0.589090909090909,0.0
07d_B_open,17,4,auc_sg2_24,0.5227272727272727,0.5227272727272727,0.0
07d_B_open,17,4,auc_sg2_25,0.5345454545454547,0.5345454545454547,0.0
07d_B_open,18,0,auc_sg2_24,0.5454545454545454,0.5454545454545454,0.0
07d_B_open,18,0,auc_sg2_25,0.5454545454545455,0.5454545454545455,0.0
07d_B_open,18,1,auc_sg2_24,0.4128787878787878,0.41287878787878785,5.551115123125783e-17
07d_B_open,18,1,auc_sg2_25,0.4036363636363636,0.4036363636363636,0.0
07d_B_open,18,2,auc_sg2_24,0.5757575757575757,0.5757575757575757,0.0
07d_B_open,18,2,auc_sg2_25,0.5927272727272728,0.5927272727272728,0.0
07d_B_open,18,3,auc_sg2_24,0.4431818181818182,0.44318181818181823,5.551115123125783e-17
07d_B_open,18,3,auc_sg2_25,0.4618181818181818,0.46181818181818185,5.551115123125783e-17
07d_B_open,18,4,auc_sg2_24,0.6363636363636364,0.6363636363636364,0.0
07d_B_open,18,4,auc_sg2_25,0.6509090909090909,0.6509090909090909,0.0
07d_B_open,19,0,auc_sg2_24,0.3863636363636363,0.38636363636363635,5.551115123125783e-17
07d_B_open,19,0,auc_sg2_25,0.3781818181818182,0.3781818181818182,0.0
07d_B_open,19,1,auc_sg2_24,0.625,0.625,0.0
07d_B_open,19,1,auc_sg2_25,0.6363636363636364,0.6363636363636364,0.0
07d_B_open,19,2,auc_sg2_24,0.5871212121212122,0.5871212121212122,0.0
07d_B_open,19,2,auc_sg2_25,0.6,0.6,0.0
07d_B_open,19,3,auc_sg2_24,0.5227272727272727,0.5227272727272727,0.0
07d_B_open,19,3,auc_sg2_25,0.5381818181818182,0.5381818181818182,0.0
07d_B_open,19,4,auc_sg2_24,0.6515151515151515,0.6515151515151515,0.0
07d_B_open,19,4,auc_sg2_25,0.6654545454545455,0.6654545454545455,0.0
07f_B_longblock,0,0,auc_sg2_24,0.5454545454545454,0.5454545454545454,0.0
07f_B_longblock,0,0,auc_sg2_25,0.5454545454545454,0.5454545454545454,0.0
07f_B_longblock,0,1,auc_sg2_24,0.5795454545454546,0.5795454545454546,0.0
07f_B_longblock,0,1,auc_sg2_25,0.5795454545454546,0.5795454545454546,0.0
07f_B_longblock,0,2,auc_sg2_24,0.6363636363636364,0.6363636363636364,0.0
07f_B_longblock,0,2,auc_sg2_25,0.6363636363636364,0.6363636363636364,0.0
07f_B_longblock,0,3,auc_sg2_24,0.5833333333333333,0.5833333333333333,0.0
07f_B_longblock,0,3,auc_sg2_25,0.5833333333333333,0.5833333333333333,0.0
07f_B_longblock,0,4,auc_sg2_24,0.5972222222222222,0.5972222222222222,0.0
07f_B_longblock,0,4,auc_sg2_25,0.5972222222222222,0.5972222222222222,0.0
07f_B_longblock,1,0,auc_sg2_24,0.6325757575757576,0.6325757575757576,0.0
07f_B_longblock,1,0,auc_sg2_25,0.6325757575757576,0.6325757575757576,0.0
07f_B_longblock,1,1,auc_sg2_24,0.5378787878787878,0.5378787878787878,0.0
07f_B_longblock,1,1,auc_sg2_25,0.5378787878787878,0.5378787878787878,0.0
07f_B_longblock,1,2,auc_sg2_24,0.5871212121212122,0.5871212121212122,0.0
07f_B_longblock,1,2,auc_sg2_25,0.5871212121212122,0.5871212121212122,0.0
07f_B_longblock,1,3,auc_sg2_24,0.5568181818181819,0.5568181818181819,0.0
07f_B_longblock,1,3,auc_sg2_25,0.5568181818181819,0.5568181818181819,0.0
07f_B_longblock,1,4,auc_sg2_24,0.5189393939393939,0.5189393939393939,0.0
07f_B_longblock,1,4,auc_sg2_25,0.5189393939393939,0.5189393939393939,0.0
07f_B_longblock,2,0,auc_sg2_24,0.5,0.5,0.0
07f_B_longblock,2,0,auc_sg2_25,0.5,0.5,0.0
07f_B_longblock,2,1,auc_sg2_24,0.5833333333333334,0.5833333333333334,0.0
07f_B_longblock,2,1,auc_sg2_25,0.5833333333333334,0.5833333333333334,0.0
07f_B_longblock,2,2,auc_sg2_24,0.6628787878787878,0.6628787878787878,0.0
07f_B_longblock,2,2,auc_sg2_25,0.6628787878787878,0.6628787878787878,0.0
07f_B_longblock,2,3,auc_sg2_24,0.5583333333333333,0.5583333333333333,0.0
07f_B_longblock,2,3,auc_sg2_25,0.5583333333333333,0.5583333333333333,0.0
07f_B_longblock,2,4,auc_sg2_24,0.5659722222222222,0.5659722222222222,0.0
07f_B_longblock,2,4,auc_sg2_25,0.5659722222222222,0.5659722222222222,0.0
07f_B_longblock,3,0,auc_sg2_24,0.6325757575757576,0.6325757575757576,0.0
07f_B_longblock,3,0,auc_sg2_25,0.6325757575757576,0.6325757575757576,0.0
07f_B_longblock,3,1,auc_sg2_24,0.4886363636363636,0.48863636363636365,5.551115123125783e-17
07f_B_longblock,3,1,auc_sg2_25,0.4886363636363636,0.48863636363636365,5.551115123125783e-17
07f_B_longblock,3,2,auc_sg2_24,0.5643939393939393,0.5643939393939393,0.0
07f_B_longblock,3,2,auc_sg2_25,0.5643939393939393,0.5643939393939393,0.0
07f_B_longblock,3,3,auc_sg2_24,0.6174242424242424,0.6174242424242424,0.0
07f_B_longblock,3,3,auc_sg2_25,0.6174242424242424,0.6174242424242424,0.0
07f_B_longblock,3,4,auc_sg2_24,0.7196969696969697,0.7196969696969697,0.0
07f_B_longblock,3,4,auc_sg2_25,0.7196969696969697,0.7196969696969697,0.0
07f_B_longblock,4,0,auc_sg2_24,0.4053030303030303,0.40530303030303033,5.551115123125783e-17
07f_B_longblock,4,0,auc_sg2_25,0.4053030303030303,0.40530303030303033,5.551115123125783e-17
07f_B_longblock,4,1,auc_sg2_24,0.625,0.625,0.0
07f_B_longblock,4,1,auc_sg2_25,0.625,0.625,0.0
07f_B_longblock,4,2,auc_sg2_24,0.678030303030303,0.678030303030303,0.0
07f_B_longblock,4,2,auc_sg2_25,0.678030303030303,0.678030303030303,0.0
07f_B_longblock,4,3,auc_sg2_24,0.6098484848484849,0.6098484848484849,0.0
07f_B_longblock,4,3,auc_sg2_25,0.6098484848484849,0.6098484848484849,0.0
07f_B_longblock,4,4,auc_sg2_24,0.7007575757575757,0.7007575757575757,0.0
07f_B_longblock,4,4,auc_sg2_25,0.7007575757575757,0.7007575757575757,0.0
07f_B_longblock,5,0,auc_sg2_24,0.4166666666666666,0.41666666666666663,5.551115123125783e-17
07f_B_longblock,5,0,auc_sg2_25,0.4166666666666666,0.41666666666666663,5.551115123125783e-17
07f_B_longblock,5,1,auc_sg2_24,0.4924242424242424,0.49242424242424243,5.551115123125783e-17
07f_B_longblock,5,1,auc_sg2_25,0.4924242424242424,0.49242424242424243,5.551115123125783e-17
07f_B_longblock,5,2,auc_sg2_24,0.6590909090909091,0.6590909090909091,0.0
07f_B_longblock,5,2,auc_sg2_25,0.6590909090909091,0.6590909090909091,0.0
07f_B_longblock,5,3,auc_sg2_24,0.678030303030303,0.678030303030303,0.0
07f_B_longblock,5,3,auc_sg2_25,0.678030303030303,0.678030303030303,0.0
07f_B_longblock,5,4,auc_sg2_24,0.4507575757575757,0.45075757575757575,5.551115123125783e-17
07f_B_longblock,5,4,auc_sg2_25,0.4507575757575757,0.45075757575757575,5.551115123125783e-17
07f_B_longblock,6,0,auc_sg2_24,0.5530303030303031,0.5530303030303031,0.0
07f_B_longblock,6,0,auc_sg2_25,0.5530303030303031,0.5530303030303031,0.0
07f_B_longblock,6,1,auc_sg2_24,0.5757575757575758,0.5757575757575758,0.0
07f_B_longblock,6,1,auc_sg2_25,0.5757575757575758,0.5757575757575758,0.0
07f_B_longblock,6,2,auc_sg2_24,0.6136363636363636,0.6136363636363636,0.0
07f_B_longblock,6,2,auc_sg2_25,0.6136363636363636,0.6136363636363636,0.0
07f_B_longblock,6,3,auc_sg2_24,0.5643939393939394,0.5643939393939394,0.0
07f_B_longblock,6,3,auc_sg2_25,0.5643939393939394,0.5643939393939394,0.0
07f_B_longblock,6,4,auc_sg2_24,0.6060606060606061,0.6060606060606061,0.0
07f_B_longblock,6,4,auc_sg2_25,0.6060606060606061,0.6060606060606061,0.0
07f_B_longblock,7,0,auc_sg2_24,0.446969696969697,0.446969696969697,0.0
07f_B_longblock,7,0,auc_sg2_25,0.446969696969697,0.446969696969697,0.0
07f_B_longblock,7,1,auc_sg2_24,0.6628787878787878,0.6628787878787878,0.0
07f_B_longblock,7,1,auc_sg2_25,0.6628787878787878,0.6628787878787878,0.0
07f_B_longblock,7,2,auc_sg2_24,0.5416666666666667,0.5416666666666667,0.0
07f_B_longblock,7,2,auc_sg2_25,0.5416666666666667,0.5416666666666667,0.0
07f_B_longblock,7,3,auc_sg2_24,0.5492424242424242,0.5492424242424242,0.0
07f_B_longblock,7,3,auc_sg2_25,0.5492424242424242,0.5492424242424242,0.0
07f_B_longblock,7,4,auc_sg2_24,0.6022727272727273,0.6022727272727273,0.0
07f_B_longblock,7,4,auc_sg2_25,0.6022727272727273,0.6022727272727273,0.0
07f_B_longblock,8,0,auc_sg2_24,0.5681818181818182,0.5681818181818182,0.0
07f_B_longblock,8,0,auc_sg2_25,0.5681818181818182,0.5681818181818182,0.0
07f_B_longblock,8,1,auc_sg2_24,0.5606060606060606,0.5606060606060606,0.0
07f_B_longblock,8,1,auc_sg2_25,0.5606060606060606,0.5606060606060606,0.0
07f_B_longblock,8,2,auc_sg2_24,0.6477272727272727,0.6477272727272727,0.0
07f_B_longblock,8,2,auc_sg2_25,0.6477272727272727,0.6477272727272727,0.0
07f_B_longblock,8,3,auc_sg2_24,0.6212121212121212,0.6212121212121212,0.0
07f_B_longblock,8,3,auc_sg2_25,0.6212121212121212,0.6212121212121212,0.0
07f_B_longblock,8,4,auc_sg2_24,0.5303030303030303,0.5303030303030303,0.0
07f_B_longblock,8,4,auc_sg2_25,0.5303030303030303,0.5303030303030303,0.0
07f_B_longblock,9,0,auc_sg2_24,0.5833333333333333,0.5833333333333333,0.0
07f_B_longblock,9,0,auc_sg2_25,0.5833333333333333,0.5833333333333333,0.0
07f_B_longblock,9,1,auc_sg2_24,0.6666666666666666,0.6666666666666666,0.0
07f_B_longblock,9,1,auc_sg2_25,0.6666666666666666,0.6666666666666666,0.0
07f_B_longblock,9,2,auc_sg2_24,0.6401515151515151,0.6401515151515151,0.0
07f_B_longblock,9,2,auc_sg2_25,0.6401515151515151,0.6401515151515151,0.0
07f_B_longblock,9,3,auc_sg2_24,0.5909090909090909,0.5909090909090909,0.0
07f_B_longblock,9,3,auc_sg2_25,0.5909090909090909,0.5909090909090909,0.0
07f_B_longblock,9,4,auc_sg2_24,0.5871212121212122,0.5871212121212122,0.0
07f_B_longblock,9,4,auc_sg2_25,0.5871212121212122,0.5871212121212122,0.0
07f_B_longblock,10,0,auc_sg2_24,0.4204545454545454,0.42045454545454547,5.551115123125783e-17
07f_B_longblock,10,0,auc_sg2_25,0.4204545454545454,0.42045454545454547,5.551115123125783e-17
07f_B_longblock,10,1,auc_sg2_24,0.4015151515151515,0.4015151515151515,0.0
07f_B_longblock,10,1,auc_sg2_25,0.4015151515151515,0.4015151515151515,0.0
07f_B_longblock,10,2,auc_sg2_24,0.6174242424242424,0.6174242424242424,0.0
07f_B_longblock,10,2,auc_sg2_25,0.6174242424242424,0.6174242424242424,0.0
07f_B_longblock,10,3,auc_sg2_24,0.625,0.625,0.0
07f_B_longblock,10,3,auc_sg2_25,0.625,0.625,0.0
07f_B_longblock,10,4,auc_sg2_24,0.5189393939393939,0.5189393939393939,0.0
07f_B_longblock,10,4,auc_sg2_25,0.5189393939393939,0.5189393939393939,0.0
07f_B_longblock,11,0,auc_sg2_24,0.5643939393939393,0.5643939393939393,0.0
07f_B_longblock,11,0,auc_sg2_25,0.5643939393939393,0.5643939393939393,0.0
07f_B_longblock,11,1,auc_sg2_24,0.6174242424242424,0.6174242424242424,0.0
07f_B_longblock,11,1,auc_sg2_25,0.6174242424242424,0.6174242424242424,0.0
07f_B_longblock,11,2,auc_sg2_24,0.6174242424242424,0.6174242424242424,0.0
07f_B_longblock,11,2,auc_sg2_25,0.6174242424242424,0.6174242424242424,0.0
07f_B_longblock,11,3,auc_sg2_24,0.6022727272727273,0.6022727272727273,0.0
07f_B_longblock,11,3,auc_sg2_25,0.6022727272727273,0.6022727272727273,0.0
07f_B_longblock,11,4,auc_sg2_24,0.6515151515151516,0.6515151515151516,0.0
07f_B_longblock,11,4,auc_sg2_25,0.6515151515151516,0.6515151515151516,0.0
07f_B_longblock,12,0,auc_sg2_24,0.5037878787878788,0.5037878787878788,0.0
07f_B_longblock,12,0,auc_sg2_25,0.5037878787878788,0.5037878787878788,0.0
07f_B_longblock,12,1,auc_sg2_24,0.5378787878787878,0.5378787878787878,0.0
07f_B_longblock,12,1,auc_sg2_25,0.5378787878787878,0.5378787878787878,0.0
07f_B_longblock,12,2,auc_sg2_24,0.7386363636363636,0.7386363636363636,0.0
07f_B_longblock,12,2,auc_sg2_25,0.7386363636363636,0.7386363636363636,0.0
07f_B_longblock,12,3,auc_sg2_24,0.6325757575757576,0.6325757575757576,0.0
07f_B_longblock,12,3,auc_sg2_25,0.6325757575757576,0.6325757575757576,0.0
07f_B_longblock,12,4,auc_sg2_24,0.75,0.75,0.0
07f_B_longblock,12,4,auc_sg2_25,0.75,0.75,0.0
07f_B_longblock,13,0,auc_sg2_24,0.5984848484848485,0.5984848484848485,0.0
07f_B_longblock,13,0,auc_sg2_25,0.5984848484848485,0.5984848484848485,0.0
07f_B_longblock,13,1,auc_sg2_24,0.5681818181818182,0.5681818181818182,0.0
07f_B_longblock,13,1,auc_sg2_25,0.5681818181818182,0.5681818181818182,0.0
07f_B_longblock,13,2,auc_sg2_24,0.6856060606060606,0.6856060606060606,0.0
07f_B_longblock,13,2,auc_sg2_25,0.6856060606060606,0.6856060606060606,0.0
07f_B_longblock,13,3,auc_sg2_24,0.6401515151515151,0.6401515151515151,0.0
07f_B_longblock,13,3,auc_sg2_25,0.6401515151515151,0.6401515151515151,0.0
07f_B_longblock,13,4,auc_sg2_24,0.6553030303030303,0.6553030303030303,0.0
07f_B_longblock,13,4,auc_sg2_25,0.6553030303030303,0.6553030303030303,0.0
07f_B_longblock,14,0,auc_sg2_24,0.6287878787878788,0.6287878787878788,0.0
07f_B_longblock,14,0,auc_sg2_25,0.6287878787878788,0.6287878787878788,0.0
07f_B_longblock,14,1,auc_sg2_24,0.5151515151515151,0.5151515151515151,0.0
07f_B_longblock,14,1,auc_sg2_25,0.5151515151515151,0.5151515151515151,0.0
07f_B_longblock,14,2,auc_sg2_24,0.75,0.75,0.0
07f_B_longblock,14,2,auc_sg2_25,0.75,0.75,0.0
07f_B_longblock,14,3,auc_sg2_24,0.5568181818181819,0.5568181818181819,0.0
07f_B_longblock,14,3,auc_sg2_25,0.5568181818181819,0.5568181818181819,0.0
07f_B_longblock,14,4,auc_sg2_24,0.5757575757575758,0.5757575757575758,0.0
07f_B_longblock,14,4,auc_sg2_25,0.5757575757575758,0.5757575757575758,0.0
07f_B_longblock,15,0,auc_sg2_24,0.5681818181818182,0.5681818181818182,0.0
07f_B_longblock,15,0,auc_sg2_25,0.5681818181818182,0.5681818181818182,0.0
07f_B_longblock,15,1,auc_sg2_24,0.5492424242424243,0.5492424242424243,0.0
07f_B_longblock,15,1,auc_sg2_25,0.5492424242424243,0.5492424242424243,0.0
07f_B_longblock,15,2,auc_sg2_24,0.625,0.625,0.0
07f_B_longblock,15,2,auc_sg2_25,0.625,0.625,0.0
07f_B_longblock,15,3,auc_sg2_24,0.5719696969696969,0.5719696969696969,0.0
07f_B_longblock,15,3,auc_sg2_25,0.5719696969696969,0.5719696969696969,0.0
07f_B_longblock,15,4,auc_sg2_24,0.6287878787878788,0.6287878787878788,0.0
07f_B_longblock,15,4,auc_sg2_25,0.6287878787878788,0.6287878787878788,0.0
07f_B_longblock,16,0,auc_sg2_24,0.4886363636363636,0.48863636363636365,5.551115123125783e-17
07f_B_longblock,16,0,auc_sg2_25,0.4886363636363636,0.48863636363636365,5.551115123125783e-17
07f_B_longblock,16,1,auc_sg2_24,0.4772727272727273,0.4772727272727273,0.0
07f_B_longblock,16,1,auc_sg2_25,0.4772727272727273,0.4772727272727273,0.0
07f_B_longblock,16,2,auc_sg2_24,0.5151515151515151,0.5151515151515151,0.0
07f_B_longblock,16,2,auc_sg2_25,0.5151515151515151,0.5151515151515151,0.0
07f_B_longblock,16,3,auc_sg2_24,0.6212121212121212,0.6212121212121212,0.0
07f_B_longblock,16,3,auc_sg2_25,0.6212121212121212,0.6212121212121212,0.0
07f_B_longblock,16,4,auc_sg2_24,0.5833333333333334,0.5833333333333334,0.0
07f_B_longblock,16,4,auc_sg2_25,0.5833333333333334,0.5833333333333334,0.0
07f_B_longblock,17,0,auc_sg2_24,0.3901515151515151,0.39015151515151514,5.551115123125783e-17
07f_B_longblock,17,0,auc_sg2_25,0.3901515151515151,0.39015151515151514,5.551115123125783e-17
07f_B_longblock,17,1,auc_sg2_24,0.6325757575757576,0.6325757575757576,0.0
07f_B_longblock,17,1,auc_sg2_25,0.6325757575757576,0.6325757575757576,0.0
07f_B_longblock,17,2,auc_sg2_24,0.5643939393939394,0.5643939393939394,0.0
07f_B_longblock,17,2,auc_sg2_25,0.5643939393939394,0.5643939393939394,0.0
07f_B_longblock,17,3,auc_sg2_24,0.7007575757575757,0.7007575757575757,0.0
07f_B_longblock,17,3,auc_sg2_25,0.7007575757575757,0.7007575757575757,0.0
07f_B_longblock,17,4,auc_sg2_24,0.5151515151515151,0.5151515151515151,0.0
07f_B_longblock,17,4,auc_sg2_25,0.5151515151515151,0.5151515151515151,0.0
07f_B_longblock,18,0,auc_sg2_24,0.5265151515151516,0.5265151515151516,0.0
07f_B_longblock,18,0,auc_sg2_25,0.5265151515151516,0.5265151515151516,0.0
07f_B_longblock,18,1,auc_sg2_24,0.5984848484848485,0.5984848484848485,0.0
07f_B_longblock,18,1,auc_sg2_25,0.5984848484848485,0.5984848484848485,0.0
07f_B_longblock,18,2,auc_sg2_24,0.5833333333333334,0.5833333333333334,0.0
07f_B_longblock,18,2,auc_sg2_25,0.5833333333333334,0.5833333333333334,0.0
07f_B_longblock,18,3,auc_sg2_24,0.5833333333333333,0.5833333333333333,0.0
07f_B_longblock,18,3,auc_sg2_25,0.5833333333333333,0.5833333333333333,0.0
07f_B_longblock,18,4,auc_sg2_24,0.6325757575757576,0.6325757575757576,0.0
07f_B_longblock,18,4,auc_sg2_25,0.6325757575757576,0.6325757575757576,0.0
07f_B_longblock,19,0,auc_sg2_24,0.4242424242424242,0.42424242424242425,5.551115123125783e-17
07f_B_longblock,19,0,auc_sg2_25,0.4242424242424242,0.42424242424242425,5.551115123125783e-17
07f_B_longblock,19,1,auc_sg2_24,0.5757575757575757,0.5757575757575757,0.0
07f_B_longblock,19,1,auc_sg2_25,0.5757575757575757,0.5757575757575757,0.0
07f_B_longblock,19,2,auc_sg2_24,0.5606060606060607,0.5606060606060607,0.0
07f_B_longblock,19,2,auc_sg2_25,0.5606060606060607,0.5606060606060607,0.0
07f_B_longblock,19,3,auc_sg2_24,0.6628787878787878,0.6628787878787878,0.0
07f_B_longblock,19,3,auc_sg2_25,0.6628787878787878,0.6628787878787878,0.0
07f_B_longblock,19,4,auc_sg2_24,0.5227272727272727,0.5227272727272727,0.0
07f_B_longblock,19,4,auc_sg2_25,0.5227272727272727,0.5227272727272727,0.0
