kind,set,n_pos,n_neg,auc_stored,auc_meanscore,ci_low,ci_high,boot_sd,n_folds,skipped_fold_evals,auc_excl_atypical_22
kaynak,07_A_log_abs,45,55,0.7542626262626262,0.7709090909090909,0.6715050505050506,0.8602020202020202,0.04745901226404795,,,
kaynak,07_B_relative,45,55,0.734,0.8004040404040403,0.7058585858585859,0.8864747474747473,0.04574998478694045,,,
kaynak,07a_closed,45,55,0.6446262626262627,0.7094949494949495,0.6036262626262626,0.8093232323232322,0.05303884388121181,,,
kaynak,07a_open,45,55,0.708969696969697,0.7668686868686868,0.6686767676767678,0.8589999999999999,0.04857864124540184,,,
kaynak,07b_closed_noC,45,55,0.5820606060606061,0.6092929292929292,0.4949191919191919,0.7248585858585858,0.058232708798917225,,,
kaynak,07e_longblock,45,55,0.7455151515151516,0.7806060606060606,0.6852222222222222,0.8674949494949494,0.046424117140554444,,,
transfer,07c_B_closed,24,55,0.5687367424242425,,0.4394017617230139,0.688342697426672,0.06359751604227003,100.0,0.0,0.5433202479338842
transfer,07d_A_all,24,55,0.5486104797979798,,0.43888206814877556,0.6617510454219322,0.05870140112236334,100.0,0.0,0.5663856749311295
transfer,07d_B_all,24,55,0.5893295454545453,,0.47528568023751855,0.7024016230884556,0.05820147261957134,100.0,0.0,0.5645668044077135
transfer,07d_B_open,24,55,0.5526218434343434,,0.4462968831285709,0.6603554585324803,0.05580375761781693,100.0,0.0,0.5344607438016529
transfer,07f_B_longblock,24,55,0.5817228535353535,,0.46258215651920787,0.7037956881885978,0.060660914033684524,100.0,0.0,0.5611411845730027
