test,script,n_perm,reps_observed,reps_null_per_perm,seed_observed,seed_null,n_common_seeds,seeds_same,per_repeat_observed_saved,observed_original,p_original,alpha,decision_original,observed_matched,p_matched,decision_matched,same_decision,reason_not_computed
03(a) sg vs sg2,03_batch_negcontrol_v1_2026-10-01.py,1000,20,5,SEED + r,SEED + 100000 + 50*i + r,0,False,False,0.6293518518518517,0.052947052947052944,0.025,p >= alpha,,,not computed,n/a,"CV seeds differ: observed SEED + r (r = 0..19), null SEED + 100000 + 50*i + r; 0 common seeds; per-repeat observed values not saved (only the mean and percentiles)"
03(b) transfer,03_batch_negcontrol_v1_2026-10-01.py,1000,20,5,SEED + r,SEED + 200000 + 50*i + r,0,False,True,0.436268315018315,0.7712287712287712,0.025,p >= alpha,,,not computed,n/a,"CV seeds differ: observed SEED + r (r = 0..19), null SEED + 200000 + 50*i + r; 0 common seeds"
04-B N1 RF,04b_leakage_v1_2026-10-01.py,200,10,1,SEED + r,SEED + 500000 + i,0,False,True,0.8699748847167326,0.004975124378109453,0.05,p < alpha,,,not computed,n/a,"CV seeds differ: observed SEED + r (r = 0..9), null SEED + 500000 + i; 0 common seeds"
04-B N1 SVM,04b_leakage_v1_2026-10-01.py,200,10,1,SEED + r,SEED + 500000 + i,0,False,True,0.8548295454545455,0.004975124378109453,0.05,p < alpha,,,not computed,n/a,"CV seeds differ: observed SEED + r (r = 0..9), null SEED + 500000 + i; 0 common seeds"
04-B P SVM,04b_leakage_v1_2026-10-01.py,200,20,5,SEED + r,SEED + 700000 + 50*i + r,0,False,True,0.6581192358366271,0.009950248756218905,0.05,p < alpha,,,not computed,n/a,"CV seeds differ: observed SEED + r (r = 0..19), null SEED + 700000 + 50*i + r; 0 common seeds"
07 A,07_amplitude_decomp_v1_2026-10-02.py,200,20,5,SEED + r,SEED + 700000 + 50*i + r,0,False,True,0.7542626262626262,0.004975124378109453,0.05,p < alpha,,,not computed,n/a,"CV seeds differ: observed SEED + r (r = 0..19), null SEED + 700000 + 50*i + r; 0 common seeds"
07 B,07_amplitude_decomp_v1_2026-10-02.py,200,20,5,SEED + r,SEED + 700000 + 50*i + r,0,False,True,0.734,0.004975124378109453,0.05,p < alpha,,,not computed,n/a,"CV seeds differ: observed SEED + r (r = 0..19), null SEED + 700000 + 50*i + r; 0 common seeds"
07a closed,07abc_source_decomp_v1_2026-10-02.py,200,20,5,SEED + r,SEED + 700000 + 50*i + r,0,False,True,0.6446262626262627,0.014925373134328358,0.05,p < alpha,,,not computed,n/a,"CV seeds differ: observed SEED + r (r = 0..19), null SEED + 700000 + 50*i + r; 0 common seeds"
07a open,07abc_source_decomp_v1_2026-10-02.py,200,20,5,SEED + r,SEED + 700000 + 50*i + r,0,False,True,0.708969696969697,0.004975124378109453,0.05,p < alpha,,,not computed,n/a,"CV seeds differ: observed SEED + r (r = 0..19), null SEED + 700000 + 50*i + r; 0 common seeds"
07b,07abc_source_decomp_v1_2026-10-02.py,200,20,5,SEED + r,SEED + 700000 + 50*i + r,0,False,True,0.5820606060606061,0.04975124378109453,0.05,p < alpha,,,not computed,n/a,"CV seeds differ: observed SEED + r (r = 0..19), null SEED + 700000 + 50*i + r; 0 common seeds"
07c,07abc_source_decomp_v1_2026-10-02.py,200,20,5,SEED + r,SEED + 700000 + 50*i + r,0,False,True,0.5687367424242424,0.263681592039801,0.05,p >= alpha,,,not computed,n/a,"CV seeds differ: observed SEED + r (r = 0..19), null SEED + 700000 + 50*i + r; 0 common seeds"
07d A all,07de_transfer_longblock_v1_2026-10-02.py,200,20,5,SEED + r,SEED + 700000 + 50*i + r,0,False,True,0.5486104797979798,0.22388059701492538,0.05,p >= alpha,,,not computed,n/a,"CV seeds differ: observed SEED + r (r = 0..19), null SEED + 700000 + 50*i + r; 0 common seeds"
07d B all,07de_transfer_longblock_v1_2026-10-02.py,200,20,5,SEED + r,SEED + 700000 + 50*i + r,0,False,True,0.5893295454545455,0.19402985074626866,0.05,p >= alpha,,,not computed,n/a,"CV seeds differ: observed SEED + r (r = 0..19), null SEED + 700000 + 50*i + r; 0 common seeds"
07d B open,07de_transfer_longblock_v1_2026-10-02.py,200,20,5,SEED + r,SEED + 700000 + 50*i + r,0,False,True,0.5526218434343435,0.2885572139303483,0.05,p >= alpha,,,not computed,n/a,"CV seeds differ: observed SEED + r (r = 0..19), null SEED + 700000 + 50*i + r; 0 common seeds"
07e,07de_transfer_longblock_v1_2026-10-02.py,200,20,5,SEED + r,SEED + 700000 + 50*i + r,0,False,True,0.7455151515151516,0.004975124378109453,0.05,p < alpha,,,not computed,n/a,"CV seeds differ: observed SEED + r (r = 0..19), null SEED + 700000 + 50*i + r; 0 common seeds"
07f,07f_longblock_transfer_v1_2026-10-02.py,200,20,5,SEED + r,SEED + 700000 + 50*i + r,0,False,True,0.5817228535353535,0.1044776119402985,0.05,p >= alpha,,,not computed,n/a,"CV seeds differ: observed SEED + r (r = 0..19), null SEED + 700000 + 50*i + r; 0 common seeds"
