test,comparison,N,observed,alpha,threshold_percentile,orig_null_mean,orig_threshold,orig_p,orig_k,orig_decision,validation_max_abs_diff,validation_ok,cpu_seconds,matched_null_mean,matched_null_sd,orig_null_sd,matched_threshold,matched_p,matched_k,matched_decision,decision_changed,result,wall_hours_total
03(a),sg vs sg2 (ROI features),1000,0.6293518518518517,0.025,97.5,0.4976538888888889,0.6513425925925926,0.052947052947052944,52,p >= alpha,0.0,True,68153.7299516201,0.498515462962963,0.07345647327412039,0.07701635328711827,0.6463946759259259,0.04195804195804196,41,p >= alpha,False,ok,1.8490919711854723
07 A,sg vs cg,200,0.7542626262626262,0.05,95.0,0.4793430303030303,0.5747070707070706,0.004975124378109453,0,p < alpha,0.0,True,27659.21473455429,0.4812692929292929,0.05117586041701703,0.05400225079206088,0.5665161616161615,0.004975124378109453,0,p < alpha,False,ok,1.8490919711854723
07 B,sg vs cg,200,0.734,0.05,95.0,0.4786226262626262,0.5775232323232322,0.004975124378109453,0,p < alpha,0.0,True,28268.447647333145,0.4788760606060605,0.05658653606749722,0.057100996700062946,0.5860444444444445,0.004975124378109453,0,p < alpha,False,ok,1.8490919711854723
07a closed,sg vs cg,200,0.6446262626262627,0.05,95.0,0.4773353535353536,0.571761616161616,0.014925373134328358,2,p < alpha,0.0,True,15535.011793375015,0.4799621212121212,0.05208758463237217,0.05404981159638263,0.5677575757575757,0.004975124378109453,0,p < alpha,False,ok,1.8490919711854723
07a open,sg vs cg,200,0.708969696969697,0.05,95.0,0.4852476767676767,0.5795151515151515,0.004975124378109453,0,p < alpha,0.0,True,15536.612187862396,0.4851459595959595,0.052054495276112514,0.05375582275540942,0.5786959595959595,0.004975124378109453,0,p < alpha,False,ok,1.8490919711854723
07b,sg vs cg,200,0.582060606060606,0.05,95.0,0.4786561616161616,0.5781777777777777,0.04975124378109453,9,p < alpha,0.0,True,14399.869008302689,0.48046747474747475,0.05373677985713534,0.05619069779419457,0.5812373737373737,0.05472636815920398,10,p >= alpha,True,ok,1.8490919711854723
07e,sg vs cg,200,0.7455151515151516,0.05,95.0,0.4782860606060606,0.5720565656565656,0.004975124378109453,0,p < alpha,0.0,True,27553.137969732285,0.4788377777777778,0.05175394848941349,0.05336337447175913,0.569340404040404,0.004975124378109453,0,p < alpha,False,ok,1.8490919711854723
07c,held-out cg vs sg2 (transfer),200,0.5687367424242424,0.05,95.0,0.5079611994949496,0.6382651515151515,0.263681592039801,52,p >= alpha,0.0,True,15742.374193429947,0.5079408806818182,0.07747734314976347,0.07922783610621081,0.6367014204545456,0.24875621890547264,49,p >= alpha,False,ok,1.8490919711854723
07d A all,held-out cg vs sg2 (transfer),200,0.5486104797979798,0.05,95.0,0.503149797979798,0.5856363636363637,0.22388059701492538,44,p >= alpha,0.0,True,27893.02588868141,0.5036028472222221,0.050288773845121156,0.05321524768803551,0.5836060606060607,0.208955223880597,41,p >= alpha,False,ok,1.8490919711854723
07d B all,held-out cg vs sg2 (transfer),200,0.5893295454545455,0.05,95.0,0.510373244949495,0.6326590909090909,0.19402985074626866,38,p >= alpha,0.0,True,28614.161937236786,0.5113551452020202,0.08089983840664791,0.08179730031765303,0.6321193181818181,0.19900497512437812,39,p >= alpha,False,ok,1.8490919711854723
07d B open,held-out cg vs sg2 (transfer),200,0.5526218434343434,0.05,95.0,0.508193547979798,0.6207727272727273,0.2885572139303483,57,p >= alpha,0.0,True,15687.428198337555,0.5086207070707071,0.06796182312119078,0.06792466498299678,0.6147326704545455,0.2935323383084577,58,p >= alpha,False,ok,1.8490919711854723
07f,held-out cg vs sg2 (transfer),200,0.5817228535353535,0.05,95.0,0.5043356313131313,0.6010606060606062,0.1044776119402985,20,p >= alpha,0.0,True,27848.116778612137,0.5038823295454545,0.06280397426687215,0.06357041574160704,0.5994166666666666,0.11442786069651742,22,p >= alpha,False,ok,1.8490919711854723
